target_id,target_name,target_type,latitude_deg,longitude_deg,priority,release_step,deadline_step,duration,required_mode,required_resolution_m,required_swath_km,min_sun_elevation_deg,energy_cost,original_data_mb,compression_ratio,cooperation_mode,required_observers,max_coordination_gap_steps,observation_duration_seconds,area_width_km,area_height_km,area_orientation_deg,coverage_threshold
train_002702,Train-Target-002702,area,36.58046475,7.28203957,7,69,122,1,optical,9.5520,24.8386,8.0,6.5996,76.4758,0.396700,auto,0,120,20.0,106.8446,58.2178,249.8096,0.95
train_001529,Train-Target-001529,area,-66.20556406,-147.55767730,1,42,199,1,optical,4.6621,63.9191,8.0,5.4959,83.1825,0.398701,auto,0,120,20.0,163.0124,264.3095,102.5103,0.95
train_002109,Train-Target-002109,area,-16.14967874,131.60353688,8,60,138,1,optical,3.2682,44.3068,8.0,7.8662,37.1178,0.257850,auto,0,120,20.0,292.4977,227.4700,24.1904,0.95
train_002760,Train-Target-002760,point,28.18334620,-40.27618425,4,68,131,1,optical,8.7515,39.9814,8.0,7.1619,41.7517,0.264343,single,1,120,5.0,,,,
train_002028,Train-Target-002028,area,20.46160688,159.57970073,6,97,155,1,optical,9.7716,24.9222,8.0,4.5469,37.6653,0.350785,auto,0,120,20.0,135.6294,123.5262,294.1039,0.95
train_002601,Train-Target-002601,area,78.46902666,166.65189211,2,70,139,1,optical,7.8733,57.1684,8.0,7.0530,53.8610,0.276420,auto,0,120,20.0,125.2399,53.0047,121.2160,0.95
train_000781,Train-Target-000781,point,-17.87738791,-167.81395065,5,62,220,1,infrared,18.4410,130.7051,-90.0,8.1953,65.4983,0.254569,single,1,120,5.0,,,,
train_002644,Train-Target-002644,area,-5.44479643,-40.47545568,5,111,209,1,optical,6.1086,20.4937,8.0,6.3158,42.0701,0.187310,auto,0,120,20.0,74.0572,54.7820,185.8795,0.95
train_001588,Train-Target-001588,area,-26.36444449,-170.99376724,5,49,95,1,optical,7.0639,42.0481,8.0,4.8633,24.6672,0.425094,auto,0,120,20.0,193.5179,212.2430,56.6305,0.95
train_002525,Train-Target-002525,area,8.96782908,-103.15923418,1,83,195,1,optical,8.8327,57.9018,8.0,4.5554,41.5670,0.251929,auto,0,120,20.0,130.9751,110.8499,310.5688,0.95
train_002964,Train-Target-002964,area,-21.22783533,-93.17090840,7,7,62,1,optical,4.0516,52.5995,8.0,4.6340,30.3008,0.239073,auto,0,120,20.0,231.9163,141.1223,226.8518,0.95
train_000307,Train-Target-000307,point,40.88228891,-5.87491221,3,62,199,1,sar,10.5970,58.6550,-90.0,6.7421,79.1339,0.446832,single,1,120,5.0,,,,
train_000177,Train-Target-000177,area,27.74288618,-164.61157220,3,53,159,1,optical,4.3553,16.9954,8.0,5.6108,58.1508,0.389652,auto,0,120,20.0,32.6249,15.8580,157.9108,0.95
train_001380,Train-Target-001380,area,-29.53744798,-122.22505790,4,68,193,1,sar,13.2557,55.8028,-90.0,6.4905,78.1720,0.260338,auto,0,120,20.0,32.3016,46.9567,106.9839,0.95
train_000335,Train-Target-000335,area,2.51674335,-36.09221722,10,135,233,1,sar,14.7911,100.3592,-90.0,6.7253,88.0080,0.203449,auto,0,120,20.0,26.0332,20.1417,131.9564,0.95
train_001763,Train-Target-001763,area,4.70963284,-81.22111298,6,40,131,1,optical,5.0407,29.0020,8.0,6.5416,31.7140,0.313671,auto,0,120,20.0,167.1449,241.1399,147.7360,0.95
train_002415,Train-Target-002415,area,18.37678491,-135.77310110,7,54,95,1,optical,4.8894,14.9131,8.0,5.9492,66.4574,0.378262,auto,0,120,20.0,100.0157,90.7941,118.5698,0.95
train_001696,Train-Target-001696,area,66.40408078,5.86616189,2,100,235,1,optical,3.6957,42.6202,8.0,8.2833,79.0811,0.228108,auto,0,120,20.0,38.4112,13.9221,70.9766,0.95
train_000257,Train-Target-000257,area,-47.93891557,146.27363737,8,98,194,1,optical,3.5059,35.5536,8.0,8.1340,61.9811,0.359641,auto,0,120,20.0,41.2116,38.9420,25.7245,0.95
train_001055,Train-Target-001055,area,37.33455163,37.76557053,1,111,227,1,optical,5.9759,57.2005,8.0,7.4565,40.5332,0.279430,auto,0,120,20.0,112.9254,94.8052,0.1993,0.95
train_002296,Train-Target-002296,area,4.27706504,162.10782486,6,177,229,1,optical,8.5869,41.2515,8.0,5.6519,75.4832,0.440466,auto,0,120,20.0,226.4242,185.8342,203.3480,0.95
train_000266,Train-Target-000266,area,-5.66648232,-171.54781660,2,5,147,1,sar,16.5174,86.7937,-90.0,8.1089,33.4071,0.214066,auto,0,120,20.0,43.9919,41.3995,179.8767,0.95
train_002683,Train-Target-002683,area,-18.05594459,167.94911802,2,38,195,1,optical,7.9355,64.6792,8.0,7.9343,31.9680,0.335836,auto,0,120,20.0,231.0282,167.4758,58.9445,0.95
train_001049,Train-Target-001049,area,-9.36332505,-82.88603436,1,33,92,1,optical,7.6897,30.0443,8.0,7.9198,81.6954,0.317721,auto,0,120,20.0,96.9109,138.2766,268.3045,0.95
train_001327,Train-Target-001327,area,47.49654836,-17.00183078,2,73,207,1,optical,4.4097,40.8399,8.0,5.3947,43.9163,0.203562,auto,0,120,20.0,32.6738,45.0826,7.3999,0.95
train_001722,Train-Target-001722,area,45.05486367,66.43842983,8,37,129,1,optical,9.4344,42.1128,8.0,5.9458,37.9128,0.389443,auto,0,120,20.0,67.4403,89.3721,119.7233,0.95
train_002111,Train-Target-002111,area,-2.22958725,152.49389912,8,90,231,1,optical,6.8161,30.7847,8.0,7.0779,46.4033,0.358762,auto,0,120,20.0,277.2367,146.5740,301.2469,0.95
train_000955,Train-Target-000955,point,39.28560789,-178.24516896,9,22,148,1,optical,3.2902,64.4456,8.0,6.8526,29.3382,0.418163,single,1,120,5.0,,,,
train_000694,Train-Target-000694,area,-41.03383193,19.89026123,4,86,191,1,sar,21.7432,63.1288,-90.0,4.5636,46.3375,0.312826,auto,0,120,20.0,235.6309,166.3896,264.0277,0.95
train_000629,Train-Target-000629,area,44.32701569,33.32658174,3,39,170,1,optical,2.6353,55.5334,8.0,5.1446,22.6715,0.295936,auto,0,120,20.0,117.8023,76.9563,331.9534,0.95
train_001909,Train-Target-001909,area,-13.44762895,-117.76825606,7,85,223,1,optical,7.9649,42.9535,8.0,6.8169,73.5477,0.407053,auto,0,120,20.0,18.1293,25.3231,94.5788,0.95
train_000457,Train-Target-000457,point,-11.40170385,-76.01302827,6,20,155,1,optical,6.2911,24.0499,8.0,7.5064,79.4216,0.279627,single,1,120,5.0,,,,
train_000343,Train-Target-000343,area,-20.18124835,149.17194441,7,183,233,1,optical,8.6071,10.1746,8.0,6.2443,64.6381,0.232615,auto,0,120,20.0,283.0542,183.5793,148.2252,0.95
train_000070,Train-Target-000070,area,21.93055640,-73.30420362,6,65,189,1,sar,20.0789,105.9957,-90.0,4.8520,32.4262,0.323807,auto,0,120,20.0,245.5536,280.2924,323.7569,0.95
train_001512,Train-Target-001512,point,-39.35251499,-23.88098187,1,71,207,1,optical,6.1145,47.8835,8.0,7.1114,78.3591,0.299166,single,1,120,5.0,,,,
train_002667,Train-Target-002667,area,-44.78350346,47.38180822,1,86,205,1,optical,8.7842,53.5926,8.0,6.9271,75.7427,0.376228,auto,0,120,20.0,76.1816,76.2471,250.0765,0.95
train_001956,Train-Target-001956,area,-61.52450503,-79.70426672,5,11,110,1,optical,9.7234,52.5402,8.0,7.8824,73.1395,0.388174,auto,0,120,20.0,32.1144,49.7087,135.9198,0.95
train_000905,Train-Target-000905,area,50.70085286,20.35616802,4,7,161,1,sar,18.5593,26.1257,-90.0,5.5761,63.7629,0.199360,auto,0,120,20.0,76.4253,98.8273,11.1156,0.95
train_001630,Train-Target-001630,area,-77.07767540,138.32975800,7,129,231,1,optical,7.5003,51.9045,8.0,4.6053,29.8585,0.292361,auto,0,120,20.0,93.3065,62.3556,217.0514,0.95
train_002325,Train-Target-002325,area,9.84613914,173.91477428,10,0,76,1,optical,3.7705,31.6475,8.0,5.4914,44.1951,0.444367,auto,0,120,20.0,46.2724,32.3217,137.8660,0.95
train_001525,Train-Target-001525,point,7.79224639,-129.75221470,3,36,88,1,optical,7.7043,32.9068,8.0,6.7118,77.1884,0.276385,single,1,120,5.0,,,,
train_001954,Train-Target-001954,area,-16.70964254,-97.09556577,10,26,102,1,optical,8.3497,64.1326,8.0,7.5428,61.2487,0.230622,auto,0,120,20.0,110.2679,99.9735,151.7116,0.95
train_002236,Train-Target-002236,area,12.95803653,-142.45946027,8,10,74,1,optical,7.6362,14.6770,8.0,7.8526,28.4345,0.262646,auto,0,120,20.0,25.4842,14.6733,308.3267,0.95
train_001691,Train-Target-001691,area,-21.72426511,-126.17025939,10,18,126,1,optical,4.5369,34.2336,8.0,7.7994,76.1089,0.435402,auto,0,120,20.0,191.1080,245.3469,14.3069,0.95
train_001073,Train-Target-001073,area,69.70001342,-41.13411763,1,49,136,1,sar,16.1989,60.6858,-90.0,7.2291,43.6602,0.376132,auto,0,120,20.0,253.0503,192.3682,288.9571,0.95
train_000015,Train-Target-000015,area,21.42966905,-105.13882331,4,104,184,1,optical,8.6216,23.2180,8.0,7.5304,51.4817,0.256669,auto,0,120,20.0,112.3757,124.3755,167.8986,0.95
train_002545,Train-Target-002545,area,-54.91750292,-54.82200157,5,70,116,1,optical,6.7202,34.9197,8.0,7.9714,74.0126,0.404959,auto,0,120,20.0,49.4400,27.9627,47.2489,0.95
train_002927,Train-Target-002927,point,27.58167451,-26.58110383,6,28,181,1,sar,15.1648,69.3086,-90.0,5.4983,33.1250,0.434649,single,1,120,5.0,,,,
train_000707,Train-Target-000707,area,-28.69909122,106.35456231,7,39,191,1,optical,4.2811,53.7962,8.0,7.3885,43.0422,0.366475,auto,0,120,20.0,66.1635,95.5823,317.9135,0.95
train_000416,Train-Target-000416,point,-20.64166193,-119.83828847,9,14,172,1,optical,4.7280,18.7798,8.0,4.7587,37.8533,0.436229,single,1,120,5.0,,,,
train_001194,Train-Target-001194,area,-40.98910662,122.29537550,5,81,199,1,sar,9.0326,25.1512,-90.0,8.1098,43.0972,0.239200,auto,0,120,20.0,21.6838,46.9918,130.1647,0.95
train_000555,Train-Target-000555,area,-76.77468839,24.91783317,3,38,169,1,optical,7.3073,57.9439,8.0,5.3127,23.5531,0.270366,auto,0,120,20.0,100.4898,133.7730,349.5014,0.95
train_002595,Train-Target-002595,area,-13.69553809,-47.74928145,3,4,130,1,optical,7.2660,39.4300,8.0,5.0542,71.5478,0.188285,auto,0,120,20.0,159.3910,245.0441,165.4377,0.95
train_001334,Train-Target-001334,area,-16.19090181,15.53353730,10,33,145,1,sar,17.6616,83.6130,-90.0,5.3320,62.9946,0.235991,auto,0,120,20.0,252.2036,204.0639,91.0955,0.95
train_000814,Train-Target-000814,area,37.11697509,78.17587508,1,40,113,1,sar,14.9449,70.3627,-90.0,6.2714,43.4610,0.316716,auto,0,120,20.0,23.6000,44.1197,351.2450,0.95
train_001371,Train-Target-001371,area,-9.58579058,-0.67527041,5,88,150,1,sar,21.1995,39.1017,-90.0,7.6149,66.2330,0.395687,auto,0,120,20.0,44.0594,43.4866,179.7145,0.95
train_001814,Train-Target-001814,area,-29.91038586,138.95660123,6,65,210,1,infrared,38.1085,130.1376,-90.0,7.3493,40.8324,0.327946,auto,0,120,20.0,109.3441,102.8082,164.0494,0.95
train_001002,Train-Target-001002,area,-74.32914121,-93.10477687,7,10,115,1,sar,13.0109,84.3839,-90.0,5.6613,40.3790,0.310716,auto,0,120,20.0,19.4144,38.1784,270.6599,0.95
train_001645,Train-Target-001645,point,-33.74242968,63.08858113,2,48,165,1,optical,3.6417,45.4943,8.0,7.1720,59.3506,0.218136,single,1,120,5.0,,,,
train_000450,Train-Target-000450,area,68.42046676,135.32087869,10,52,141,1,optical,6.6889,45.8421,8.0,7.9887,38.6017,0.216811,auto,0,120,20.0,138.3764,126.7114,57.1158,0.95
train_001033,Train-Target-001033,point,51.13841741,29.18990989,1,76,136,1,optical,3.5522,10.5800,8.0,7.9400,39.9747,0.204495,single,1,120,5.0,,,,
train_000924,Train-Target-000924,area,9.36780481,-64.18580137,1,10,124,1,optical,3.3939,29.5192,8.0,5.7657,84.4436,0.258877,auto,0,120,20.0,27.7374,39.9892,140.4761,0.95
train_001637,Train-Target-001637,point,-20.30304022,-18.58258954,2,49,113,1,sar,9.2490,51.6839,-90.0,4.8698,58.1822,0.270591,single,1,120,5.0,,,,
train_000751,Train-Target-000751,area,58.92929008,-100.18346900,3,109,211,1,sar,11.4798,25.4706,-90.0,6.2109,31.5611,0.265085,auto,0,120,20.0,17.4511,36.6374,108.6574,0.95
train_001203,Train-Target-001203,area,37.80838573,159.52412606,9,130,180,1,optical,5.4774,18.6277,8.0,7.5755,86.0943,0.250700,auto,0,120,20.0,277.4810,242.9983,135.3627,0.95
train_002376,Train-Target-002376,area,24.13034874,140.40651197,3,109,164,1,optical,3.8182,13.0094,8.0,6.0493,75.5329,0.186973,auto,0,120,20.0,222.3979,271.2940,143.9170,0.95
train_001697,Train-Target-001697,area,-0.66600977,-169.81910691,4,88,208,1,sar,9.4347,89.5697,-90.0,7.6640,76.5927,0.319491,auto,0,120,20.0,203.6566,184.8244,14.7720,0.95
train_001009,Train-Target-001009,area,-33.77404495,86.62711559,1,72,179,1,optical,5.6352,30.1273,8.0,6.2581,81.8059,0.285769,auto,0,120,20.0,46.9529,17.1079,292.6146,0.95
train_000946,Train-Target-000946,area,4.39922942,-72.86494787,3,107,235,1,optical,8.8068,63.2723,8.0,6.4711,81.3867,0.234416,auto,0,120,20.0,131.9936,128.6080,174.3180,0.95
train_001014,Train-Target-001014,area,-16.27046611,-29.98641508,9,136,237,1,optical,7.7336,14.5684,8.0,6.6344,27.5620,0.212357,auto,0,120,20.0,36.2480,13.8028,294.6629,0.95
train_002693,Train-Target-002693,area,75.14627369,-109.27340986,8,24,152,1,infrared,34.9167,82.8824,-90.0,8.2107,45.2232,0.245397,auto,0,120,20.0,35.4183,16.7964,11.2673,0.95
train_002834,Train-Target-002834,area,22.10404323,-56.85950659,7,90,148,1,infrared,39.1204,119.5892,-90.0,4.9869,26.0175,0.186603,auto,0,120,20.0,16.3030,46.1060,354.9241,0.95
train_002456,Train-Target-002456,area,-3.08313074,52.07664748,3,17,154,1,sar,11.8215,59.7080,-90.0,5.4733,58.1959,0.371489,auto,0,120,20.0,123.5179,99.5335,150.6981,0.95
train_002355,Train-Target-002355,area,-33.80587104,135.69246611,3,129,176,1,optical,4.2783,17.7861,8.0,7.0550,32.2828,0.313361,auto,0,120,20.0,128.1352,62.6650,142.7303,0.95
train_001145,Train-Target-001145,point,11.93950888,119.99618266,10,5,164,1,optical,2.6613,24.2191,8.0,7.6704,62.1869,0.237555,sequential,2,120,5.0,,,,
train_002226,Train-Target-002226,area,44.72780626,80.28884950,10,38,109,1,sar,11.0544,62.3197,-90.0,5.7370,78.9203,0.336470,auto,0,120,20.0,192.6144,195.1237,333.0495,0.95
train_000468,Train-Target-000468,area,65.35752578,-102.19399140,10,27,180,1,optical,9.6077,49.0208,8.0,8.0779,74.8370,0.210835,auto,0,120,20.0,67.0947,86.0912,198.4031,0.95
train_002420,Train-Target-002420,area,58.85180888,111.15593459,2,0,146,1,optical,9.7053,46.2024,8.0,7.6794,89.7984,0.297102,auto,0,120,20.0,58.1244,134.0461,51.5639,0.95
train_003002,Train-Target-003002,area,-62.45828627,131.98392881,4,88,226,1,sar,10.8389,38.0647,-90.0,6.8351,27.4182,0.243370,auto,0,120,20.0,53.3634,130.0600,257.0206,0.95
train_000215,Train-Target-000215,point,-54.07102998,-118.66095326,3,89,145,1,sar,18.0911,108.2983,-90.0,7.7305,25.6891,0.361454,sequential,2,120,5.0,,,,
train_001168,Train-Target-001168,point,76.52096599,-54.34405263,1,155,206,1,sar,13.9664,92.0753,-90.0,7.3293,38.6837,0.269800,simultaneous,2,120,5.0,,,,
train_002166,Train-Target-002166,area,39.63719516,9.47356491,2,70,156,1,optical,5.8218,26.0901,8.0,7.0741,24.8853,0.397357,auto,0,120,20.0,124.4643,76.6070,186.1370,0.95
train_002530,Train-Target-002530,area,56.30402090,9.83177801,6,83,167,1,sar,18.8877,42.9645,-90.0,6.4800,60.8298,0.230245,auto,0,120,20.0,29.4762,23.6276,325.3953,0.95
train_002851,Train-Target-002851,area,26.40231990,-162.58633251,2,0,135,1,optical,7.1566,33.1947,8.0,6.8242,62.9476,0.296280,auto,0,120,20.0,122.5521,74.1596,256.2917,0.95
train_001276,Train-Target-001276,point,-48.13126993,-4.19247555,3,30,181,1,sar,10.8638,70.6750,-90.0,4.6027,79.9588,0.214512,sequential,2,120,5.0,,,,
train_002219,Train-Target-002219,area,-42.99732878,-178.79695417,1,109,198,1,sar,14.5366,29.6856,-90.0,4.6238,67.9065,0.440330,auto,0,120,20.0,73.9386,132.3213,260.4029,0.95
train_000608,Train-Target-000608,point,18.28426644,-1.86661069,2,103,216,1,optical,7.3364,34.6226,8.0,6.7090,32.4069,0.398334,sequential,2,120,5.0,,,,
train_001065,Train-Target-001065,area,64.31465607,-121.69030422,8,112,168,1,optical,4.0187,18.3639,8.0,6.6129,83.9314,0.392829,auto,0,120,20.0,57.6894,108.7737,347.6759,0.95
train_000676,Train-Target-000676,area,-47.90963267,-18.85689866,9,63,107,1,optical,3.1730,34.3355,8.0,4.5356,39.9555,0.338947,auto,0,120,20.0,170.9503,177.8878,290.9325,0.95
train_001584,Train-Target-001584,area,24.21117035,-169.13354376,5,59,181,1,optical,9.8433,50.8010,8.0,6.3801,88.9469,0.330309,auto,0,120,20.0,67.6266,56.9950,89.7093,0.95
train_002074,Train-Target-002074,point,49.11486763,-67.25988515,3,104,191,1,optical,7.1273,47.2372,8.0,6.5587,46.4143,0.374631,single,1,120,5.0,,,,
train_001471,Train-Target-001471,area,-3.92767269,40.08501282,4,38,126,1,infrared,39.4811,124.4022,-90.0,5.7852,48.8574,0.195023,auto,0,120,20.0,220.5750,160.3987,274.7119,0.95
train_001599,Train-Target-001599,area,40.84748314,-11.58982118,7,179,239,1,optical,4.1143,51.3409,8.0,6.3120,46.9663,0.271229,auto,0,120,20.0,42.0675,45.4382,276.6863,0.95
train_000857,Train-Target-000857,area,42.14940487,142.36936210,2,17,137,1,optical,2.8661,45.5694,8.0,8.3152,51.2398,0.305579,auto,0,120,20.0,273.6839,200.4974,218.0972,0.95
train_002356,Train-Target-002356,area,51.11590792,-31.03607242,6,22,174,1,sar,21.7754,107.0469,-90.0,7.5588,82.4786,0.226796,auto,0,120,20.0,119.4986,53.2029,327.5177,0.95
train_000823,Train-Target-000823,area,-22.97427015,178.14710775,1,20,105,1,sar,13.9711,60.6727,-90.0,5.2279,39.2517,0.330584,auto,0,120,20.0,120.1620,92.3402,31.9828,0.95
train_001742,Train-Target-001742,area,-9.20709775,-131.39625250,7,74,229,1,optical,9.9332,53.4566,8.0,6.6312,64.4685,0.448294,auto,0,120,20.0,77.0020,58.7862,163.3356,0.95
train_001199,Train-Target-001199,point,56.51773255,167.17256002,4,83,180,1,optical,5.2651,19.1545,8.0,6.3816,70.2637,0.234726,sequential,2,120,5.0,,,,
train_000032,Train-Target-000032,area,-42.16221405,158.59331680,8,111,198,1,sar,14.0034,108.0615,-90.0,6.1108,80.9609,0.329822,auto,0,120,20.0,34.8257,19.4913,351.5430,0.95
train_000115,Train-Target-000115,area,-48.15308898,42.67576358,4,48,173,1,optical,6.1012,36.2789,8.0,7.8855,75.4266,0.182194,auto,0,120,20.0,39.3267,37.3972,225.0939,0.95
train_000417,Train-Target-000417,area,-28.86932425,36.10008977,10,36,168,1,optical,3.2574,41.1147,8.0,8.0612,52.6610,0.352919,auto,0,120,20.0,84.0120,98.9738,194.3756,0.95
train_002278,Train-Target-002278,area,-4.26583398,-38.61030055,1,39,129,1,optical,4.4392,17.4867,8.0,5.6985,27.7173,0.382875,auto,0,120,20.0,118.1847,99.1111,92.5411,0.95
train_000380,Train-Target-000380,area,14.60316267,167.06511138,9,51,169,1,optical,4.3210,19.6294,8.0,8.0366,49.2657,0.338855,auto,0,120,20.0,42.4577,36.4914,191.7406,0.95
train_002497,Train-Target-002497,area,55.84114185,93.43671314,2,94,145,1,infrared,24.4190,54.4588,-90.0,5.4172,59.0041,0.279028,auto,0,120,20.0,46.8610,16.9430,238.6652,0.95
train_001319,Train-Target-001319,point,-4.90583781,57.36269194,1,80,158,1,sar,9.8094,34.6349,-90.0,5.5509,88.7962,0.416956,single,1,120,5.0,,,,
train_000537,Train-Target-000537,area,-9.60976540,-25.65379740,2,34,129,1,optical,5.9552,48.2335,8.0,5.4081,42.5274,0.268899,auto,0,120,20.0,41.8758,31.6107,109.1190,0.95
train_002418,Train-Target-002418,point,5.07988094,-149.09951133,10,77,136,1,optical,8.9254,58.0492,8.0,6.2153,65.7659,0.301792,single,1,120,5.0,,,,
train_003063,Train-Target-003063,area,16.65630677,74.79435666,3,17,112,1,optical,5.8409,63.6605,8.0,8.3116,50.9061,0.397887,auto,0,120,20.0,234.9890,228.8467,108.1177,0.95
train_000284,Train-Target-000284,area,-38.07232874,108.91931554,1,32,161,1,sar,14.5061,33.1208,-90.0,5.7594,27.6583,0.204638,auto,0,120,20.0,193.8325,143.5476,151.0987,0.95
train_000672,Train-Target-000672,area,-49.64365411,65.82638010,9,31,171,1,optical,6.7399,34.1615,8.0,8.2327,60.5028,0.411387,auto,0,120,20.0,39.6762,32.3554,110.6442,0.95
train_001788,Train-Target-001788,area,-12.11498090,-74.61471319,2,71,145,1,optical,8.8369,48.0217,8.0,6.6886,57.0415,0.307183,auto,0,120,20.0,123.4050,117.2789,111.3826,0.95
train_000393,Train-Target-000393,area,-53.40538061,4.63852050,5,19,151,1,sar,18.1268,63.2508,-90.0,5.2985,40.8134,0.274061,auto,0,120,20.0,194.0256,235.5898,265.8059,0.95
train_001575,Train-Target-001575,area,29.70358136,-82.52791162,5,135,212,1,sar,18.5531,40.3161,-90.0,5.3724,26.3066,0.238263,auto,0,120,20.0,286.0234,273.2024,324.8806,0.95
train_001706,Train-Target-001706,point,-38.25250178,-54.14797142,7,36,141,1,sar,8.4071,41.3268,-90.0,7.2313,70.6353,0.375215,sequential,2,120,5.0,,,,
train_001375,Train-Target-001375,area,-55.70542073,-172.42386903,4,75,124,1,optical,2.6510,30.4755,8.0,6.6695,44.3846,0.244036,auto,0,120,20.0,253.8258,159.9594,258.7575,0.95
train_002107,Train-Target-002107,area,-32.79482649,-67.85674066,10,69,181,1,optical,4.9381,22.3434,8.0,7.7868,57.7950,0.399430,auto,0,120,20.0,72.7378,109.3437,97.6512,0.95
train_001031,Train-Target-001031,area,74.64293909,-8.92761382,7,94,217,1,sar,18.4024,85.4970,-90.0,6.5699,20.2960,0.318053,auto,0,120,20.0,299.9942,173.2448,154.4896,0.95
train_001905,Train-Target-001905,area,-11.78072184,0.19890193,4,2,91,1,sar,16.4222,36.6076,-90.0,6.9331,39.9324,0.246125,auto,0,120,20.0,37.6417,13.1640,169.7883,0.95
train_003052,Train-Target-003052,area,57.05871473,-36.24554271,10,155,210,1,optical,2.9811,56.3343,8.0,7.3503,66.3713,0.283149,auto,0,120,20.0,16.3344,46.7136,135.1517,0.95
train_001505,Train-Target-001505,area,-58.75280486,66.41700201,1,79,228,1,optical,2.1693,36.9768,8.0,7.1639,83.5137,0.387057,auto,0,120,20.0,114.1944,50.2203,16.5222,0.95
train_002736,Train-Target-002736,area,9.93112470,53.96141720,1,52,143,1,optical,8.7245,25.9558,8.0,7.1278,59.9543,0.305497,auto,0,120,20.0,26.8549,29.9320,193.4108,0.95
train_001922,Train-Target-001922,area,-29.76169470,170.17662274,2,94,215,1,optical,3.1817,40.1908,8.0,7.2960,35.7912,0.371760,auto,0,120,20.0,61.8840,85.2076,4.7474,0.95
train_000305,Train-Target-000305,area,-60.45867230,12.06609531,6,57,181,1,sar,13.8090,75.4727,-90.0,7.8937,75.7856,0.198844,auto,0,120,20.0,228.6729,237.2704,269.2864,0.95
train_000938,Train-Target-000938,area,-46.65589677,-127.46845815,10,35,180,1,optical,2.5717,64.1014,8.0,5.1392,45.8528,0.334981,auto,0,120,20.0,204.4930,230.0974,102.7749,0.95
train_002210,Train-Target-002210,area,-15.59891750,-105.50162849,10,45,173,1,optical,9.4447,29.3031,8.0,6.7960,50.4790,0.296174,auto,0,120,20.0,159.6907,277.8744,277.5406,0.95
train_001811,Train-Target-001811,area,-34.64459342,123.87949363,9,15,102,1,optical,2.6709,30.2240,8.0,5.4852,29.9475,0.430313,auto,0,120,20.0,43.1395,38.5130,25.8573,0.95
train_001405,Train-Target-001405,area,2.99439134,90.04043458,9,110,151,1,sar,14.6927,59.4500,-90.0,7.0095,34.5270,0.184298,auto,0,120,20.0,36.4472,33.3601,215.7436,0.95
train_000578,Train-Target-000578,area,-27.20900095,178.20807795,6,47,139,1,infrared,24.9623,102.5344,-90.0,7.9174,83.1401,0.298570,auto,0,120,20.0,190.0732,273.6832,130.0583,0.95
train_002177,Train-Target-002177,area,29.68528726,41.91507298,3,21,145,1,optical,5.6710,25.4265,8.0,4.7386,34.0097,0.188670,auto,0,120,20.0,137.9356,124.1454,185.0372,0.95
train_000192,Train-Target-000192,area,-4.45784978,-17.06312272,3,112,226,1,optical,9.9659,22.6411,8.0,5.4016,44.5385,0.250537,auto,0,120,20.0,83.2277,136.9159,181.2832,0.95
train_000173,Train-Target-000173,area,21.00178946,-44.32798568,3,9,108,1,optical,9.4811,16.7794,8.0,7.6331,71.8730,0.193676,auto,0,120,20.0,20.1124,26.6536,62.7546,0.95
train_002606,Train-Target-002606,area,46.15499151,99.94921681,1,108,211,1,optical,9.8570,14.1446,8.0,7.4365,51.5280,0.232548,auto,0,120,20.0,113.3731,137.7220,49.2960,0.95
train_002506,Train-Target-002506,area,-57.15006832,-59.00347001,1,55,203,1,optical,7.9409,34.5369,8.0,5.5966,48.7070,0.440417,auto,0,120,20.0,23.6887,17.9555,71.7278,0.95
train_002878,Train-Target-002878,point,70.34467073,-136.38705984,5,88,136,1,optical,6.1597,37.5414,8.0,7.1997,35.8446,0.209792,single,1,120,5.0,,,,
train_002605,Train-Target-002605,area,-32.40122114,53.05371949,1,3,156,1,sar,15.3536,102.8680,-90.0,5.1836,54.0175,0.381573,auto,0,120,20.0,117.7237,139.2100,20.3371,0.95
train_001242,Train-Target-001242,area,13.03719273,-134.04828260,8,37,116,1,sar,17.8286,28.8344,-90.0,5.8921,25.1622,0.267976,auto,0,120,20.0,121.3920,50.0244,77.1766,0.95
train_001316,Train-Target-001316,point,29.38240935,-46.91217189,5,53,146,1,infrared,23.8871,140.8101,-90.0,5.3399,39.3032,0.424789,single,1,120,5.0,,,,
train_003009,Train-Target-003009,point,21.14516606,54.20106970,5,10,115,1,optical,2.0795,44.3332,8.0,5.4667,32.8801,0.212976,single,1,120,5.0,,,,
train_001477,Train-Target-001477,point,-25.13310551,28.40690821,10,68,198,1,sar,15.9187,55.3312,-90.0,7.3354,82.9211,0.410925,simultaneous,2,120,5.0,,,,
train_001522,Train-Target-001522,area,14.85544542,-80.43492043,9,89,226,1,optical,9.9106,10.1966,8.0,7.4938,27.2015,0.329422,auto,0,120,20.0,84.6473,94.0159,213.6846,0.95
train_000421,Train-Target-000421,area,-37.79398884,133.05161613,10,40,166,1,optical,7.3265,39.6675,8.0,6.6979,38.9880,0.290027,auto,0,120,20.0,122.7656,58.8268,171.7607,0.95
train_000757,Train-Target-000757,area,72.98338002,-131.44299363,6,30,167,1,infrared,37.5427,131.9501,-90.0,8.1984,75.6006,0.301650,auto,0,120,20.0,40.5985,19.0712,143.1632,0.95
train_000888,Train-Target-000888,area,-66.09179167,-124.63994150,2,7,55,1,optical,5.3483,10.9989,8.0,7.7106,47.2902,0.291341,auto,0,120,20.0,75.2669,87.7497,47.6439,0.95
train_001058,Train-Target-001058,area,-64.70278361,-136.90086907,1,37,158,1,optical,9.6497,13.0290,8.0,8.0232,76.0704,0.378531,auto,0,120,20.0,219.4145,220.3480,38.0198,0.95
train_000511,Train-Target-000511,area,-44.50797169,64.80871047,9,102,172,1,optical,2.7967,53.2726,8.0,4.7233,59.2342,0.341535,auto,0,120,20.0,44.5080,16.8978,264.9209,0.95
train_000593,Train-Target-000593,point,42.93052190,-35.25250828,7,23,145,1,optical,5.5015,30.5470,8.0,5.3955,69.4501,0.229009,single,1,120,5.0,,,,
train_000391,Train-Target-000391,area,-60.92177281,37.79539240,6,15,84,1,optical,2.3713,34.9882,8.0,7.5435,83.6785,0.323081,auto,0,120,20.0,19.7825,32.8325,355.9184,0.95
train_002432,Train-Target-002432,point,-33.34745995,69.00661835,4,71,132,1,infrared,19.2018,84.3405,-90.0,6.2283,27.2430,0.420717,single,1,120,5.0,,,,
train_002860,Train-Target-002860,area,48.01798781,-138.03323427,8,42,151,1,optical,6.5329,12.7714,8.0,4.7835,50.1260,0.377633,auto,0,120,20.0,272.5013,206.6670,75.7047,0.95
train_002027,Train-Target-002027,area,54.31318107,169.90321865,2,161,209,1,sar,18.8466,62.4832,-90.0,6.6806,62.7538,0.306568,auto,0,120,20.0,152.4932,141.8210,99.5062,0.95
train_000378,Train-Target-000378,area,-20.63635211,9.28098797,10,153,237,1,infrared,37.9513,91.3975,-90.0,5.7253,71.1505,0.278776,auto,0,120,20.0,30.9756,15.4241,85.5650,0.95
train_002160,Train-Target-002160,point,-40.51444155,161.83160258,7,123,170,1,sar,18.9495,36.2930,-90.0,5.2164,49.1841,0.311563,sequential,2,120,5.0,,,,
train_000703,Train-Target-000703,area,-29.19192233,-112.42844265,8,134,206,1,optical,4.6372,50.5277,8.0,5.9037,35.9279,0.344236,auto,0,120,20.0,40.4715,24.4328,138.2688,0.95
train_000711,Train-Target-000711,area,19.91375448,149.45524163,7,99,199,1,optical,6.9027,55.2217,8.0,5.4041,54.2611,0.356714,auto,0,120,20.0,255.6819,147.8157,187.0450,0.95
train_001278,Train-Target-001278,area,53.92653620,21.04667730,9,130,184,1,optical,5.1089,48.5408,8.0,8.0515,42.4215,0.273069,auto,0,120,20.0,223.1840,264.6434,229.7700,0.95
train_002249,Train-Target-002249,area,23.92044300,147.03688433,10,79,195,1,optical,2.4617,34.0393,8.0,6.2369,21.9719,0.390884,auto,0,120,20.0,30.4977,25.1116,185.3571,0.95
train_002073,Train-Target-002073,area,-5.89447004,-49.79839581,8,39,92,1,sar,8.4664,109.5372,-90.0,8.2620,89.1104,0.324282,auto,0,120,20.0,271.9827,285.5049,35.1253,0.95
train_000293,Train-Target-000293,point,-30.31621755,71.39475036,8,92,179,1,optical,9.3082,33.4237,8.0,7.6274,81.8567,0.386249,sequential,2,120,5.0,,,,
train_000442,Train-Target-000442,area,12.93494061,45.85668064,9,76,227,1,optical,3.1115,51.9693,8.0,6.4403,32.6646,0.403880,auto,0,120,20.0,51.9560,105.8901,34.3680,0.95
train_001419,Train-Target-001419,area,22.09703659,134.08022166,10,77,182,1,sar,8.7099,99.0777,-90.0,7.9665,52.7681,0.254835,auto,0,120,20.0,219.6863,250.1069,107.4866,0.95
train_001651,Train-Target-001651,area,-22.40121574,169.34345270,6,70,172,1,sar,17.6947,52.1938,-90.0,8.3346,63.5419,0.429640,auto,0,120,20.0,56.4773,129.2682,274.9524,0.95
train_001390,Train-Target-001390,area,16.90454926,22.76056137,8,85,187,1,optical,8.1021,37.6053,8.0,7.8449,23.5041,0.250346,auto,0,120,20.0,114.9469,60.7498,316.0158,0.95
train_001605,Train-Target-001605,point,30.03945057,161.78420444,1,127,216,1,sar,14.7282,86.7582,-90.0,5.6776,43.1433,0.403592,single,1,120,5.0,,,,
train_001937,Train-Target-001937,point,-61.55273776,-91.37931490,2,52,198,1,optical,9.2419,37.7030,8.0,5.6371,76.2384,0.416006,single,1,120,5.0,,,,
train_000235,Train-Target-000235,area,-8.09065631,173.46630749,3,12,122,1,optical,6.4756,55.4496,8.0,5.7145,82.3674,0.225332,auto,0,120,20.0,36.6801,20.4103,23.0648,0.95
train_002511,Train-Target-002511,point,40.08679814,35.12134492,1,15,172,1,sar,19.4678,68.8576,-90.0,6.9122,34.9866,0.356034,single,1,120,5.0,,,,
train_002514,Train-Target-002514,area,-85.32322476,1.31248955,4,19,155,1,sar,20.7101,58.1480,-90.0,5.8530,27.4483,0.224346,auto,0,120,20.0,34.8626,27.1253,225.3982,0.95
train_000174,Train-Target-000174,point,42.97984823,141.44476340,9,134,178,1,optical,4.8934,23.9378,8.0,6.1047,51.7179,0.192041,single,1,120,5.0,,,,
train_000870,Train-Target-000870,area,39.59087206,-133.59610080,2,118,177,1,optical,7.6063,46.0692,8.0,6.7208,49.9752,0.272564,auto,0,120,20.0,54.1539,133.8192,327.2663,0.95
train_001211,Train-Target-001211,point,-3.00968841,-56.51468949,6,2,139,1,infrared,29.6543,59.5913,-90.0,8.0274,88.3492,0.310562,single,1,120,5.0,,,,
train_000024,Train-Target-000024,area,-19.51255875,-129.56680095,5,159,217,1,optical,6.2300,21.2507,8.0,4.5015,20.0436,0.312023,auto,0,120,20.0,47.8123,38.8400,252.2367,0.95
train_001290,Train-Target-001290,area,2.50723531,-62.34178938,8,88,174,1,optical,5.1462,24.6939,8.0,8.2034,48.2222,0.401261,auto,0,120,20.0,118.5803,66.6095,251.6462,0.95
train_003016,Train-Target-003016,area,36.25448619,58.66761970,3,93,224,1,optical,5.4533,43.8673,8.0,5.6734,77.6866,0.426613,auto,0,120,20.0,31.5309,39.2611,125.3690,0.95
train_002628,Train-Target-002628,point,-31.36569354,-20.68885748,4,66,192,1,optical,2.7355,56.3541,8.0,7.2765,47.3003,0.322119,single,1,120,5.0,,,,
train_001839,Train-Target-001839,area,14.60329947,31.96458488,5,16,119,1,sar,11.7573,71.7308,-90.0,6.5691,66.5992,0.317375,auto,0,120,20.0,33.1097,30.4558,122.1038,0.95
train_000388,Train-Target-000388,area,76.55625784,-117.16280184,4,0,90,1,optical,5.0815,43.7398,8.0,8.0538,25.1841,0.279938,auto,0,120,20.0,272.2856,248.7131,74.2046,0.95
train_000717,Train-Target-000717,area,40.20755337,-153.10913586,9,164,209,1,sar,16.9171,40.6604,-90.0,5.8326,85.5316,0.181516,auto,0,120,20.0,290.8404,261.1076,126.6306,0.95
train_001978,Train-Target-001978,point,59.07073937,-148.88417511,3,2,156,1,optical,5.3040,23.1660,8.0,6.1221,86.5257,0.296498,sequential,2,120,5.0,,,,
train_000759,Train-Target-000759,point,15.12115593,-84.19628615,3,18,81,1,sar,16.9680,63.2668,-90.0,6.6275,66.0983,0.354281,single,1,120,5.0,,,,
train_001947,Train-Target-001947,area,50.57912157,139.60490732,4,9,51,1,optical,6.8833,34.5248,8.0,7.8542,55.0397,0.215259,auto,0,120,20.0,108.7666,112.9154,180.0827,0.95
train_002650,Train-Target-002650,area,-33.17397062,-87.21791700,1,21,156,1,infrared,23.7283,98.9518,-90.0,4.5408,64.8684,0.318479,auto,0,120,20.0,225.4426,288.5194,102.0474,0.95
train_000439,Train-Target-000439,area,18.68220768,56.36340254,6,19,133,1,optical,6.2390,34.8349,8.0,6.7819,45.1150,0.193249,auto,0,120,20.0,14.9016,21.4311,172.7780,0.95
train_001467,Train-Target-001467,area,-41.12520115,-133.56937366,8,17,120,1,optical,5.2209,49.7240,8.0,6.9306,22.5879,0.368867,auto,0,120,20.0,78.1571,84.9748,183.9476,0.95
train_001262,Train-Target-001262,area,-74.67187742,173.27516866,1,71,227,1,sar,9.5675,30.3575,-90.0,6.4345,65.0920,0.310036,auto,0,120,20.0,230.5761,292.4072,46.6885,0.95
train_000811,Train-Target-000811,point,61.38068146,-146.73566546,7,4,159,1,optical,6.7151,59.6283,8.0,4.8179,41.2036,0.251261,simultaneous,2,120,5.0,,,,
train_002890,Train-Target-002890,area,-47.30596559,121.82940443,6,52,132,1,sar,14.2584,28.9692,-90.0,6.3249,76.8932,0.190464,auto,0,120,20.0,287.5818,242.5905,167.7704,0.95
train_002299,Train-Target-002299,area,18.41836211,-25.53521068,2,37,116,1,optical,5.6195,63.4990,8.0,6.2839,87.0567,0.442817,auto,0,120,20.0,22.3743,45.2242,133.4252,0.95
train_000783,Train-Target-000783,area,10.61055995,138.04336525,9,128,202,1,optical,7.5444,24.0750,8.0,5.3994,76.0052,0.441663,auto,0,120,20.0,244.5960,157.6510,324.7672,0.95
train_002101,Train-Target-002101,area,24.62269888,-42.67367061,9,125,197,1,sar,20.8069,52.4212,-90.0,8.1005,68.7061,0.374999,auto,0,120,20.0,129.9333,128.8303,184.3762,0.95
train_002768,Train-Target-002768,area,-46.21116223,-156.91161355,3,86,204,1,optical,5.9146,41.5313,8.0,5.9196,34.9669,0.415156,auto,0,120,20.0,62.0249,69.0507,230.0792,0.95
train_001421,Train-Target-001421,point,-14.47262458,100.21870056,6,19,149,1,optical,2.1786,15.7790,8.0,4.6398,58.0234,0.228690,single,1,120,5.0,,,,
train_000858,Train-Target-000858,area,14.40823619,-7.12348204,1,73,148,1,optical,5.2444,18.6229,8.0,6.1085,89.5841,0.301933,auto,0,120,20.0,97.5654,92.1530,267.0677,0.95
train_002711,Train-Target-002711,area,-53.22796194,-2.51930697,8,50,126,1,optical,4.6960,61.6342,8.0,6.6062,51.8909,0.329102,auto,0,120,20.0,229.5108,234.1375,166.8930,0.95
train_000211,Train-Target-000211,area,-5.66108566,-160.98229741,9,105,147,1,optical,9.8894,52.4774,8.0,5.1748,50.6560,0.364420,auto,0,120,20.0,196.7791,274.5513,358.2944,0.95
train_001830,Train-Target-001830,area,-55.10138039,-153.42297141,6,26,92,1,optical,8.5543,63.3954,8.0,5.1527,29.5237,0.348993,auto,0,120,20.0,247.6997,180.8840,47.6732,0.95
train_000715,Train-Target-000715,point,2.33300266,100.25867428,3,98,144,1,optical,2.5598,51.6261,8.0,4.5227,71.5200,0.449391,single,1,120,5.0,,,,
train_001164,Train-Target-001164,point,62.04928629,157.83042124,7,133,214,1,optical,7.6222,48.6692,8.0,4.5582,35.1968,0.399498,simultaneous,2,120,5.0,,,,
train_001955,Train-Target-001955,area,11.78588721,58.83296942,10,44,187,1,optical,8.9321,21.7749,8.0,6.3000,61.1809,0.300619,auto,0,120,20.0,42.6856,17.9023,180.8778,0.95
train_001935,Train-Target-001935,area,24.77788958,-176.57048374,6,30,184,1,sar,16.0499,96.4823,-90.0,5.9629,40.2831,0.428737,auto,0,120,20.0,164.3067,228.1194,309.3950,0.95
train_000584,Train-Target-000584,point,-12.16936293,-58.70402805,4,95,237,1,optical,6.5958,48.9856,8.0,5.2481,44.4880,0.418421,single,1,120,5.0,,,,
train_001441,Train-Target-001441,point,-21.77677340,-31.98103525,9,77,204,1,sar,11.9566,32.6143,-90.0,6.5851,77.0954,0.327050,sequential,2,120,5.0,,,,
train_000956,Train-Target-000956,area,-7.57814311,2.36518290,8,27,144,1,optical,3.7279,15.1777,8.0,8.0502,70.8396,0.317330,auto,0,120,20.0,12.4206,47.2915,43.2921,0.95
train_000846,Train-Target-000846,area,-5.03378935,-31.02807464,2,5,116,1,optical,5.7497,18.3146,8.0,4.7518,32.6872,0.391883,auto,0,120,20.0,57.4897,55.1622,192.6882,0.95
train_000004,Train-Target-000004,area,-24.17012209,49.03010544,2,17,140,1,optical,7.3499,12.4412,8.0,6.2450,25.1018,0.274416,auto,0,120,20.0,136.2967,127.0345,174.1897,0.95
train_001008,Train-Target-001008,area,17.63785637,147.94376110,5,67,141,1,optical,5.1665,46.5906,8.0,7.6935,78.4370,0.244530,auto,0,120,20.0,235.5480,184.5384,308.9566,0.95
train_002443,Train-Target-002443,area,-31.13892214,120.49630519,7,43,137,1,sar,16.8578,51.9604,-90.0,4.5007,32.1788,0.433562,auto,0,120,20.0,133.3027,64.6140,247.4357,0.95
train_001777,Train-Target-001777,area,-7.31868672,110.86167124,7,134,194,1,optical,7.2874,46.0101,8.0,7.7452,52.5899,0.241665,auto,0,120,20.0,110.8083,59.6085,348.9413,0.95
train_000839,Train-Target-000839,point,12.91294745,-50.18016641,10,25,109,1,optical,7.8241,13.3682,8.0,6.6907,32.7087,0.240829,sequential,2,120,5.0,,,,
train_000134,Train-Target-000134,area,-2.37580990,-68.86628882,4,41,158,1,sar,21.4540,68.5542,-90.0,7.6951,30.9910,0.191979,auto,0,120,20.0,231.4967,253.9282,162.5588,0.95
train_002524,Train-Target-002524,point,-27.57159478,-48.38027317,4,90,167,1,optical,4.1103,29.8115,8.0,7.2262,75.5799,0.366766,single,1,120,5.0,,,,
train_002886,Train-Target-002886,area,12.72606646,-119.97053586,5,13,135,1,sar,21.0634,73.9623,-90.0,5.0096,26.9858,0.333804,auto,0,120,20.0,78.0632,59.8033,63.8171,0.95
train_002877,Train-Target-002877,area,-75.81266256,141.80951588,8,1,95,1,optical,5.1953,53.2009,8.0,5.6764,66.7589,0.385197,auto,0,120,20.0,241.4429,213.9534,120.8742,0.95
train_001108,Train-Target-001108,area,12.55515053,97.83222473,1,73,217,1,optical,6.0971,22.8738,8.0,5.9430,35.9934,0.442059,auto,0,120,20.0,31.3652,31.5438,4.6793,0.95
train_000315,Train-Target-000315,point,-38.99450416,179.93017433,6,23,103,1,sar,10.9766,98.3407,-90.0,7.0404,54.5955,0.368456,single,1,120,5.0,,,,
train_000731,Train-Target-000731,area,-38.61215519,-133.73186849,9,63,180,1,sar,12.7976,71.3050,-90.0,4.5650,51.1655,0.259868,auto,0,120,20.0,59.4941,103.1638,262.6264,0.95
train_001817,Train-Target-001817,area,-54.12709430,-24.35328457,1,26,123,1,optical,4.7412,60.5276,8.0,6.8144,40.6863,0.446101,auto,0,120,20.0,109.8256,114.6783,138.8773,0.95
train_002769,Train-Target-002769,point,-12.49023200,14.04921750,4,95,224,1,optical,4.4689,33.1075,8.0,6.1082,69.4871,0.348754,single,1,120,5.0,,,,
train_000570,Train-Target-000570,point,-11.86421587,-137.18394077,6,68,190,1,optical,6.4450,46.8612,8.0,7.7901,32.6262,0.341387,simultaneous,2,120,5.0,,,,
train_002383,Train-Target-002383,area,-53.20982088,-45.58002326,6,101,170,1,optical,6.6382,59.4173,8.0,5.8892,63.2858,0.336704,auto,0,120,20.0,78.3416,97.9475,136.1448,0.95
train_001059,Train-Target-001059,area,-49.20279132,-89.11551083,7,84,225,1,optical,5.1202,39.2717,8.0,5.8627,89.1993,0.274010,auto,0,120,20.0,16.5261,39.0321,336.3556,0.95
train_000153,Train-Target-000153,point,-13.81873362,-8.10001199,8,114,232,1,optical,6.8402,53.6231,8.0,7.1198,60.8829,0.237247,single,1,120,5.0,,,,
train_000501,Train-Target-000501,area,-5.31182038,178.29992328,2,58,191,1,optical,3.9802,45.0710,8.0,7.2356,41.7899,0.242015,auto,0,120,20.0,75.0839,81.2488,307.6486,0.95
train_001790,Train-Target-001790,area,-45.81377924,61.84998432,10,52,204,1,sar,21.8522,45.0478,-90.0,5.2641,29.4291,0.348692,auto,0,120,20.0,201.1066,164.4090,56.8766,0.95
train_001063,Train-Target-001063,point,18.77199600,34.78821698,3,12,95,1,optical,2.8878,59.1492,8.0,7.0182,35.8844,0.223843,single,1,120,5.0,,,,
train_002347,Train-Target-002347,area,-38.55265857,-1.54116766,3,66,200,1,sar,17.0172,53.8630,-90.0,5.5454,68.0210,0.440558,auto,0,120,20.0,211.7770,164.9596,69.7608,0.95
train_002721,Train-Target-002721,area,-41.42418663,-13.43978447,5,151,233,1,optical,6.8905,22.7641,8.0,4.9043,23.0854,0.201413,auto,0,120,20.0,42.2942,42.8902,255.1488,0.95
train_000377,Train-Target-000377,area,-27.66209994,93.84440378,2,56,178,1,optical,6.7231,38.1568,8.0,7.6366,58.7749,0.403430,auto,0,120,20.0,208.8349,184.7731,288.8548,0.95
train_002929,Train-Target-002929,area,-44.96069368,95.87930986,5,83,190,1,sar,20.3961,90.6157,-90.0,6.8681,51.4522,0.391343,auto,0,120,20.0,36.5311,43.7301,189.3152,0.95
train_001596,Train-Target-001596,point,13.22799340,-95.29287913,3,21,145,1,sar,16.2442,56.6897,-90.0,6.7198,76.1580,0.200614,single,1,120,5.0,,,,
train_000451,Train-Target-000451,point,12.60471457,103.88963532,8,26,104,1,sar,17.0709,85.8572,-90.0,6.4264,68.1730,0.181891,sequential,2,120,5.0,,,,
train_002843,Train-Target-002843,area,67.33660951,50.49330020,6,0,145,1,optical,2.9126,29.3736,8.0,5.7841,84.8067,0.249897,auto,0,120,20.0,110.6250,59.2628,84.5061,0.95
train_001310,Train-Target-001310,area,43.66159328,-41.37361326,5,85,190,1,sar,18.3872,56.4082,-90.0,5.6567,47.2399,0.343537,auto,0,120,20.0,131.7219,77.9307,205.7440,0.95
train_000727,Train-Target-000727,point,-4.67203216,-88.29864775,4,11,105,1,optical,8.0672,32.4678,8.0,5.9156,70.0676,0.244963,single,1,120,5.0,,,,
train_001807,Train-Target-001807,point,52.67042285,42.35192237,6,87,207,1,optical,5.3000,21.6767,8.0,8.0089,29.9597,0.308250,simultaneous,2,120,5.0,,,,
train_001571,Train-Target-001571,point,41.55178182,-38.55306359,6,116,188,1,optical,7.7723,34.7331,8.0,6.7169,34.2163,0.386761,single,1,120,5.0,,,,
train_000448,Train-Target-000448,area,17.27551524,-63.43772636,6,63,195,1,optical,8.9851,12.9570,8.0,5.0068,57.8760,0.300318,auto,0,120,20.0,25.1840,21.3368,359.8308,0.95
train_002032,Train-Target-002032,area,-44.77864507,133.77189054,10,86,206,1,infrared,20.5238,82.3904,-90.0,5.0368,53.7011,0.305688,auto,0,120,20.0,169.8553,255.6413,355.2842,0.95
train_001816,Train-Target-001816,point,-57.78206414,-8.18187202,3,127,200,1,optical,7.5576,14.9718,8.0,8.0702,64.2165,0.236181,single,1,120,5.0,,,,
train_002752,Train-Target-002752,area,2.70393396,-136.41479647,4,68,112,1,sar,15.7114,68.7275,-90.0,7.1028,46.0538,0.335755,auto,0,120,20.0,15.4486,22.9653,150.2587,0.95
train_000311,Train-Target-000311,area,-74.04397720,154.87801687,7,46,180,1,sar,13.5459,47.2149,-90.0,7.1080,37.2582,0.268650,auto,0,120,20.0,29.9574,26.8543,340.4277,0.95
train_000985,Train-Target-000985,area,30.65933280,-120.98760525,8,15,118,1,optical,2.4876,10.2619,8.0,7.7694,64.0615,0.384185,auto,0,120,20.0,132.7217,112.3568,80.6386,0.95
train_001629,Train-Target-001629,area,5.61862681,164.29488409,7,93,233,1,sar,14.7467,31.5058,-90.0,7.2795,52.9723,0.193848,auto,0,120,20.0,224.8670,197.3613,296.3937,0.95
train_000852,Train-Target-000852,area,10.46721407,-39.20712194,10,7,106,1,infrared,24.5088,129.9529,-90.0,6.7762,83.4881,0.266311,auto,0,120,20.0,77.4856,97.0033,283.0502,0.95
train_000952,Train-Target-000952,area,-66.45575909,-34.68040616,8,45,151,1,optical,3.0804,61.0776,8.0,7.8795,27.8106,0.241748,auto,0,120,20.0,12.0523,12.5909,69.6785,0.95
train_003038,Train-Target-003038,area,18.71665187,-102.37706298,6,26,153,1,sar,16.6014,107.2045,-90.0,5.2393,66.6574,0.255905,auto,0,120,20.0,38.1327,29.2625,177.0358,0.95
train_000683,Train-Target-000683,area,50.16596178,122.47507964,6,90,135,1,optical,6.8115,43.3318,8.0,7.7532,44.8919,0.268975,auto,0,120,20.0,127.6597,125.9858,343.0474,0.95
train_002307,Train-Target-002307,area,-1.22936809,179.07245983,2,72,222,1,sar,13.4389,104.1296,-90.0,5.8680,41.8675,0.434471,auto,0,120,20.0,94.1780,104.1422,92.4613,0.95
train_000648,Train-Target-000648,area,1.58378222,158.65473931,10,38,152,1,optical,3.9680,18.2578,8.0,4.8770,38.8323,0.412338,auto,0,120,20.0,23.8729,19.3863,33.9733,0.95
train_000913,Train-Target-000913,area,-12.69164774,-80.78681770,6,110,207,1,optical,7.0704,45.6721,8.0,7.8334,22.7397,0.321082,auto,0,120,20.0,80.9573,65.8601,90.8975,0.95
train_000737,Train-Target-000737,area,-43.80116622,17.03256696,6,175,225,1,sar,9.6084,81.1069,-90.0,4.8360,25.4383,0.443242,auto,0,120,20.0,278.2433,198.2383,179.1637,0.95
train_000374,Train-Target-000374,point,14.01457454,-90.32032426,2,131,234,1,optical,3.4262,39.6248,8.0,7.0809,49.2104,0.366341,single,1,120,5.0,,,,
train_000739,Train-Target-000739,area,-67.92068656,102.59545293,9,80,184,1,optical,6.4392,23.6041,8.0,6.6238,32.8064,0.432761,auto,0,120,20.0,267.5556,152.3770,18.5902,0.95
train_001183,Train-Target-001183,area,46.49159418,54.56818525,9,170,220,1,optical,5.4112,23.1491,8.0,5.0593,56.7020,0.380821,auto,0,120,20.0,222.9050,253.2319,219.5790,0.95
train_002311,Train-Target-002311,area,13.23170981,144.44965621,7,59,149,1,optical,6.1462,13.0678,8.0,4.7025,60.2410,0.290502,auto,0,120,20.0,23.4003,24.8202,64.8846,0.95
train_002548,Train-Target-002548,area,12.74424426,38.75987560,7,87,149,1,sar,12.5107,100.6007,-90.0,7.5681,45.6852,0.395218,auto,0,120,20.0,257.0956,225.3293,331.0370,0.95
train_001473,Train-Target-001473,area,51.88703045,-134.87314689,7,89,181,1,optical,9.2486,57.1320,8.0,7.5355,34.4345,0.182061,auto,0,120,20.0,254.2992,142.2722,187.9418,0.95
train_002096,Train-Target-002096,area,-8.95215577,-140.44171194,7,44,135,1,optical,8.8942,54.9994,8.0,4.7072,27.9317,0.310306,auto,0,120,20.0,298.0690,145.9840,11.4623,0.95
train_001453,Train-Target-001453,area,15.39876733,-53.52367261,4,32,74,1,optical,9.6678,23.3483,8.0,8.2790,33.7907,0.193973,auto,0,120,20.0,44.5935,44.7306,328.3653,0.95
train_002499,Train-Target-002499,area,1.46482566,-66.48593811,3,121,163,1,optical,5.3137,12.0251,8.0,4.6156,84.6288,0.398505,auto,0,120,20.0,246.1270,152.1322,39.1208,0.95
train_000434,Train-Target-000434,area,-51.89317533,131.72916813,4,73,216,1,sar,18.4403,108.2471,-90.0,4.9857,20.7407,0.422940,auto,0,120,20.0,213.0884,269.6044,224.7891,0.95
train_000600,Train-Target-000600,area,13.67644629,152.01373047,1,2,60,1,optical,6.9277,27.4569,8.0,8.3367,80.5253,0.194556,auto,0,120,20.0,90.7620,73.3443,50.0846,0.95
train_002689,Train-Target-002689,area,-5.73030768,164.84435720,2,119,211,1,optical,2.2882,23.0396,8.0,4.9240,24.8267,0.328028,auto,0,120,20.0,47.7383,26.0021,344.2494,0.95
train_002104,Train-Target-002104,point,57.76791917,52.39521325,4,134,192,1,optical,7.1056,14.6331,8.0,8.1527,79.2709,0.352233,sequential,2,120,5.0,,,,
train_000681,Train-Target-000681,area,-39.19252879,-147.36795969,2,63,149,1,optical,9.5877,18.1139,8.0,6.3930,85.0657,0.260998,auto,0,120,20.0,72.1677,86.6952,216.9255,0.95
train_002295,Train-Target-002295,point,-39.43819052,69.87450236,7,20,128,1,optical,4.4196,37.4646,8.0,8.1060,43.0267,0.347404,single,1,120,5.0,,,,
train_001475,Train-Target-001475,area,-38.40303760,-162.16950336,2,151,233,1,optical,2.9305,21.1966,8.0,5.1954,77.8458,0.247110,auto,0,120,20.0,77.1094,100.6428,214.4912,0.95
train_001948,Train-Target-001948,area,-36.99277385,123.11806203,5,13,81,1,infrared,29.3325,66.6527,-90.0,5.6817,85.4179,0.421903,auto,0,120,20.0,114.7615,72.4679,213.5890,0.95
train_001294,Train-Target-001294,area,0.14668451,41.12793071,6,102,184,1,sar,20.8628,57.0713,-90.0,7.5854,41.3976,0.232253,auto,0,120,20.0,16.5931,22.5228,127.2791,0.95
train_001576,Train-Target-001576,area,-53.15374893,132.86208149,2,44,201,1,sar,9.6999,38.5681,-90.0,5.1668,46.0928,0.352673,auto,0,120,20.0,128.3282,128.8688,347.1540,0.95
train_000108,Train-Target-000108,area,-29.75545982,-66.50035031,2,54,106,1,optical,3.5681,56.9493,8.0,5.3644,73.5143,0.236420,auto,0,120,20.0,14.7888,18.1249,234.1319,0.95
train_002968,Train-Target-002968,area,-32.08075942,26.82173251,5,161,230,1,optical,6.0574,27.5222,8.0,5.6668,32.8010,0.360058,auto,0,120,20.0,68.6780,96.4724,107.1760,0.95
train_002276,Train-Target-002276,point,-25.89904530,-141.92396856,5,104,183,1,sar,13.8566,91.7512,-90.0,5.4772,43.3337,0.253163,single,1,120,5.0,,,,
train_001844,Train-Target-001844,area,-54.41167988,-91.90554713,3,17,131,1,optical,9.1831,22.7919,8.0,6.7588,51.2036,0.217874,auto,0,120,20.0,21.1558,29.0871,210.0726,0.95
train_000089,Train-Target-000089,area,-54.03447624,-102.10191431,10,40,131,1,optical,4.7097,30.6583,8.0,7.4782,30.8884,0.372235,auto,0,120,20.0,176.1443,170.1111,339.9162,0.95
train_000407,Train-Target-000407,point,53.58009690,-34.67361516,2,53,185,1,sar,11.6371,77.8445,-90.0,7.5960,50.9373,0.447263,sequential,2,120,5.0,,,,
train_002098,Train-Target-002098,area,-3.70328131,-51.68792643,5,65,178,1,optical,6.7286,32.0499,8.0,5.4215,21.1365,0.189323,auto,0,120,20.0,27.1709,14.2782,270.4404,0.95
train_000379,Train-Target-000379,point,46.64805779,176.79800185,9,78,161,1,optical,3.2842,51.0556,8.0,7.4287,22.1041,0.230098,single,1,120,5.0,,,,
train_001734,Train-Target-001734,area,-51.06991675,-75.03639895,10,158,219,1,sar,13.4157,30.9171,-90.0,4.8278,22.2643,0.287612,auto,0,120,20.0,35.9216,40.6948,142.3130,0.95
train_000503,Train-Target-000503,point,-73.68704885,-26.01035529,3,24,148,1,sar,20.6306,83.7942,-90.0,5.9221,85.7356,0.257761,single,1,120,5.0,,,,
train_000477,Train-Target-000477,area,48.04270153,-156.38771342,8,23,137,1,infrared,25.9462,143.9352,-90.0,6.4610,66.3422,0.227313,auto,0,120,20.0,21.5021,29.3258,119.2752,0.95
train_002894,Train-Target-002894,point,46.95488268,80.13021145,2,58,214,1,sar,16.7957,68.1619,-90.0,6.2271,63.3009,0.412812,single,1,120,5.0,,,,
train_002707,Train-Target-002707,area,72.78933518,-61.84053467,1,20,110,1,sar,19.6348,42.9861,-90.0,6.6242,42.7405,0.431165,auto,0,120,20.0,168.9839,217.6825,304.1111,0.95
train_002482,Train-Target-002482,area,62.04771652,37.67669703,1,65,223,1,optical,3.2117,32.9397,8.0,7.1661,24.5841,0.186943,auto,0,120,20.0,250.8879,181.5699,95.9877,0.95
train_000884,Train-Target-000884,area,-43.43884601,-151.81502334,7,25,86,1,optical,7.6538,20.9512,8.0,6.0077,65.6807,0.445264,auto,0,120,20.0,41.6739,41.5548,342.7450,0.95
train_001554,Train-Target-001554,area,16.05139934,160.10186424,8,107,204,1,infrared,31.6026,68.3397,-90.0,7.9686,72.9175,0.328315,auto,0,120,20.0,38.0346,18.7671,76.1550,0.95
train_000065,Train-Target-000065,area,-5.96679418,123.98276436,1,134,226,1,optical,9.2798,27.9976,8.0,6.7736,51.2881,0.414300,auto,0,120,20.0,14.9267,32.5515,293.2256,0.95
train_001114,Train-Target-001114,point,-7.25153586,78.76673202,10,96,150,1,infrared,31.9337,101.6573,-90.0,5.9781,53.8847,0.280869,simultaneous,2,120,5.0,,,,
train_001045,Train-Target-001045,area,0.36981462,-89.32546665,9,37,175,1,sar,16.6762,57.1142,-90.0,5.1416,55.9736,0.333583,auto,0,120,20.0,128.2711,65.3813,139.2315,0.95
train_002773,Train-Target-002773,area,-44.11405346,7.34073762,6,37,195,1,optical,6.9944,41.2945,8.0,7.5843,62.2199,0.254207,auto,0,120,20.0,137.3122,135.0917,154.0410,0.95
train_002988,Train-Target-002988,point,-20.60147509,86.23796451,4,121,169,1,optical,3.5411,20.2389,8.0,8.3835,23.9925,0.252936,single,1,120,5.0,,,,
train_000049,Train-Target-000049,area,39.54285321,-47.24064008,6,65,214,1,sar,17.2010,73.1613,-90.0,6.9384,50.8257,0.221649,auto,0,120,20.0,125.7506,63.4074,159.7347,0.95
train_003014,Train-Target-003014,area,-62.79460793,-1.98607124,2,18,85,1,optical,3.2018,64.8818,8.0,5.5688,23.7874,0.300445,auto,0,120,20.0,131.8382,139.6741,333.8088,0.95
train_000621,Train-Target-000621,area,52.22965382,-169.93274281,8,38,160,1,sar,16.5447,89.6427,-90.0,7.4554,58.9053,0.309913,auto,0,120,20.0,272.4388,224.5187,134.6350,0.95
train_002806,Train-Target-002806,area,24.90973030,-99.01071250,4,112,179,1,optical,6.8660,19.9631,8.0,5.9519,80.1540,0.341684,auto,0,120,20.0,143.1503,226.4023,26.4837,0.95
train_002739,Train-Target-002739,area,-73.72036488,-71.50368043,5,112,231,1,sar,11.2472,62.7151,-90.0,8.2741,55.8344,0.393402,auto,0,120,20.0,126.6493,81.8231,129.8290,0.95
train_002565,Train-Target-002565,area,-65.70439685,66.24307361,6,13,144,1,optical,5.7947,47.7015,8.0,8.3176,48.2714,0.211390,auto,0,120,20.0,38.6918,13.0209,301.4948,0.95
train_002779,Train-Target-002779,area,-18.96644986,-147.14303270,4,16,146,1,optical,5.3845,13.9705,8.0,5.5239,50.1137,0.289751,auto,0,120,20.0,73.4281,58.4791,211.5107,0.95
train_001557,Train-Target-001557,area,-49.12153773,-164.29850413,6,71,136,1,optical,2.5118,22.7159,8.0,5.6822,62.8563,0.394688,auto,0,120,20.0,33.6941,46.6425,184.2281,0.95
train_000667,Train-Target-000667,area,-11.72853395,51.88094628,9,53,203,1,sar,20.1650,67.2791,-90.0,4.9099,38.0080,0.194219,auto,0,120,20.0,117.0545,97.4879,335.0091,0.95
train_002599,Train-Target-002599,point,16.13059286,-144.01211330,8,53,169,1,sar,14.9076,34.1242,-90.0,7.6845,77.9036,0.195821,single,1,120,5.0,,,,
train_002306,Train-Target-002306,point,-41.04665281,128.03453107,9,5,153,1,optical,4.1262,51.6451,8.0,4.6647,66.5817,0.191473,simultaneous,2,120,5.0,,,,
train_002008,Train-Target-002008,point,15.85014395,-2.02806941,1,7,127,1,optical,5.8921,63.4453,8.0,5.8354,79.8001,0.353346,single,1,120,5.0,,,,
train_002541,Train-Target-002541,area,49.67431997,134.31318570,2,16,101,1,sar,13.4667,90.8388,-90.0,4.6588,26.4072,0.306527,auto,0,120,20.0,65.6452,81.6614,354.1031,0.95
train_002118,Train-Target-002118,area,42.94754690,-79.99129384,7,89,216,1,sar,8.2039,26.5130,-90.0,7.0166,29.8304,0.434248,auto,0,120,20.0,267.3845,221.5120,21.2572,0.95
train_000354,Train-Target-000354,area,27.38828031,157.88939498,8,56,213,1,optical,4.3446,27.7109,8.0,8.3126,49.3193,0.362054,auto,0,120,20.0,211.0621,238.5277,220.4569,0.95
train_003045,Train-Target-003045,area,36.48932392,-42.51374730,1,163,231,1,infrared,22.7504,86.0113,-90.0,4.7557,78.3873,0.282564,auto,0,120,20.0,79.0935,56.3657,44.0570,0.95
train_000002,Train-Target-000002,point,-8.72009041,29.51337300,8,161,218,1,optical,4.3638,59.9788,8.0,7.3845,52.7432,0.291148,single,1,120,5.0,,,,
train_000862,Train-Target-000862,point,-46.49355877,-5.02572493,2,176,224,1,optical,8.5826,17.7247,8.0,5.0691,35.2596,0.253315,sequential,2,120,5.0,,,,
train_002623,Train-Target-002623,area,-4.69034180,82.26844027,5,106,147,1,optical,4.7777,33.5188,8.0,4.8484,63.4039,0.232204,auto,0,120,20.0,258.1389,193.0550,331.2695,0.95
train_001501,Train-Target-001501,point,-81.62188132,-15.10524654,1,82,158,1,optical,2.0642,56.3948,8.0,7.1479,67.2526,0.271131,single,1,120,5.0,,,,
train_000199,Train-Target-000199,area,-26.21027707,80.79395591,4,84,214,1,infrared,26.3978,93.3520,-90.0,8.1078,55.1218,0.200860,auto,0,120,20.0,89.7256,111.3036,32.6939,0.95
train_000838,Train-Target-000838,area,-11.79193012,-141.60319446,7,67,129,1,infrared,21.6492,71.5663,-90.0,6.0732,56.2975,0.212121,auto,0,120,20.0,286.6935,270.8815,156.0742,0.95
train_002630,Train-Target-002630,area,-48.82233344,-27.07750074,3,129,175,1,optical,4.8022,12.0959,8.0,7.1848,55.1812,0.224147,auto,0,120,20.0,55.4156,66.0900,271.2291,0.95
train_002907,Train-Target-002907,area,11.49359098,-5.23983218,5,30,182,1,optical,8.3716,39.0022,8.0,6.1155,81.0355,0.202560,auto,0,120,20.0,49.9060,46.0186,245.6837,0.95
train_002910,Train-Target-002910,area,1.66411906,73.54476165,4,55,196,1,optical,9.0064,52.2982,8.0,7.2362,64.6466,0.258928,auto,0,120,20.0,23.2232,40.9703,13.6400,0.95
train_002342,Train-Target-002342,point,71.46404840,-98.08201336,7,102,146,1,sar,13.1810,37.6887,-90.0,6.4072,58.7519,0.324442,single,1,120,5.0,,,,
train_000018,Train-Target-000018,area,-1.29491724,-72.23808974,3,32,114,1,sar,19.7724,42.6167,-90.0,7.4166,51.8215,0.198357,auto,0,120,20.0,84.9480,117.1229,70.0544,0.95
train_002687,Train-Target-002687,area,64.69791604,119.48647375,9,70,205,1,optical,2.0890,26.3004,8.0,5.8871,75.2528,0.442677,auto,0,120,20.0,29.5404,22.1824,307.0851,0.95
train_001979,Train-Target-001979,area,67.61476988,80.81913691,1,6,94,1,sar,20.2639,103.1683,-90.0,6.3954,59.2974,0.439432,auto,0,120,20.0,48.1641,16.1859,93.2409,0.95
train_002114,Train-Target-002114,area,43.55747828,-125.19559472,8,13,117,1,optical,9.0214,54.9694,8.0,8.0800,20.1476,0.321682,auto,0,120,20.0,149.3687,241.5405,9.6373,0.95
train_002185,Train-Target-002185,area,35.14861484,52.49058984,3,4,84,1,sar,21.6263,85.1112,-90.0,6.5155,27.9213,0.428479,auto,0,120,20.0,22.9325,19.7312,46.4135,0.95
train_000390,Train-Target-000390,point,22.73977291,96.85297500,8,64,147,1,optical,2.8299,44.6937,8.0,8.1816,23.2083,0.379422,sequential,2,120,5.0,,,,
train_000733,Train-Target-000733,point,34.46025003,-49.89210258,3,26,157,1,sar,16.4570,61.6772,-90.0,8.2697,50.2732,0.305667,simultaneous,2,120,5.0,,,,
train_002436,Train-Target-002436,area,41.71605293,142.08695977,1,122,209,1,sar,14.0842,63.8674,-90.0,4.5240,89.1443,0.269836,auto,0,120,20.0,13.3983,32.5965,40.7741,0.95
train_000083,Train-Target-000083,point,2.06359435,-162.19392936,4,37,98,1,optical,3.8627,55.0422,8.0,7.2666,59.1087,0.237816,single,1,120,5.0,,,,
train_000772,Train-Target-000772,point,41.80743987,-22.51049094,1,9,153,1,optical,7.7850,19.1816,8.0,6.2830,66.6335,0.297169,single,1,120,5.0,,,,
train_000074,Train-Target-000074,area,32.43079539,108.62634562,4,82,184,1,optical,8.5449,10.0920,8.0,7.5186,58.8127,0.232656,auto,0,120,20.0,78.4941,60.3413,209.2419,0.95
train_002546,Train-Target-002546,point,-56.86891148,18.28690641,7,39,158,1,sar,13.8340,60.8663,-90.0,5.8206,62.0474,0.368239,single,1,120,5.0,,,,
train_001895,Train-Target-001895,area,-19.17005577,-78.74933620,8,95,213,1,optical,6.0792,34.0739,8.0,8.0295,76.3718,0.217460,auto,0,120,20.0,47.5814,38.8761,223.5417,0.95
train_002399,Train-Target-002399,area,51.63865982,-114.32532068,2,50,116,1,infrared,28.4063,120.3309,-90.0,5.3091,82.7050,0.331507,auto,0,120,20.0,35.1081,18.1587,1.0482,0.95
train_002140,Train-Target-002140,area,-8.18761058,52.81573359,4,104,223,1,optical,6.0917,49.0548,8.0,7.6552,43.5821,0.228208,auto,0,120,20.0,106.6009,123.7279,278.8974,0.95
train_002957,Train-Target-002957,area,-7.10732855,-88.72930139,6,59,202,1,optical,2.5752,14.0540,8.0,5.9791,44.8478,0.420519,auto,0,120,20.0,125.6690,91.1555,161.4434,0.95
train_000718,Train-Target-000718,area,-55.10038410,-5.81270676,4,167,209,1,sar,11.2511,33.8695,-90.0,7.0791,26.4601,0.328214,auto,0,120,20.0,85.9971,138.4417,149.0530,0.95
train_001969,Train-Target-001969,area,24.72600369,54.78828992,7,5,145,1,optical,5.7136,11.6350,8.0,4.5531,38.2298,0.223697,auto,0,120,20.0,281.9680,279.8342,27.7704,0.95
train_001614,Train-Target-001614,area,4.66607876,-26.74140870,5,47,103,1,optical,3.7645,59.2260,8.0,6.1206,38.5496,0.208984,auto,0,120,20.0,270.1767,173.6960,136.0873,0.95
train_000122,Train-Target-000122,area,-31.61485538,61.88910459,8,76,159,1,optical,8.4326,60.2157,8.0,7.1814,88.6818,0.258326,auto,0,120,20.0,223.4784,267.4074,235.5838,0.95
train_001469,Train-Target-001469,point,-47.63148329,-74.42262310,10,124,200,1,optical,8.1612,44.7848,8.0,6.9845,36.9418,0.398856,sequential,2,120,5.0,,,,
train_000142,Train-Target-000142,area,8.71332545,-177.10427506,9,157,222,1,sar,15.6678,72.2514,-90.0,5.1799,67.2994,0.264902,auto,0,120,20.0,36.7525,42.6239,280.0121,0.95
train_002922,Train-Target-002922,area,66.27040858,13.01853346,9,26,86,1,optical,7.0455,40.5762,8.0,6.8024,64.3547,0.183065,auto,0,120,20.0,71.7079,82.2281,5.1636,0.95
train_001603,Train-Target-001603,area,-53.68704289,163.79470907,4,57,195,1,sar,13.7223,75.2414,-90.0,5.4491,59.0406,0.326180,auto,0,120,20.0,45.9339,34.2240,237.5781,0.95
train_001147,Train-Target-001147,area,57.56082377,-157.93868577,1,98,192,1,optical,6.0253,35.8966,8.0,6.2593,33.6744,0.225205,auto,0,120,20.0,265.3388,188.9390,250.7568,0.95
train_001818,Train-Target-001818,point,2.34719746,149.28607914,4,62,161,1,optical,8.6517,64.2076,8.0,5.0269,27.3797,0.396402,single,1,120,5.0,,,,
train_000719,Train-Target-000719,point,-2.27013774,170.55440298,5,33,93,1,infrared,30.9552,120.0360,-90.0,5.8240,89.4324,0.210384,single,1,120,5.0,,,,
train_000582,Train-Target-000582,area,24.94253657,-62.87614332,6,81,213,1,optical,4.9082,64.2826,8.0,6.4623,73.1908,0.368117,auto,0,120,20.0,118.7582,99.0785,139.7858,0.95
train_002303,Train-Target-002303,area,3.50952671,83.70963324,4,83,239,1,optical,3.2868,54.2865,8.0,8.3745,76.3004,0.262826,auto,0,120,20.0,156.7553,153.6911,266.5870,0.95
train_002747,Train-Target-002747,area,34.45816529,-85.83267406,9,71,221,1,optical,2.4497,23.0940,8.0,5.9908,79.9999,0.256282,auto,0,120,20.0,85.2614,67.4913,87.2528,0.95
train_002335,Train-Target-002335,area,62.29147995,167.06410841,2,89,228,1,sar,20.1944,72.9584,-90.0,5.5513,61.3796,0.378670,auto,0,120,20.0,46.0632,36.9974,337.1400,0.95
train_002639,Train-Target-002639,area,21.14609413,-110.05424087,5,23,175,1,optical,2.8573,46.2524,8.0,8.0255,66.4918,0.376552,auto,0,120,20.0,95.8876,68.6078,123.1666,0.95
train_002905,Train-Target-002905,area,11.17445640,133.34821025,10,15,128,1,optical,8.5311,31.6321,8.0,8.1854,51.9484,0.309601,auto,0,120,20.0,117.0173,53.6375,351.7487,0.95
train_001567,Train-Target-001567,area,67.09160073,-80.68935048,5,155,229,1,optical,9.9152,23.7575,8.0,5.0767,53.1276,0.263197,auto,0,120,20.0,54.6052,59.4423,263.8083,0.95
train_000575,Train-Target-000575,area,48.89145256,6.97408436,6,19,171,1,optical,7.4366,59.8719,8.0,7.5296,75.9846,0.380895,auto,0,120,20.0,39.0641,44.7005,97.3004,0.95
train_001129,Train-Target-001129,point,-23.24340344,-127.93366054,10,36,177,1,optical,2.0867,27.4236,8.0,7.7921,30.3821,0.218547,single,1,120,5.0,,,,
train_001875,Train-Target-001875,area,-36.68644081,8.04791812,1,95,178,1,optical,6.9208,50.8419,8.0,5.2969,55.7113,0.320227,auto,0,120,20.0,124.0141,51.5662,252.6025,0.95
train_002035,Train-Target-002035,area,15.87525479,-74.75149903,5,55,163,1,optical,5.0265,18.9101,8.0,7.8343,82.2982,0.445999,auto,0,120,20.0,47.3647,26.2512,69.5162,0.95
train_000940,Train-Target-000940,area,-11.57488658,-121.66278123,5,79,235,1,optical,8.8293,39.3374,8.0,7.3687,32.2255,0.212663,auto,0,120,20.0,139.4049,101.4206,25.0737,0.95
train_002067,Train-Target-002067,area,-89.25472002,117.21803286,1,80,160,1,optical,7.4332,52.9023,8.0,5.9461,79.0906,0.197783,auto,0,120,20.0,128.5821,135.8909,191.4467,0.95
train_000166,Train-Target-000166,area,66.71731751,145.61081002,10,106,201,1,infrared,25.4756,117.9144,-90.0,6.8493,83.5326,0.241179,auto,0,120,20.0,179.4936,152.0136,150.8164,0.95
train_000479,Train-Target-000479,area,49.27350689,80.79569523,8,13,145,1,optical,7.0883,33.4596,8.0,8.3391,56.1524,0.190342,auto,0,120,20.0,95.2306,120.0440,352.3313,0.95
train_000622,Train-Target-000622,point,71.91740713,-49.32203513,10,48,194,1,optical,6.6513,26.3876,8.0,7.2303,78.1429,0.265515,single,1,120,5.0,,,,
train_000666,Train-Target-000666,area,-37.86863833,81.51214753,7,123,223,1,optical,8.4951,22.4285,8.0,4.6055,22.8120,0.185829,auto,0,120,20.0,238.2452,229.6541,322.6061,0.95
train_002998,Train-Target-002998,area,-51.07016249,120.53649186,5,121,169,1,sar,21.9671,95.0639,-90.0,4.7259,71.5764,0.296827,auto,0,120,20.0,49.1709,38.5394,2.8046,0.95
train_001498,Train-Target-001498,area,36.84499627,-156.25488205,2,116,203,1,optical,7.5057,22.3218,8.0,7.6408,22.2447,0.332516,auto,0,120,20.0,269.8456,291.7502,236.9554,0.95
train_002558,Train-Target-002558,area,-3.87680434,99.79485574,10,38,97,1,optical,5.0220,55.7768,8.0,6.2224,85.2059,0.329381,auto,0,120,20.0,160.3554,216.8720,186.4517,0.95
train_000847,Train-Target-000847,point,-5.63165385,159.86215556,2,91,222,1,optical,5.0844,57.6450,8.0,7.9366,48.6229,0.236434,single,1,120,5.0,,,,
train_002025,Train-Target-002025,point,67.69634359,-55.27747078,3,100,163,1,optical,4.4976,57.0141,8.0,5.6400,54.0627,0.252798,single,1,120,5.0,,,,
train_002485,Train-Target-002485,area,23.50870131,-73.55766699,7,109,187,1,sar,10.9002,37.1778,-90.0,5.0524,36.0831,0.361683,auto,0,120,20.0,63.8834,57.1277,319.9071,0.95
train_000003,Train-Target-000003,area,44.26383541,-50.71183605,4,147,228,1,optical,3.5079,26.7112,8.0,6.4003,62.4971,0.247755,auto,0,120,20.0,32.7459,36.2020,122.2972,0.95
train_002986,Train-Target-002986,area,37.80290644,29.04556038,9,56,147,1,optical,8.4111,38.8156,8.0,5.5353,45.7908,0.223329,auto,0,120,20.0,128.0215,76.9094,153.8450,0.95
train_000809,Train-Target-000809,area,81.96858538,-101.74101342,1,67,143,1,sar,10.3486,82.5606,-90.0,4.9424,33.6278,0.203039,auto,0,120,20.0,27.2826,32.9986,37.7110,0.95
train_002390,Train-Target-002390,area,-3.69145885,117.77953519,8,22,137,1,optical,5.6558,14.8108,8.0,8.1865,36.9955,0.401000,auto,0,120,20.0,43.4282,38.7476,282.5793,0.95
train_001028,Train-Target-001028,area,16.20352035,-98.93417142,3,57,132,1,optical,4.9890,56.6928,8.0,7.4648,75.0963,0.289117,auto,0,120,20.0,122.8172,102.3262,8.1974,0.95
train_001133,Train-Target-001133,area,-21.04154243,102.54356559,5,58,211,1,sar,17.0292,57.5143,-90.0,6.3958,66.0310,0.410126,auto,0,120,20.0,34.0351,45.0517,222.3031,0.95
train_000061,Train-Target-000061,area,-55.07790672,-129.86839557,7,50,123,1,optical,7.2403,46.3542,8.0,6.5928,24.3597,0.232025,auto,0,120,20.0,80.2678,127.5256,206.3870,0.95
train_002622,Train-Target-002622,area,-11.29995639,76.03403820,10,38,121,1,optical,6.1970,30.5723,8.0,7.8313,77.8709,0.197389,auto,0,120,20.0,294.2388,157.3476,286.6213,0.95
train_001352,Train-Target-001352,area,-22.45104627,10.60433303,2,128,232,1,sar,16.9112,32.8342,-90.0,7.9869,24.0627,0.321648,auto,0,120,20.0,28.9679,36.1619,319.4831,0.95
train_000954,Train-Target-000954,area,-71.68055172,14.51070456,9,75,230,1,optical,8.0245,53.8734,8.0,7.4969,35.2886,0.408323,auto,0,120,20.0,132.9625,130.2812,48.7000,0.95
train_002089,Train-Target-002089,area,-23.58694940,-67.86109642,10,85,175,1,optical,4.7611,52.4069,8.0,6.4120,68.9530,0.326051,auto,0,120,20.0,22.2811,31.2179,9.0831,0.95
train_000914,Train-Target-000914,area,-4.04362082,-92.61068978,4,106,203,1,sar,16.7379,107.6997,-90.0,6.4435,73.0002,0.197854,auto,0,120,20.0,52.1671,54.9542,238.4060,0.95
train_000186,Train-Target-000186,point,-5.66473197,0.21795570,10,19,111,1,optical,8.4612,34.6625,8.0,7.0699,69.8468,0.427335,single,1,120,5.0,,,,
train_001116,Train-Target-001116,area,23.51951512,112.89371748,10,7,140,1,infrared,32.0688,135.7481,-90.0,6.0537,68.7280,0.335929,auto,0,120,20.0,90.8190,105.4303,78.6530,0.95
train_000594,Train-Target-000594,area,-10.29663755,-62.69546415,8,183,238,1,infrared,29.9386,132.5013,-90.0,6.8694,47.3582,0.405083,auto,0,120,20.0,217.7390,280.7760,191.6711,0.95
train_001803,Train-Target-001803,area,26.49815624,-1.89230426,5,129,186,1,optical,2.9928,28.4771,8.0,5.3019,74.2273,0.397854,auto,0,120,20.0,253.5607,214.7088,84.6526,0.95
train_000873,Train-Target-000873,area,58.65201708,85.99677123,8,104,229,1,optical,3.5742,18.1453,8.0,4.7129,34.7956,0.379609,auto,0,120,20.0,17.5000,37.9392,247.2760,0.95
train_000919,Train-Target-000919,area,9.42780996,-106.32763905,8,39,154,1,optical,7.7346,35.5975,8.0,7.4512,83.1087,0.437311,auto,0,120,20.0,19.1598,33.7472,160.8803,0.95
train_000926,Train-Target-000926,point,-15.65751800,-8.00222550,4,16,91,1,optical,6.1272,10.5658,8.0,8.2643,39.6168,0.322340,single,1,120,5.0,,,,
train_001392,Train-Target-001392,area,69.70436111,121.08003159,3,64,155,1,optical,8.5585,47.5877,8.0,5.2457,49.0384,0.337586,auto,0,120,20.0,149.8309,284.3404,5.1351,0.95
train_001866,Train-Target-001866,point,-46.90392507,-142.94391635,7,26,183,1,infrared,31.1558,110.9679,-90.0,7.3106,36.0289,0.189297,sequential,2,120,5.0,,,,
train_002191,Train-Target-002191,area,-16.10437815,-108.33168644,9,60,152,1,optical,5.1518,15.5844,8.0,4.6453,53.9101,0.409960,auto,0,120,20.0,122.1113,63.5688,231.3852,0.95
train_001805,Train-Target-001805,point,-47.73530733,89.57247174,3,31,142,1,infrared,28.5305,88.0353,-90.0,5.4184,79.0518,0.351043,single,1,120,5.0,,,,
train_002313,Train-Target-002313,area,-12.19498719,115.86954874,8,3,160,1,optical,5.4017,43.8186,8.0,4.6187,66.9490,0.418905,auto,0,120,20.0,47.6749,15.2349,189.5333,0.95
train_002671,Train-Target-002671,area,38.26598518,-2.11661723,10,78,118,1,sar,21.8902,64.3508,-90.0,7.9156,59.8614,0.384149,auto,0,120,20.0,42.7436,44.9509,260.1227,0.95
train_002062,Train-Target-002062,area,-16.08798224,-173.96944117,6,76,203,1,optical,4.0995,63.9336,8.0,5.3420,89.8851,0.360560,auto,0,120,20.0,24.4352,41.8137,23.9618,0.95
train_000805,Train-Target-000805,area,-5.31678995,143.62019267,1,5,90,1,optical,2.9221,45.7462,8.0,7.6824,60.7803,0.354160,auto,0,120,20.0,223.0456,264.5790,123.8483,0.95
train_001329,Train-Target-001329,area,-26.55529928,-128.19304755,7,78,233,1,optical,2.6677,17.8662,8.0,5.0248,43.5589,0.295222,auto,0,120,20.0,113.1302,52.3735,116.9480,0.95
train_001466,Train-Target-001466,area,-21.02701296,-47.27036613,2,51,205,1,optical,3.6034,38.7112,8.0,6.1429,61.8016,0.269248,auto,0,120,20.0,182.1230,213.6904,307.8421,0.95
train_002040,Train-Target-002040,area,59.37912381,131.52844702,1,38,187,1,optical,2.7631,26.7524,8.0,7.8244,57.3300,0.370417,auto,0,120,20.0,55.2665,59.7090,37.0892,0.95
train_000441,Train-Target-000441,area,-54.47913734,84.26570756,6,0,138,1,sar,21.8070,34.5640,-90.0,5.0627,88.9884,0.441575,auto,0,120,20.0,147.0805,219.9257,200.3974,0.95
train_001744,Train-Target-001744,area,-5.79411099,-104.17463073,8,71,153,1,optical,2.4856,42.3645,8.0,6.4736,62.0788,0.250432,auto,0,120,20.0,217.2847,190.9117,125.7456,0.95
train_001960,Train-Target-001960,point,48.05177487,-66.67083327,1,69,219,1,optical,3.4380,36.3162,8.0,5.8278,31.1972,0.371260,sequential,2,120,5.0,,,,
train_001923,Train-Target-001923,area,-12.48023577,-175.10908765,9,116,234,1,optical,6.0114,47.9927,8.0,7.5771,43.7865,0.411649,auto,0,120,20.0,127.3748,101.0713,144.2559,0.95
train_000595,Train-Target-000595,area,77.01560880,-162.87518401,7,178,235,1,sar,10.0258,46.8586,-90.0,6.1134,43.1995,0.391950,auto,0,120,20.0,51.2048,111.2594,17.9528,0.95
train_001892,Train-Target-001892,point,-17.54612618,-37.43821771,2,78,181,1,optical,8.4395,64.5139,8.0,5.9287,69.9664,0.387749,single,1,120,5.0,,,,
train_000106,Train-Target-000106,area,40.55197845,87.68761116,4,112,230,1,optical,7.5129,36.0211,8.0,8.2679,29.9903,0.252317,auto,0,120,20.0,22.5886,19.8829,140.3401,0.95
train_000405,Train-Target-000405,point,6.82443124,105.81233556,9,92,135,1,optical,9.2776,56.0823,8.0,6.4671,85.6781,0.346540,single,1,120,5.0,,,,
train_001574,Train-Target-001574,area,12.31345534,95.76368656,10,117,171,1,sar,17.7513,73.3504,-90.0,5.8288,40.9331,0.185476,auto,0,120,20.0,35.5315,14.7915,45.6439,0.95
train_001710,Train-Target-001710,point,-61.69214418,-27.08895794,1,5,136,1,optical,7.6413,34.3731,8.0,7.0514,44.3056,0.204152,single,1,120,5.0,,,,
train_001504,Train-Target-001504,area,55.18281853,-110.44161020,3,134,207,1,optical,5.3291,45.9144,8.0,6.5183,34.0672,0.212306,auto,0,120,20.0,145.1449,278.6834,343.6339,0.95
train_001247,Train-Target-001247,point,51.11793487,-175.67933910,3,68,119,1,infrared,23.4978,115.2403,-90.0,7.6453,35.9600,0.353174,single,1,120,5.0,,,,
train_001889,Train-Target-001889,point,33.04960892,4.44419752,2,11,119,1,optical,5.3446,11.5582,8.0,4.7608,38.5326,0.404391,simultaneous,2,120,5.0,,,,
train_001394,Train-Target-001394,area,-63.54024333,-115.44077601,2,25,104,1,sar,12.5965,80.5873,-90.0,7.2834,23.1606,0.283524,auto,0,120,20.0,256.4779,159.6027,8.5064,0.95
train_000141,Train-Target-000141,area,10.36518828,145.15567694,5,47,189,1,optical,5.6071,61.3419,8.0,6.7781,41.9577,0.328150,auto,0,120,20.0,65.9497,113.9722,233.8638,0.95
train_000286,Train-Target-000286,area,38.31190000,-49.88311792,4,59,218,1,optical,3.7535,34.7429,8.0,5.0575,86.6000,0.340688,auto,0,120,20.0,44.1799,32.2671,210.5962,0.95
train_002965,Train-Target-002965,area,-54.21069712,51.62654863,9,34,117,1,optical,5.6234,11.5289,8.0,7.6316,29.0411,0.435303,auto,0,120,20.0,171.0849,249.1048,52.1793,0.95
train_000459,Train-Target-000459,area,11.67705280,-154.92373582,8,18,159,1,optical,7.0952,15.2222,8.0,6.9745,36.4642,0.192750,auto,0,120,20.0,26.1957,38.5850,260.5499,0.95
train_001725,Train-Target-001725,area,-19.47249328,-152.12932565,9,32,155,1,optical,6.0021,27.2353,8.0,4.6811,46.4405,0.196740,auto,0,120,20.0,33.1923,35.7417,194.5665,0.95
train_001531,Train-Target-001531,point,38.75269841,-96.31854675,7,79,237,1,sar,17.6740,64.3779,-90.0,8.1805,28.3660,0.354435,single,1,120,5.0,,,,
train_002077,Train-Target-002077,area,-65.43595122,119.19832452,2,168,236,1,sar,19.6947,99.3608,-90.0,5.0985,20.8783,0.250629,auto,0,120,20.0,72.4227,95.4364,77.5690,0.95
train_000057,Train-Target-000057,point,39.84561383,-3.42383010,4,13,157,1,optical,8.9886,61.5389,8.0,6.5287,71.4578,0.307491,single,1,120,5.0,,,,
train_000845,Train-Target-000845,area,43.34151865,-113.03612826,10,56,200,1,infrared,21.1542,104.5702,-90.0,5.7180,65.0003,0.383099,auto,0,120,20.0,20.6300,17.4626,156.7244,0.95
train_001206,Train-Target-001206,area,-58.02411422,-115.42456994,6,93,182,1,optical,9.1285,25.5420,8.0,7.8717,28.8649,0.336857,auto,0,120,20.0,21.6262,18.5589,88.5024,0.95
train_002241,Train-Target-002241,point,12.65027540,15.90486610,8,95,220,1,sar,12.2564,50.1361,-90.0,6.5633,87.9441,0.347191,simultaneous,2,120,5.0,,,,
train_000911,Train-Target-000911,area,-10.92563224,-132.91565917,8,81,135,1,optical,6.6185,55.8905,8.0,7.8635,45.0854,0.399200,auto,0,120,20.0,298.2905,150.2668,126.3227,0.95
train_001132,Train-Target-001132,area,17.77947279,-28.41086587,1,13,98,1,infrared,28.2248,110.4748,-90.0,8.2944,39.8849,0.400945,auto,0,120,20.0,178.3558,251.5542,215.8744,0.95
train_001308,Train-Target-001308,point,-0.54455339,93.05551051,6,106,212,1,optical,7.9806,17.4285,8.0,6.9789,84.8397,0.344301,single,1,120,5.0,,,,
train_000885,Train-Target-000885,area,-34.94726481,-136.19408141,4,98,231,1,optical,8.7364,11.0810,8.0,8.1239,86.3748,0.203526,auto,0,120,20.0,268.1776,159.5779,138.3366,0.95
train_001860,Train-Target-001860,area,-4.33158868,-1.61810304,1,39,181,1,optical,5.9335,25.4455,8.0,8.2003,77.7495,0.324361,auto,0,120,20.0,46.3074,38.6238,229.0547,0.95
train_002230,Train-Target-002230,area,-9.95412446,121.26204910,4,39,94,1,optical,5.6802,43.3985,8.0,8.0058,69.0340,0.400784,auto,0,120,20.0,15.9806,27.6998,255.2834,0.95
train_002103,Train-Target-002103,area,16.50568104,-27.04685544,5,61,159,1,sar,13.7605,65.2293,-90.0,6.4589,49.6697,0.262793,auto,0,120,20.0,14.2454,43.4523,119.9349,0.95
train_003035,Train-Target-003035,point,-24.52741312,21.32712265,6,77,186,1,sar,18.2574,72.0929,-90.0,8.0547,72.7399,0.344679,sequential,2,120,5.0,,,,
train_001284,Train-Target-001284,point,35.09154270,138.93716246,1,51,195,1,sar,10.0862,54.0255,-90.0,7.9366,40.4445,0.425447,single,1,120,5.0,,,,
train_000095,Train-Target-000095,point,-4.48231657,175.31246787,4,21,110,1,infrared,38.0599,114.1449,-90.0,7.6777,63.3541,0.242876,single,1,120,5.0,,,,
train_002099,Train-Target-002099,area,56.30428916,-67.85852726,3,22,107,1,sar,18.8592,26.6472,-90.0,8.1773,35.0716,0.381710,auto,0,120,20.0,294.4641,288.7933,303.1579,0.95
train_001231,Train-Target-001231,area,-2.91574403,145.87664739,3,24,68,1,optical,9.2881,11.8902,8.0,6.2635,31.0479,0.447605,auto,0,120,20.0,279.9927,288.2181,181.6213,0.95
train_000262,Train-Target-000262,area,-37.12496917,-32.85014072,7,70,226,1,sar,17.8113,56.6154,-90.0,7.7671,39.7994,0.190409,auto,0,120,20.0,90.4588,97.5814,83.4666,0.95
train_002462,Train-Target-002462,point,-81.70477562,-142.45051439,1,12,163,1,optical,3.9898,23.7489,8.0,7.8023,77.7853,0.262968,single,1,120,5.0,,,,
train_001785,Train-Target-001785,area,-50.99935198,-2.85064242,4,17,136,1,optical,5.9440,56.5638,8.0,7.9762,67.3919,0.399874,auto,0,120,20.0,99.8432,126.2221,160.2251,0.95
train_001643,Train-Target-001643,area,62.52352286,-160.43929568,1,27,168,1,infrared,29.8410,57.1906,-90.0,6.6283,37.4581,0.185244,auto,0,120,20.0,26.2324,22.8324,251.2152,0.95
train_000396,Train-Target-000396,area,36.96670440,-99.03198073,6,16,168,1,optical,5.5878,43.1517,8.0,8.1930,59.6791,0.343344,auto,0,120,20.0,268.6060,221.9294,41.2054,0.95
train_002855,Train-Target-002855,area,-65.63351180,177.97359050,6,57,185,1,infrared,23.9864,92.4069,-90.0,8.0896,82.5715,0.304777,auto,0,120,20.0,49.0327,37.0847,253.3020,0.95
train_001096,Train-Target-001096,area,43.37012327,-174.08325175,8,129,182,1,infrared,18.0424,82.6216,-90.0,6.3808,49.5726,0.204797,auto,0,120,20.0,263.1286,153.2921,231.8058,0.95
train_001660,Train-Target-001660,point,28.35206788,40.35045748,4,22,70,1,sar,14.0450,50.6230,-90.0,7.8738,44.1434,0.417155,single,1,120,5.0,,,,
train_002641,Train-Target-002641,area,58.38745600,57.77221530,6,104,184,1,optical,5.8302,19.5431,8.0,7.4341,39.4631,0.420141,auto,0,120,20.0,289.4755,190.3127,88.9226,0.95
train_000427,Train-Target-000427,area,30.79022447,105.94200325,7,51,157,1,optical,5.4820,16.3393,8.0,5.9110,21.8211,0.270008,auto,0,120,20.0,35.0779,39.5244,282.3201,0.95
train_002512,Train-Target-002512,area,-31.17206060,-83.16652692,4,142,222,1,optical,5.3109,28.3552,8.0,7.5501,25.8787,0.236335,auto,0,120,20.0,196.0576,297.1384,249.3679,0.95
train_000341,Train-Target-000341,area,-7.63091747,-47.91747840,2,131,212,1,sar,12.4326,73.0944,-90.0,7.4847,23.3939,0.245643,auto,0,120,20.0,130.6344,108.2085,70.5083,0.95
train_000274,Train-Target-000274,area,49.97709774,1.46097191,2,13,159,1,optical,3.3212,17.7372,8.0,6.4833,70.4580,0.251085,auto,0,120,20.0,136.0667,55.9564,48.8112,0.95
train_002887,Train-Target-002887,area,26.06395670,-105.00990251,10,60,116,1,optical,6.6272,61.0271,8.0,5.9756,34.6998,0.345957,auto,0,120,20.0,111.8442,93.4150,132.9394,0.95
train_000674,Train-Target-000674,area,-30.06172020,-9.91966285,6,41,184,1,optical,9.3269,33.8976,8.0,5.0756,62.3768,0.277526,auto,0,120,20.0,21.7981,31.3837,268.0398,0.95
train_001917,Train-Target-001917,area,30.31880290,47.56979918,2,126,207,1,optical,3.1047,36.5341,8.0,7.8769,24.5763,0.300010,auto,0,120,20.0,158.5704,207.7544,211.4007,0.95
train_001120,Train-Target-001120,area,-78.39895629,-135.13014318,10,71,181,1,optical,6.0048,20.0320,8.0,6.6564,68.0082,0.432115,auto,0,120,20.0,17.8417,21.8762,292.0857,0.95
train_000562,Train-Target-000562,area,46.40343121,13.67641540,3,90,158,1,sar,13.4651,63.4244,-90.0,8.0773,56.1908,0.396893,auto,0,120,20.0,281.3362,231.4107,190.7435,0.95
train_000281,Train-Target-000281,point,-40.38734881,96.34263050,1,92,225,1,sar,12.8587,42.5695,-90.0,5.5069,66.0137,0.274995,single,1,120,5.0,,,,
train_000463,Train-Target-000463,area,-67.65193033,-141.22912849,1,9,121,1,optical,8.6715,16.4747,8.0,8.1114,68.8036,0.443964,auto,0,120,20.0,103.9959,74.4051,258.7185,0.95
train_000822,Train-Target-000822,point,18.35158699,-12.80597562,7,39,187,1,optical,9.3806,50.8657,8.0,5.3920,59.3953,0.284557,single,1,120,5.0,,,,
train_002642,Train-Target-002642,area,18.38365431,-40.47217604,2,86,149,1,sar,21.3127,64.1847,-90.0,4.8830,23.3704,0.326864,auto,0,120,20.0,83.6405,137.0731,93.1037,0.95
train_002501,Train-Target-002501,area,14.18877771,-67.34145988,1,97,223,1,optical,9.4027,10.8423,8.0,8.1704,70.4304,0.410792,auto,0,120,20.0,38.5122,47.4643,357.8205,0.95
train_001322,Train-Target-001322,point,44.39868401,-97.29959608,8,64,111,1,optical,4.5888,44.6106,8.0,5.6471,20.2395,0.301584,sequential,2,120,5.0,,,,
train_001775,Train-Target-001775,point,4.59836378,37.44851796,3,48,207,1,sar,15.4675,73.7067,-90.0,4.5970,54.2151,0.257974,single,1,120,5.0,,,,
train_001443,Train-Target-001443,area,18.90215042,75.18722177,8,8,160,1,sar,20.8294,74.4064,-90.0,4.8628,49.5236,0.391657,auto,0,120,20.0,139.5440,139.8188,159.6167,0.95
train_002738,Train-Target-002738,point,41.91828603,-165.01601797,7,78,216,1,infrared,20.9587,89.4510,-90.0,6.5078,61.1072,0.183498,single,1,120,5.0,,,,
train_002996,Train-Target-002996,area,-35.11084334,-106.32925768,7,1,123,1,optical,8.2761,31.8047,8.0,7.2373,84.9202,0.336253,auto,0,120,20.0,72.6857,102.0348,144.8088,0.95
train_002159,Train-Target-002159,area,-89.42032817,-125.66783882,2,42,137,1,sar,16.8928,70.5049,-90.0,7.8223,86.4961,0.345579,auto,0,120,20.0,176.6576,187.1712,64.1461,0.95
train_000896,Train-Target-000896,point,-70.04766460,144.05430582,10,31,152,1,optical,9.6746,10.7115,8.0,7.8568,71.2998,0.246076,single,1,120,5.0,,,,
train_002257,Train-Target-002257,point,53.95642623,111.64552730,10,72,231,1,optical,5.0439,19.6816,8.0,6.1461,31.6697,0.216892,single,1,120,5.0,,,,
train_001635,Train-Target-001635,point,-7.85216968,-40.12804224,3,12,122,1,infrared,39.2426,109.8992,-90.0,5.9358,87.4571,0.262007,single,1,120,5.0,,,,
train_001256,Train-Target-001256,area,-42.82480571,116.80089754,6,117,211,1,sar,17.2519,63.7111,-90.0,6.1942,50.9730,0.387886,auto,0,120,20.0,202.7313,239.5279,234.6879,0.95
train_002911,Train-Target-002911,area,34.68286472,125.25200609,10,77,154,1,optical,8.3920,57.8386,8.0,4.8401,61.0316,0.408369,auto,0,120,20.0,19.3023,48.0359,38.7184,0.95
train_001122,Train-Target-001122,area,-36.95265471,32.42096177,7,13,134,1,optical,4.7235,49.4215,8.0,5.9442,26.6258,0.215206,auto,0,120,20.0,102.4753,90.4365,203.0174,0.95
train_002354,Train-Target-002354,point,7.59860662,52.69082545,4,11,80,1,optical,3.5977,43.2777,8.0,6.8041,34.0203,0.379931,single,1,120,5.0,,,,
train_001685,Train-Target-001685,area,40.26962346,-72.51708364,5,13,91,1,optical,3.8200,45.1609,8.0,6.9826,83.3775,0.297410,auto,0,120,20.0,204.9121,173.7620,268.1287,0.95
train_000539,Train-Target-000539,area,-32.07809090,-54.44303179,10,101,203,1,optical,6.2438,48.8792,8.0,7.1161,52.6469,0.274175,auto,0,120,20.0,62.5252,121.3496,179.4318,0.95
train_000128,Train-Target-000128,area,16.69322299,102.64200988,5,93,140,1,optical,2.0467,14.7773,8.0,5.3590,41.1799,0.291203,auto,0,120,20.0,108.3942,131.0416,61.0048,0.95
train_002703,Train-Target-002703,point,15.87940055,-69.33985735,2,39,106,1,optical,9.1052,25.4633,8.0,8.3231,22.7639,0.423715,sequential,2,120,5.0,,,,
train_002798,Train-Target-002798,area,39.54689543,113.65823728,4,63,188,1,sar,19.1942,37.0812,-90.0,5.6302,68.9045,0.196993,auto,0,120,20.0,29.0148,14.5909,287.6155,0.95
train_002412,Train-Target-002412,area,4.70582530,-47.23213674,10,41,191,1,sar,17.7266,95.2705,-90.0,7.5598,81.1871,0.367590,auto,0,120,20.0,73.6511,87.8751,118.1724,0.95
train_002244,Train-Target-002244,area,57.75018440,150.05778902,8,1,152,1,optical,9.9232,51.6820,8.0,7.4691,63.9117,0.392420,auto,0,120,20.0,73.4620,134.2858,326.0570,0.95
train_002224,Train-Target-002224,area,47.56320104,-111.37329291,1,77,168,1,sar,10.4033,55.7790,-90.0,6.8903,87.0987,0.383908,auto,0,120,20.0,236.2767,276.7631,148.0925,0.95
train_001401,Train-Target-001401,area,14.73135630,-36.82746663,3,88,164,1,sar,19.2256,83.3362,-90.0,5.2250,36.6129,0.251428,auto,0,120,20.0,138.9552,70.3316,180.4253,0.95
train_000419,Train-Target-000419,area,57.08265285,-16.90554408,3,160,212,1,optical,9.0747,46.6898,8.0,4.5181,80.3558,0.420606,auto,0,120,20.0,58.6748,132.2528,350.6927,0.95
train_001845,Train-Target-001845,area,-57.63278667,88.79132339,6,54,205,1,sar,13.6176,39.3872,-90.0,7.8298,36.1297,0.408204,auto,0,120,20.0,211.4513,178.6465,30.9762,0.95
train_000031,Train-Target-000031,point,45.75359545,-21.68879949,5,51,179,1,optical,5.8364,10.9270,8.0,7.7495,28.8021,0.448851,single,1,120,5.0,,,,
train_000014,Train-Target-000014,area,-2.42450108,-146.86348775,1,87,172,1,optical,5.0911,40.3820,8.0,5.4414,85.9240,0.312240,auto,0,120,20.0,282.4957,202.8100,115.2598,0.95
train_002450,Train-Target-002450,area,-39.39227832,-71.57394306,7,14,164,1,optical,7.0414,12.7417,8.0,5.5661,85.3232,0.353867,auto,0,120,20.0,213.4676,202.4437,28.3506,0.95
train_001069,Train-Target-001069,area,10.01858684,-114.65677992,9,58,214,1,sar,17.0384,77.3493,-90.0,5.2178,77.9760,0.191087,auto,0,120,20.0,109.1303,95.2744,96.3355,0.95
train_003053,Train-Target-003053,area,1.40324717,-161.06730196,7,83,190,1,sar,12.0531,65.5885,-90.0,6.4386,51.9167,0.401984,auto,0,120,20.0,103.3001,127.2006,254.0770,0.95
train_002464,Train-Target-002464,area,32.06337180,-70.08354785,3,121,206,1,optical,4.0576,39.5110,8.0,5.7227,47.7224,0.371975,auto,0,120,20.0,18.2201,14.0178,342.4582,0.95
train_000902,Train-Target-000902,area,45.62014479,144.84629096,10,159,234,1,sar,19.8661,96.2496,-90.0,6.7694,24.1770,0.180530,auto,0,120,20.0,142.7128,239.6598,288.4555,0.95
train_002973,Train-Target-002973,area,45.98586308,-72.50101808,10,63,178,1,optical,7.9099,39.7688,8.0,7.4121,20.5646,0.244257,auto,0,120,20.0,83.5690,105.9096,84.7513,0.95
train_000383,Train-Target-000383,area,58.57289674,118.02261329,5,85,140,1,infrared,19.6979,71.0135,-90.0,7.2702,31.3947,0.268257,auto,0,120,20.0,18.5679,32.1458,358.1983,0.95
train_000187,Train-Target-000187,point,-54.25789617,-80.17306795,10,72,222,1,optical,4.3826,29.2366,8.0,5.6345,62.3244,0.407630,single,1,120,5.0,,,,
train_001991,Train-Target-001991,area,3.94319836,22.79173197,1,28,186,1,sar,14.0673,100.5159,-90.0,8.0495,29.7302,0.396107,auto,0,120,20.0,42.4049,12.2530,302.9731,0.95
train_000942,Train-Target-000942,area,-6.84139066,-92.63089360,4,83,148,1,optical,5.0189,53.7404,8.0,7.4786,48.5842,0.283623,auto,0,120,20.0,94.4586,53.9694,325.8786,0.95
train_001368,Train-Target-001368,area,-22.97255472,31.66463470,8,53,104,1,optical,4.6693,58.2435,8.0,6.7477,77.3776,0.306127,auto,0,120,20.0,289.7107,255.0066,27.1464,0.95
train_000208,Train-Target-000208,area,16.88689044,92.99689072,9,11,160,1,sar,17.3058,67.7381,-90.0,6.9451,64.0405,0.180907,auto,0,120,20.0,97.9130,69.7780,185.5704,0.95
train_000568,Train-Target-000568,area,44.10876780,26.58299284,9,117,228,1,sar,20.4127,84.6252,-90.0,7.3384,28.7250,0.316837,auto,0,120,20.0,157.5544,265.8308,5.5021,0.95
train_002993,Train-Target-002993,area,15.33927027,-43.05707310,9,20,165,1,sar,8.5113,98.6437,-90.0,6.5458,21.8405,0.243767,auto,0,120,20.0,31.6944,17.2141,8.9547,0.95
train_001307,Train-Target-001307,area,28.36139295,120.16500667,10,92,239,1,sar,15.7336,50.0331,-90.0,5.1077,59.3554,0.353748,auto,0,120,20.0,274.2427,279.2450,290.0204,0.95
train_001318,Train-Target-001318,area,3.30101482,-160.55285341,8,4,96,1,optical,3.7066,30.9929,8.0,5.6625,60.0372,0.371879,auto,0,120,20.0,225.0836,257.4575,313.9099,0.95
train_000346,Train-Target-000346,area,61.66979684,56.13833707,9,58,216,1,optical,8.7944,51.2343,8.0,7.4359,86.7671,0.347322,auto,0,120,20.0,224.0628,200.8921,140.6882,0.95
train_003059,Train-Target-003059,area,-54.85161665,155.06607421,9,12,164,1,optical,4.9940,63.3266,8.0,6.2123,76.6809,0.316596,auto,0,120,20.0,116.0852,55.6547,122.4571,0.95
train_002609,Train-Target-002609,area,-45.78571196,-102.99076454,6,166,237,1,infrared,35.2987,144.4026,-90.0,8.2130,83.3938,0.414750,auto,0,120,20.0,35.8548,31.3016,299.4303,0.95
train_001162,Train-Target-001162,point,-41.83925618,158.74385366,5,86,163,1,optical,7.7909,25.5841,8.0,4.9750,65.7828,0.448503,simultaneous,2,120,5.0,,,,
train_001149,Train-Target-001149,area,28.81850732,165.81648843,8,27,142,1,optical,7.0202,61.6752,8.0,5.5313,27.0214,0.308114,auto,0,120,20.0,66.6906,135.5511,335.4254,0.95
train_000904,Train-Target-000904,area,-32.29269449,105.72257149,1,31,106,1,optical,3.7364,22.8175,8.0,5.1314,49.2897,0.349148,auto,0,120,20.0,32.5141,24.9746,346.6869,0.95
train_002518,Train-Target-002518,point,67.47025604,76.55724537,10,84,215,1,optical,9.3438,35.7855,8.0,5.7773,75.3483,0.366234,single,1,120,5.0,,,,
train_002277,Train-Target-002277,area,7.69110931,4.78661275,4,61,199,1,sar,8.3103,69.5964,-90.0,4.6796,49.9509,0.330395,auto,0,120,20.0,112.6795,98.1096,210.3418,0.95
train_002701,Train-Target-002701,area,-13.78808720,-61.58416937,6,55,203,1,optical,6.3811,30.8558,8.0,5.7990,38.0945,0.215815,auto,0,120,20.0,44.2998,28.6695,341.6840,0.95
train_000749,Train-Target-000749,area,37.74301195,-141.11487225,6,181,239,1,optical,7.6161,55.1203,8.0,6.0961,45.7530,0.255339,auto,0,120,20.0,139.8850,69.6145,72.7592,0.95
train_002428,Train-Target-002428,area,-64.24707587,-72.65274212,5,60,210,1,sar,14.1368,98.8166,-90.0,7.4696,79.3221,0.293679,auto,0,120,20.0,40.8949,28.9394,144.1853,0.95
train_002655,Train-Target-002655,area,-7.49210800,-34.54538135,4,40,186,1,infrared,25.4113,136.2435,-90.0,8.0208,41.9406,0.433791,auto,0,120,20.0,91.6086,104.5861,316.1606,0.95
train_000818,Train-Target-000818,area,17.00257176,-9.80326388,1,102,144,1,sar,20.7671,108.5722,-90.0,7.0867,25.0639,0.226662,auto,0,120,20.0,214.5606,203.2158,201.3464,0.95
train_002374,Train-Target-002374,point,-12.84501854,-113.41326129,8,34,137,1,sar,15.5275,75.1243,-90.0,7.4814,57.1906,0.228884,single,1,120,5.0,,,,
train_001855,Train-Target-001855,area,-46.43286125,-134.50707753,6,119,202,1,infrared,32.6945,74.3405,-90.0,6.7021,52.4745,0.432602,auto,0,120,20.0,126.5008,56.2195,38.7882,0.95
train_000647,Train-Target-000647,area,-45.77082940,57.28631395,3,61,110,1,optical,4.6404,43.9531,8.0,6.3722,89.9397,0.249995,auto,0,120,20.0,100.5210,103.4029,64.4903,0.95
train_000564,Train-Target-000564,area,-28.65121423,-153.82443819,5,37,141,1,infrared,20.6103,84.0359,-90.0,7.3253,23.4298,0.202718,auto,0,120,20.0,240.9272,268.2467,226.5596,0.95
train_002820,Train-Target-002820,area,55.24496214,-50.10483747,9,117,186,1,optical,7.6032,12.9089,8.0,7.0221,49.8760,0.211820,auto,0,120,20.0,230.7514,290.6717,279.7269,0.95
train_000853,Train-Target-000853,area,53.99741213,-145.70377226,2,125,177,1,sar,9.7816,106.5840,-90.0,6.7365,36.1564,0.397776,auto,0,120,20.0,290.5357,291.5588,269.3832,0.95
train_002766,Train-Target-002766,area,-52.24929681,100.14291644,5,18,131,1,sar,9.3320,36.7377,-90.0,6.1387,73.4166,0.423840,auto,0,120,20.0,140.1263,252.3029,269.0394,0.95
train_000574,Train-Target-000574,area,13.92929497,79.79542436,7,58,213,1,sar,14.4529,102.1769,-90.0,7.0367,69.6007,0.294679,auto,0,120,20.0,19.0999,49.0957,351.6836,0.95
train_001341,Train-Target-001341,area,-42.59321657,175.65996687,9,11,157,1,optical,4.7457,14.0049,8.0,5.1541,87.0754,0.313770,auto,0,120,20.0,201.8031,262.9212,169.8737,0.95
train_001581,Train-Target-001581,point,-15.39311198,92.98824818,4,13,67,1,sar,10.1946,50.9507,-90.0,4.9003,57.4619,0.301043,single,1,120,5.0,,,,
train_001997,Train-Target-001997,area,-52.27072656,25.21337344,4,73,144,1,infrared,25.7629,49.7699,-90.0,5.3559,28.0276,0.277991,auto,0,120,20.0,25.2921,21.6926,27.9570,0.95
train_002740,Train-Target-002740,area,29.87075345,-37.87941011,1,46,98,1,optical,3.3537,53.4966,8.0,7.1530,73.8144,0.374278,auto,0,120,20.0,20.5480,27.4241,241.7322,0.95
train_000692,Train-Target-000692,point,-47.90391405,24.27775421,7,62,217,1,sar,12.1801,91.1772,-90.0,5.6946,81.1641,0.301519,single,1,120,5.0,,,,
train_000353,Train-Target-000353,area,20.77756193,83.36716263,5,35,185,1,optical,6.2855,44.0569,8.0,6.5724,48.8743,0.425821,auto,0,120,20.0,21.2415,22.6613,202.3630,0.95
train_001093,Train-Target-001093,area,8.45620261,146.32159354,10,68,166,1,optical,9.1718,33.9905,8.0,6.4118,54.1612,0.446892,auto,0,120,20.0,49.3877,34.8257,247.5861,0.95
train_000420,Train-Target-000420,area,-17.55380755,170.62421567,2,69,211,1,optical,9.1951,45.7834,8.0,8.2494,39.0476,0.441881,auto,0,120,20.0,110.5720,89.1485,359.2230,0.95
train_001493,Train-Target-001493,point,13.57527398,27.83617377,9,77,151,1,optical,5.0039,26.0812,8.0,5.8305,61.8479,0.206161,sequential,2,120,5.0,,,,
train_000280,Train-Target-000280,area,48.53681649,4.45385115,1,35,148,1,sar,8.6851,60.4628,-90.0,5.5977,40.2642,0.295887,auto,0,120,20.0,222.5997,208.4403,300.6632,0.95
train_000282,Train-Target-000282,area,-73.08444464,-43.28179318,2,72,173,1,optical,8.4000,15.0513,8.0,8.3077,52.5151,0.383240,auto,0,120,20.0,146.6004,205.4777,292.8632,0.95
train_000076,Train-Target-000076,point,52.49361321,98.02337982,8,114,173,1,optical,7.7164,55.8118,8.0,8.1307,41.6380,0.419658,single,1,120,5.0,,,,
train_002365,Train-Target-002365,area,60.70215198,-152.43064663,1,54,209,1,optical,6.2709,33.0120,8.0,7.7244,34.5501,0.325279,auto,0,120,20.0,30.6615,42.0428,14.0690,0.95
train_000103,Train-Target-000103,area,-67.61111223,-110.37440648,2,117,157,1,optical,2.1858,38.5731,8.0,5.7872,70.5517,0.400100,auto,0,120,20.0,182.7454,142.3716,20.1567,0.95
train_001846,Train-Target-001846,point,-30.15909542,-179.96837326,1,58,172,1,optical,2.4385,64.2435,8.0,5.7955,21.7404,0.365076,single,1,120,5.0,,,,
train_002471,Train-Target-002471,area,-4.14338128,4.04533514,3,92,163,1,optical,4.4779,42.2638,8.0,7.8491,53.2610,0.324492,auto,0,120,20.0,27.4046,18.3824,250.4543,0.95
train_002010,Train-Target-002010,area,-1.66749863,50.41894990,10,73,133,1,sar,14.9799,72.3797,-90.0,4.9314,28.1298,0.283853,auto,0,120,20.0,228.0145,225.4848,77.8953,0.95
train_001088,Train-Target-001088,point,37.12450608,29.84258111,1,24,85,1,sar,17.2397,39.9383,-90.0,7.8311,63.2465,0.404602,single,1,120,5.0,,,,
train_001486,Train-Target-001486,area,-40.50965940,-40.85603157,4,88,235,1,optical,6.9163,40.5109,8.0,8.2771,44.4515,0.231816,auto,0,120,20.0,36.5433,43.0619,242.9082,0.95
train_001666,Train-Target-001666,point,-26.78759563,-128.77745513,1,1,158,1,sar,20.2806,41.8426,-90.0,7.5801,82.0478,0.437495,single,1,120,5.0,,,,
train_001263,Train-Target-001263,area,29.58625667,-133.91107825,9,117,226,1,sar,20.0908,68.9098,-90.0,4.8317,64.5189,0.433026,auto,0,120,20.0,46.5028,16.0105,344.6087,0.95
train_000661,Train-Target-000661,point,64.08943660,-49.71653150,9,30,74,1,sar,13.1639,49.9495,-90.0,5.5246,39.5888,0.401210,sequential,2,120,5.0,,,,
train_002139,Train-Target-002139,area,-2.34417306,154.51782193,3,79,228,1,optical,7.3651,13.6259,8.0,8.1596,73.0555,0.234202,auto,0,120,20.0,66.2121,88.9293,147.8803,0.95
train_000980,Train-Target-000980,area,-32.91280283,140.76088837,5,67,150,1,optical,4.6320,18.5011,8.0,5.8476,32.4640,0.208121,auto,0,120,20.0,224.2297,258.7636,82.5406,0.95
train_001121,Train-Target-001121,area,8.83979857,29.46694308,5,76,165,1,optical,4.4225,21.8242,8.0,6.4528,24.5369,0.221508,auto,0,120,20.0,278.5704,251.9836,172.6481,0.95
train_002043,Train-Target-002043,area,50.43507795,-107.03044979,3,78,236,1,infrared,30.8985,135.1100,-90.0,6.6570,86.1841,0.334900,auto,0,120,20.0,16.2030,48.1587,337.2074,0.95
train_000700,Train-Target-000700,area,-7.51760542,-76.97598052,2,76,217,1,sar,8.0664,91.4291,-90.0,5.3458,21.3719,0.200715,auto,0,120,20.0,140.4492,200.0956,308.7380,0.95
train_001615,Train-Target-001615,area,-21.39190876,-103.78691759,8,99,170,1,sar,15.0336,86.3147,-90.0,5.8382,87.8565,0.340395,auto,0,120,20.0,76.3077,115.2653,309.5957,0.95
train_001944,Train-Target-001944,area,-10.31328061,-108.60904187,2,43,115,1,optical,4.7553,10.4311,8.0,8.1347,78.8352,0.294869,auto,0,120,20.0,130.4486,83.9707,285.7663,0.95
train_002728,Train-Target-002728,point,-53.96204600,56.60454301,6,60,153,1,optical,4.9605,12.6605,8.0,7.3446,43.6493,0.443118,single,1,120,5.0,,,,
train_002844,Train-Target-002844,area,31.01334121,149.21495877,5,106,194,1,optical,8.6336,61.8123,8.0,8.1409,80.5781,0.198275,auto,0,120,20.0,64.2391,60.2198,228.1816,0.95
train_001287,Train-Target-001287,point,-59.22339684,26.05457236,4,2,103,1,optical,9.1926,25.0158,8.0,6.5670,39.2165,0.448581,single,1,120,5.0,,,,
train_000983,Train-Target-000983,area,50.34434125,30.41731917,5,71,146,1,optical,2.3515,38.7008,8.0,8.1178,80.8528,0.233389,auto,0,120,20.0,37.4518,23.6917,14.6533,0.95
train_000462,Train-Target-000462,area,-23.15613510,5.77257877,3,103,217,1,infrared,29.1959,112.4768,-90.0,7.6252,79.2156,0.442202,auto,0,120,20.0,39.0783,34.9086,282.6950,0.95
train_000455,Train-Target-000455,area,-44.74295855,-133.00101201,7,94,204,1,sar,17.5253,103.5254,-90.0,7.7767,81.3055,0.208487,auto,0,120,20.0,91.8167,91.5704,268.6873,0.95
train_000498,Train-Target-000498,area,19.19194725,50.62851751,9,144,217,1,sar,18.0229,78.3479,-90.0,7.9608,84.3219,0.192969,auto,0,120,20.0,237.2824,265.0619,327.1119,0.95
train_001042,Train-Target-001042,point,55.04123353,131.59482042,5,79,172,1,optical,6.6538,20.3187,8.0,8.2504,20.0631,0.400678,single,1,120,5.0,,,,
train_000699,Train-Target-000699,area,18.35483252,-78.97876292,8,106,235,1,optical,8.8875,49.6397,8.0,5.9244,75.6568,0.342154,auto,0,120,20.0,103.4387,124.7401,131.5368,0.95
train_002724,Train-Target-002724,area,4.75624077,-141.20267840,9,108,215,1,optical,5.2367,38.0699,8.0,6.8215,25.9698,0.265751,auto,0,120,20.0,58.8049,107.0869,180.6980,0.95
train_002252,Train-Target-002252,area,45.06127136,-71.56275014,8,74,211,1,sar,16.0471,90.1491,-90.0,5.8997,45.5071,0.339418,auto,0,120,20.0,40.3927,24.9592,271.9666,0.95
train_001214,Train-Target-001214,point,-18.42068254,66.61049666,6,3,72,1,optical,8.5234,62.0701,8.0,6.3235,28.1415,0.296039,single,1,120,5.0,,,,
train_000221,Train-Target-000221,area,0.48073900,33.56494555,10,43,171,1,infrared,32.5036,130.5242,-90.0,5.8566,61.7674,0.259606,auto,0,120,20.0,195.8968,162.0334,230.4760,0.95
train_002803,Train-Target-002803,area,-15.85417144,104.24646814,10,84,132,1,optical,8.5251,23.6590,8.0,7.1688,54.4381,0.374904,auto,0,120,20.0,197.2642,152.5510,356.4282,0.95
train_002360,Train-Target-002360,point,5.24790602,57.16744560,2,23,81,1,optical,3.6166,28.4592,8.0,7.4609,24.4266,0.416680,single,1,120,5.0,,,,
train_001192,Train-Target-001192,area,23.03549762,1.90488004,5,26,186,1,infrared,28.9733,70.0715,-90.0,7.4475,40.9582,0.341136,auto,0,120,20.0,52.4183,138.0741,49.5380,0.95
train_001683,Train-Target-001683,area,60.69830242,91.37878580,4,68,197,1,optical,7.8370,22.3808,8.0,6.3841,54.4566,0.405691,auto,0,120,20.0,35.8154,40.5563,161.6885,0.95
train_000043,Train-Target-000043,area,34.28395298,46.37372463,3,76,203,1,sar,21.9261,42.4755,-90.0,8.1602,68.4161,0.313010,auto,0,120,20.0,132.1906,66.3637,27.0299,0.95
train_001146,Train-Target-001146,area,-30.37555792,-46.93217901,8,76,128,1,optical,7.8712,21.5750,8.0,5.7151,31.1036,0.430150,auto,0,120,20.0,52.7737,127.4017,27.4547,0.95
train_002389,Train-Target-002389,area,-10.40812675,110.49007455,5,39,107,1,sar,14.8749,101.9033,-90.0,5.7614,63.8452,0.276069,auto,0,120,20.0,60.7355,119.8631,270.9748,0.95
train_001179,Train-Target-001179,area,-57.87723744,-84.31697819,9,58,120,1,sar,15.2541,57.2254,-90.0,6.3912,40.7855,0.339982,auto,0,120,20.0,297.4858,189.6434,105.1331,0.95
train_000917,Train-Target-000917,area,22.96990530,37.14555915,5,83,152,1,optical,2.0326,47.1906,8.0,7.5549,31.7995,0.444219,auto,0,120,20.0,62.7386,119.7054,240.1497,0.95
train_000069,Train-Target-000069,area,-36.30300555,-21.83895532,6,9,56,1,optical,3.8986,42.8568,8.0,8.2592,72.4389,0.287353,auto,0,120,20.0,257.8439,185.3532,322.8187,0.95
train_000827,Train-Target-000827,point,60.68878030,-165.52759708,5,114,172,1,infrared,21.6589,110.4304,-90.0,7.7790,71.4108,0.227091,single,1,120,5.0,,,,
train_002649,Train-Target-002649,area,45.50630047,157.83552385,6,99,187,1,sar,19.0723,54.3007,-90.0,5.5791,49.8722,0.383671,auto,0,120,20.0,187.5486,224.2301,83.2544,0.95
train_001219,Train-Target-001219,point,19.15632559,-118.18389023,2,52,170,1,optical,2.4985,61.4705,8.0,5.0137,77.8299,0.350661,single,1,120,5.0,,,,
train_001150,Train-Target-001150,area,36.77161557,-125.05226592,5,24,164,1,optical,2.6046,18.4659,8.0,6.0792,46.6812,0.310086,auto,0,120,20.0,284.3340,247.7109,193.5062,0.95
train_001527,Train-Target-001527,area,-53.36087501,-66.74410690,6,44,146,1,optical,3.7158,61.1850,8.0,7.7733,20.9329,0.300705,auto,0,120,20.0,250.4360,272.7316,170.1397,0.95
train_003001,Train-Target-003001,area,18.41458130,166.96828701,9,117,167,1,sar,19.5782,92.4931,-90.0,5.8794,56.3831,0.270619,auto,0,120,20.0,75.5009,101.7071,70.2539,0.95
train_001582,Train-Target-001582,area,-6.02148103,66.22553237,5,115,235,1,infrared,23.8211,138.8167,-90.0,5.3893,36.5192,0.410589,auto,0,120,20.0,169.6143,171.9253,351.0425,0.95
train_000612,Train-Target-000612,area,21.14892520,19.55822457,8,130,220,1,sar,15.7858,45.1385,-90.0,5.7288,67.6270,0.222865,auto,0,120,20.0,185.3609,277.0545,222.7909,0.95
train_002629,Train-Target-002629,area,-29.82239798,-73.10058891,2,89,150,1,optical,9.6561,10.8280,8.0,6.5912,52.0029,0.278498,auto,0,120,20.0,232.5871,259.1150,4.2802,0.95
train_003024,Train-Target-003024,area,-59.34862775,-28.72856335,5,87,228,1,infrared,36.8693,92.0046,-90.0,5.9304,44.5444,0.337627,auto,0,120,20.0,21.1237,12.0134,297.2013,0.95
train_002579,Train-Target-002579,area,-21.66257500,-142.56091648,2,46,90,1,optical,3.7358,31.3697,8.0,5.0431,73.0943,0.229589,auto,0,120,20.0,270.3646,260.2779,130.7404,0.95
train_002220,Train-Target-002220,area,-52.32840319,102.93836630,1,104,170,1,infrared,20.7489,109.5539,-90.0,8.2897,22.9727,0.350108,auto,0,120,20.0,15.2192,30.2783,319.7228,0.95
train_002690,Train-Target-002690,point,9.96278078,37.30771409,1,23,108,1,infrared,34.7157,60.5565,-90.0,8.3535,73.7592,0.325716,single,1,120,5.0,,,,
train_001240,Train-Target-001240,area,-68.50346466,48.10108177,5,124,221,1,infrared,32.9006,108.6295,-90.0,5.5142,21.9228,0.266186,auto,0,120,20.0,92.7659,110.3960,139.6587,0.95
train_002835,Train-Target-002835,area,-41.89107427,21.33040882,9,7,143,1,infrared,18.9354,86.7559,-90.0,4.8508,61.7815,0.222699,auto,0,120,20.0,13.8044,29.9812,273.7041,0.95
train_001296,Train-Target-001296,area,26.92031068,-55.77925060,8,43,129,1,optical,2.1671,47.7427,8.0,6.8627,35.7867,0.342361,auto,0,120,20.0,88.1044,62.9976,245.2118,0.95
train_001265,Train-Target-001265,area,-25.72041506,146.74096837,4,64,207,1,optical,4.6079,45.1040,8.0,6.2145,87.5441,0.280117,auto,0,120,20.0,262.9550,273.0756,4.1121,0.95
train_003036,Train-Target-003036,point,29.52972881,-115.41733299,10,53,131,1,optical,6.8715,41.4420,8.0,4.7536,63.4402,0.217233,single,1,120,5.0,,,,
train_001720,Train-Target-001720,area,1.39074950,20.59602969,3,42,89,1,sar,15.6388,93.0593,-90.0,7.8687,73.6436,0.424255,auto,0,120,20.0,26.0930,33.7900,215.5220,0.95
train_001152,Train-Target-001152,area,-28.54150593,-56.90441147,2,34,109,1,optical,8.4854,59.8143,8.0,7.3695,88.3185,0.244343,auto,0,120,20.0,63.7970,100.3743,252.0469,0.95
train_001474,Train-Target-001474,area,39.86788718,63.29807524,3,25,145,1,sar,16.4955,104.0288,-90.0,4.7932,65.2256,0.303613,auto,0,120,20.0,38.3151,42.2098,228.1097,0.95
train_001902,Train-Target-001902,area,28.59532862,-148.24489864,2,36,179,1,optical,5.3347,16.3727,8.0,6.6518,37.6390,0.380300,auto,0,120,20.0,46.7547,39.4112,132.5670,0.95
train_002190,Train-Target-002190,area,45.42005083,-59.71094634,3,81,177,1,optical,2.6014,18.6641,8.0,7.7951,39.1622,0.196817,auto,0,120,20.0,81.2198,80.0726,331.7640,0.95
train_002722,Train-Target-002722,area,33.85749495,143.75628523,4,7,99,1,sar,17.9217,56.9308,-90.0,4.6777,61.7058,0.341781,auto,0,120,20.0,180.6971,249.4679,46.1855,0.95
train_001349,Train-Target-001349,point,16.69577455,-56.71262636,6,192,232,1,infrared,29.3105,113.0250,-90.0,7.5027,61.6574,0.367031,simultaneous,2,120,5.0,,,,
train_001767,Train-Target-001767,area,-9.35776396,-18.87335334,4,55,213,1,optical,3.2527,62.6732,8.0,5.4004,76.5529,0.406858,auto,0,120,20.0,22.6829,32.8976,171.0732,0.95
train_002222,Train-Target-002222,area,18.37308874,-114.44556753,1,23,67,1,sar,9.4624,53.0131,-90.0,7.8702,39.0500,0.242364,auto,0,120,20.0,199.9376,215.6801,269.7563,0.95
train_001408,Train-Target-001408,area,-47.07611181,-31.64025019,8,79,206,1,sar,13.5632,81.9926,-90.0,7.7937,78.1986,0.365616,auto,0,120,20.0,220.6640,158.9371,338.0643,0.95
train_000972,Train-Target-000972,point,7.60603901,60.94117182,8,0,44,1,sar,15.0894,55.3299,-90.0,5.5549,23.8207,0.198560,single,1,120,5.0,,,,
train_000193,Train-Target-000193,point,11.99912406,111.75669660,9,3,142,1,optical,8.6748,15.2914,8.0,4.8194,41.1515,0.182514,single,1,120,5.0,,,,
train_002115,Train-Target-002115,area,-32.26150500,-77.22576926,4,34,183,1,optical,2.6183,52.8123,8.0,6.0140,58.2411,0.375393,auto,0,120,20.0,265.7131,297.5666,332.2129,0.95
train_000456,Train-Target-000456,area,48.90519020,-122.73559798,6,8,160,1,optical,2.4788,18.8670,8.0,5.6697,44.7625,0.351389,auto,0,120,20.0,294.1313,153.8201,96.9496,0.95
train_001647,Train-Target-001647,area,40.08626902,19.11765089,10,99,231,1,sar,15.1469,84.7197,-90.0,6.7546,26.0853,0.206522,auto,0,120,20.0,172.2846,236.7688,285.4129,0.95
train_002200,Train-Target-002200,area,75.94786898,-175.45212009,5,155,195,1,optical,5.2470,55.5080,8.0,4.8501,57.4473,0.431721,auto,0,120,20.0,285.4624,277.2548,65.8881,0.95
train_000929,Train-Target-000929,area,6.95225654,-27.44017106,4,145,208,1,optical,3.8107,41.3676,8.0,8.0226,42.2394,0.274578,auto,0,120,20.0,268.8052,272.6578,325.1310,0.95
train_000384,Train-Target-000384,point,45.82392587,-53.02673856,5,32,181,1,optical,5.5427,62.2373,8.0,5.6132,78.0809,0.184425,single,1,120,5.0,,,,
train_001142,Train-Target-001142,area,47.90047606,-124.61792643,8,51,207,1,optical,3.7464,17.2663,8.0,7.0397,84.3837,0.317956,auto,0,120,20.0,206.4450,232.5024,327.3786,0.95
train_002866,Train-Target-002866,area,13.50817038,53.38320249,10,119,185,1,optical,3.2298,30.8919,8.0,7.1866,83.9725,0.344877,auto,0,120,20.0,184.9528,241.9923,140.0361,0.95
train_001594,Train-Target-001594,point,80.23768844,69.95714550,6,85,196,1,optical,2.2317,43.6139,8.0,5.7046,89.5056,0.219782,single,1,120,5.0,,,,
train_002206,Train-Target-002206,area,-40.61272261,46.58966255,5,104,173,1,optical,3.5833,15.1478,8.0,7.3777,43.2431,0.283670,auto,0,120,20.0,291.7400,153.3440,105.4872,0.95
train_000808,Train-Target-000808,point,-23.06294312,-79.86754600,2,107,211,1,optical,6.5615,22.1173,8.0,5.6135,53.4590,0.257056,sequential,2,120,5.0,,,,
train_000411,Train-Target-000411,point,-26.69319700,-52.88520951,9,38,139,1,optical,3.5167,14.4311,8.0,7.5128,23.6782,0.273343,sequential,2,120,5.0,,,,
train_002364,Train-Target-002364,area,-79.64119911,98.55422067,6,9,153,1,optical,5.6379,56.8419,8.0,6.2418,52.3399,0.402106,auto,0,120,20.0,121.5567,127.3342,162.9583,0.95
train_002049,Train-Target-002049,point,-31.79278732,-142.48468084,7,93,210,1,sar,8.1266,74.2454,-90.0,5.1243,43.1706,0.344708,single,1,120,5.0,,,,
train_002859,Train-Target-002859,area,-45.43645362,-162.46664927,7,0,94,1,optical,5.2786,58.9850,8.0,6.5790,41.9903,0.370090,auto,0,120,20.0,249.0876,222.6237,286.8738,0.95
train_000544,Train-Target-000544,area,5.02022038,-151.53602372,8,23,83,1,infrared,24.7896,76.0908,-90.0,4.7542,28.3991,0.181612,auto,0,120,20.0,153.5611,296.4363,85.8200,0.95
train_000158,Train-Target-000158,area,27.12464031,-143.63019850,1,115,199,1,sar,16.7185,76.5946,-90.0,6.0277,56.0373,0.399600,auto,0,120,20.0,23.2541,43.8151,269.2126,0.95
train_000599,Train-Target-000599,area,-27.62621407,46.75006681,4,84,221,1,sar,21.1279,93.3889,-90.0,5.8738,39.8480,0.232453,auto,0,120,20.0,177.5202,161.3954,89.6189,0.95
train_002382,Train-Target-002382,area,62.52260135,24.83178213,9,80,232,1,optical,7.4471,36.6399,8.0,5.9401,59.5204,0.394241,auto,0,120,20.0,261.5128,226.4884,202.6165,0.95
train_000691,Train-Target-000691,area,-65.25279290,159.00764653,10,93,197,1,infrared,18.7503,115.9208,-90.0,4.6244,46.0252,0.395542,auto,0,120,20.0,27.4758,47.7255,164.1894,0.95
train_000288,Train-Target-000288,area,19.22669700,11.99697482,7,170,213,1,optical,8.1742,46.1579,8.0,4.7972,79.7347,0.285592,auto,0,120,20.0,20.9293,21.2552,246.2574,0.95
train_000795,Train-Target-000795,point,-55.45810771,103.35750725,6,17,103,1,optical,8.4048,42.4288,8.0,5.4848,56.5289,0.394129,simultaneous,2,120,5.0,,,,
train_002020,Train-Target-002020,area,-3.91015831,43.65145049,6,159,235,1,optical,4.1964,54.6388,8.0,7.2633,37.6181,0.393577,auto,0,120,20.0,19.8959,47.0343,270.8822,0.95
train_002638,Train-Target-002638,area,-11.91500547,20.30765492,3,53,181,1,optical,2.6080,46.4868,8.0,7.1375,64.7969,0.304961,auto,0,120,20.0,41.6935,28.5612,233.0541,0.95
train_001432,Train-Target-001432,area,37.03064741,-38.09305529,3,52,205,1,infrared,18.4024,114.6181,-90.0,6.5801,34.6886,0.430060,auto,0,120,20.0,99.2006,65.0721,8.7198,0.95
train_000654,Train-Target-000654,area,-78.78392082,176.05065325,9,117,214,1,optical,5.5987,19.2678,8.0,5.1087,51.7909,0.443743,auto,0,120,20.0,118.4158,103.6298,103.5700,0.95
train_000619,Train-Target-000619,area,44.80641822,158.60192357,1,71,173,1,sar,20.0174,80.1983,-90.0,6.9581,39.2649,0.227492,auto,0,120,20.0,69.1731,81.1363,15.6107,0.95
train_002677,Train-Target-002677,area,5.14910774,39.53187409,5,34,178,1,infrared,26.2552,71.8150,-90.0,7.4417,41.6211,0.295347,auto,0,120,20.0,130.0996,112.0781,53.6409,0.95
train_001758,Train-Target-001758,area,6.34593070,30.94530928,1,133,200,1,optical,9.9614,23.6911,8.0,8.0482,58.9362,0.428891,auto,0,120,20.0,65.8779,123.9407,339.1648,0.95
train_001911,Train-Target-001911,area,19.73389304,-119.39163919,7,112,167,1,optical,4.3099,46.8208,8.0,8.1361,29.7751,0.379142,auto,0,120,20.0,99.4803,61.6451,56.4014,0.95
train_002898,Train-Target-002898,area,23.08461384,150.31993982,7,14,147,1,optical,3.9352,39.0665,8.0,5.1755,31.8793,0.444152,auto,0,120,20.0,22.0873,12.0781,183.8648,0.95
train_002727,Train-Target-002727,area,-44.81979421,151.31740854,9,55,150,1,optical,9.7548,27.1625,8.0,7.0209,44.2794,0.357183,auto,0,120,20.0,130.2354,64.0506,198.5337,0.95
train_001070,Train-Target-001070,area,-1.83474476,-103.48966719,3,45,139,1,sar,9.8765,66.4596,-90.0,6.3525,89.0045,0.336431,auto,0,120,20.0,48.8040,19.1577,299.7123,0.95
train_000560,Train-Target-000560,point,-41.53168124,-74.14969430,7,0,56,1,sar,16.1790,36.2301,-90.0,6.8222,69.8273,0.422093,single,1,120,5.0,,,,
train_002643,Train-Target-002643,point,-32.55660159,163.55454376,9,42,154,1,optical,7.2782,63.8223,8.0,4.9597,25.5086,0.185645,single,1,120,5.0,,,,
train_001269,Train-Target-001269,area,-63.75154791,-154.26479367,9,12,82,1,sar,16.2138,29.1571,-90.0,6.6590,85.8601,0.378938,auto,0,120,20.0,55.6489,135.2858,16.0295,0.95
train_002327,Train-Target-002327,area,63.53022308,-57.02539589,9,85,146,1,optical,4.7061,17.5152,8.0,6.3696,28.6314,0.238472,auto,0,120,20.0,82.8888,122.2415,219.6883,0.95
train_002495,Train-Target-002495,area,33.80432803,-168.68237398,6,81,224,1,optical,4.1877,56.4135,8.0,5.6905,40.0138,0.429042,auto,0,120,20.0,275.3995,212.6470,95.7475,0.95
train_001837,Train-Target-001837,point,21.78258246,57.78554792,4,50,175,1,optical,5.2025,19.7072,8.0,8.0884,60.9098,0.182356,simultaneous,2,120,5.0,,,,
train_001020,Train-Target-001020,area,-20.54131879,-106.79639816,3,100,211,1,sar,15.6271,54.4351,-90.0,6.9887,89.7614,0.205511,auto,0,120,20.0,12.8699,22.7457,245.9833,0.95
train_001687,Train-Target-001687,point,-55.93906077,152.15052697,1,159,226,1,optical,7.6489,54.4119,8.0,5.9742,38.4414,0.227767,single,1,120,5.0,,,,
train_000583,Train-Target-000583,area,-6.94475022,-163.22471053,2,15,149,1,sar,21.0051,100.4403,-90.0,5.0201,78.6922,0.368080,auto,0,120,20.0,47.8325,19.6574,5.6585,0.95
train_001383,Train-Target-001383,point,41.52662501,49.22081117,7,71,230,1,optical,5.5380,55.3772,8.0,7.2984,38.8897,0.428622,single,1,120,5.0,,,,
train_002994,Train-Target-002994,point,-14.45482348,144.69789972,9,115,189,1,optical,2.5370,29.7662,8.0,5.6535,76.4545,0.366110,single,1,120,5.0,,,,
train_000301,Train-Target-000301,area,-66.23300487,61.53730197,10,87,149,1,sar,15.0227,55.4309,-90.0,8.1313,70.5370,0.208349,auto,0,120,20.0,50.1844,113.8606,95.3337,0.95
train_001904,Train-Target-001904,area,17.74059094,135.63928559,4,40,151,1,sar,21.1549,81.4807,-90.0,6.4998,56.9046,0.377729,auto,0,120,20.0,241.5489,140.9873,159.0345,0.95
train_002268,Train-Target-002268,point,-47.45168162,155.74534731,3,23,177,1,optical,6.6839,46.1942,8.0,5.3187,46.1458,0.289825,single,1,120,5.0,,,,
train_000507,Train-Target-000507,area,11.11909876,-164.36650499,2,24,122,1,optical,2.5017,34.5703,8.0,7.5141,80.3304,0.387150,auto,0,120,20.0,20.3953,26.9625,245.9242,0.95
train_000021,Train-Target-000021,area,-28.20627046,109.14796256,9,39,197,1,sar,18.9455,73.9326,-90.0,4.8035,56.3982,0.292484,auto,0,120,20.0,140.2140,239.1500,222.9799,0.95
train_002837,Train-Target-002837,point,55.12764553,147.91685958,7,43,116,1,optical,3.9174,36.4434,8.0,6.5653,82.1415,0.308617,simultaneous,2,120,5.0,,,,
train_000183,Train-Target-000183,area,-33.68316293,-55.75230491,8,27,163,1,sar,10.7490,101.0557,-90.0,7.4230,43.7265,0.307689,auto,0,120,20.0,122.4353,122.5093,69.1679,0.95
train_002586,Train-Target-002586,point,-71.09563428,63.76433123,7,49,199,1,optical,4.7933,61.3731,8.0,5.1629,60.5945,0.352984,sequential,2,120,5.0,,,,
train_000755,Train-Target-000755,area,6.29231954,124.24503464,2,33,179,1,sar,16.3657,100.1229,-90.0,8.2631,27.7785,0.246981,auto,0,120,20.0,123.2949,120.4630,208.1593,0.95
train_000801,Train-Target-000801,point,-16.09898710,62.86257287,3,21,82,1,optical,5.1299,13.8132,8.0,8.2198,67.5236,0.263656,single,1,120,5.0,,,,
train_001416,Train-Target-001416,area,26.20608498,-20.27092159,8,137,187,1,optical,4.9985,41.5799,8.0,6.5484,59.0649,0.406402,auto,0,120,20.0,149.7531,186.6515,261.9676,0.95
train_002793,Train-Target-002793,area,38.33012897,157.40765410,10,55,125,1,sar,14.1850,29.3573,-90.0,6.8430,80.1050,0.413495,auto,0,120,20.0,126.5460,55.3014,134.0563,0.95
train_002240,Train-Target-002240,point,22.81963735,155.54256621,5,46,129,1,optical,6.6027,37.2507,8.0,5.8199,61.5874,0.393569,single,1,120,5.0,,,,
train_002157,Train-Target-002157,area,-27.30603600,151.58059208,5,97,213,1,optical,5.7504,54.0352,8.0,4.7845,68.3272,0.349744,auto,0,120,20.0,279.0379,174.7226,97.8330,0.95
train_003006,Train-Target-003006,area,66.31017669,88.93417031,3,87,215,1,optical,4.9416,15.4395,8.0,6.4987,82.2417,0.365719,auto,0,120,20.0,12.2309,26.3552,38.2561,0.95
train_000412,Train-Target-000412,area,-11.90836385,41.87897049,4,42,177,1,sar,13.0441,50.8213,-90.0,7.8180,61.0781,0.211204,auto,0,120,20.0,47.1604,29.7935,116.5631,0.95
train_002434,Train-Target-002434,point,-22.91058247,-77.10167270,10,137,236,1,sar,17.9843,77.1400,-90.0,8.1457,76.9863,0.220677,single,1,120,5.0,,,,
train_000169,Train-Target-000169,area,-14.40565473,56.65000316,9,79,130,1,optical,9.1659,41.0150,8.0,4.6422,63.1589,0.360387,auto,0,120,20.0,257.4520,245.6943,22.7261,0.95
train_002516,Train-Target-002516,area,-12.14918371,49.65632982,9,19,60,1,optical,4.2276,21.0785,8.0,6.2334,24.1069,0.271831,auto,0,120,20.0,66.3581,133.1965,178.0813,0.95
train_000735,Train-Target-000735,area,62.63220417,50.44764671,8,108,210,1,sar,9.9319,28.5714,-90.0,7.2103,37.6014,0.220558,auto,0,120,20.0,31.9903,26.9353,304.4835,0.95
train_002761,Train-Target-002761,area,36.90106844,118.43250174,7,36,153,1,optical,3.7905,62.3860,8.0,7.3153,24.4912,0.366775,auto,0,120,20.0,21.8980,23.8262,208.4794,0.95
train_000373,Train-Target-000373,area,7.74812228,126.51568759,5,66,208,1,optical,4.3580,64.0193,8.0,5.2036,53.3910,0.198992,auto,0,120,20.0,42.1944,48.3911,323.3651,0.95
train_003000,Train-Target-003000,area,8.29372303,-47.42912303,5,28,124,1,optical,7.0824,48.4442,8.0,5.2866,37.9952,0.216289,auto,0,120,20.0,89.7269,104.8097,111.2247,0.95
train_001822,Train-Target-001822,point,20.79218508,-43.72222612,1,89,162,1,optical,2.1992,39.4077,8.0,7.6388,40.4673,0.260116,single,1,120,5.0,,,,
train_000569,Train-Target-000569,area,31.24241362,32.89573540,5,37,180,1,sar,16.3297,35.3111,-90.0,4.8587,24.0287,0.198004,auto,0,120,20.0,51.0024,59.0875,297.6030,0.95
train_002550,Train-Target-002550,area,-19.27335734,106.64509048,5,129,191,1,sar,17.9535,82.8439,-90.0,6.3205,22.1435,0.223465,auto,0,120,20.0,63.4965,102.5553,224.2999,0.95
train_000934,Train-Target-000934,point,11.52726277,-107.03246264,10,66,192,1,optical,6.5880,27.1065,8.0,5.9704,39.7364,0.445540,single,1,120,5.0,,,,
train_000234,Train-Target-000234,area,-35.18521810,41.83437491,10,68,228,1,infrared,22.6842,73.3824,-90.0,6.5516,20.1815,0.386574,auto,0,120,20.0,148.2589,213.2232,186.0234,0.95
train_002031,Train-Target-002031,area,13.74537528,84.66501705,5,50,153,1,optical,5.6426,40.7243,8.0,7.5397,40.8545,0.236824,auto,0,120,20.0,291.2086,172.9485,53.9070,0.95
train_001988,Train-Target-001988,area,3.21962680,133.21095382,4,170,237,1,optical,4.4705,58.3724,8.0,8.2615,72.1677,0.405719,auto,0,120,20.0,25.3416,49.5540,296.2238,0.95
train_000587,Train-Target-000587,area,13.25324210,-61.04972667,2,30,94,1,sar,21.9820,34.9332,-90.0,5.4547,51.0830,0.298097,auto,0,120,20.0,171.5592,165.7188,234.9452,0.95
train_001595,Train-Target-001595,area,48.48252220,92.27815824,7,16,163,1,optical,7.8570,31.2529,8.0,8.2666,65.5887,0.429716,auto,0,120,20.0,240.8237,152.8475,300.4907,0.95
train_001052,Train-Target-001052,point,0.61118116,167.25905306,5,75,223,1,infrared,19.3714,112.1759,-90.0,5.7507,67.6908,0.322293,single,1,120,5.0,,,,
train_002288,Train-Target-002288,area,-13.63778778,178.89662497,3,117,216,1,optical,7.7864,47.9485,8.0,5.6840,39.4330,0.375734,auto,0,120,20.0,36.2387,33.3204,277.9004,0.95
train_000269,Train-Target-000269,area,-65.01974175,127.13605104,2,140,197,1,optical,6.0317,43.2192,8.0,7.7996,86.2391,0.283999,auto,0,120,20.0,230.2844,272.4393,154.1979,0.95
train_002291,Train-Target-002291,area,-20.70374513,56.38073404,9,14,149,1,optical,7.1777,62.9796,8.0,5.3050,56.0809,0.188421,auto,0,120,20.0,201.6349,210.3260,95.0425,0.95
train_000138,Train-Target-000138,area,-16.50356062,177.71831679,3,57,112,1,sar,10.5352,80.2356,-90.0,5.2651,74.8904,0.311028,auto,0,120,20.0,283.8412,284.5202,331.6256,0.95
train_001778,Train-Target-001778,area,-16.07191243,100.22960303,5,84,134,1,sar,11.9208,29.2607,-90.0,7.7978,43.4994,0.390403,auto,0,120,20.0,206.2060,177.1170,115.6159,0.95
train_001973,Train-Target-001973,area,-66.06820596,-103.48989271,3,101,142,1,sar,11.5115,75.8359,-90.0,6.4767,71.6323,0.213220,auto,0,120,20.0,12.5997,32.2124,79.1767,0.95
train_000922,Train-Target-000922,area,-7.48643438,-59.57300960,9,40,174,1,optical,6.9977,29.4743,8.0,5.0686,76.6319,0.401078,auto,0,120,20.0,279.7415,220.1362,178.4257,0.95
train_001011,Train-Target-001011,area,-56.39937069,128.09336894,2,71,181,1,sar,11.2660,56.1423,-90.0,6.5875,65.1935,0.316206,auto,0,120,20.0,30.8209,30.1808,334.0757,0.95
train_000048,Train-Target-000048,area,26.67873929,61.80374545,7,94,155,1,infrared,27.7000,60.8790,-90.0,6.4718,73.8506,0.239988,auto,0,120,20.0,37.3354,23.9624,238.1636,0.95
train_001212,Train-Target-001212,area,-25.46616755,158.28083328,2,81,169,1,optical,8.3892,39.7039,8.0,5.5884,28.6844,0.382838,auto,0,120,20.0,49.6397,13.1017,117.0478,0.95
train_002046,Train-Target-002046,area,20.14128947,131.37056544,1,120,204,1,infrared,33.6918,90.3007,-90.0,4.6858,56.8301,0.326638,auto,0,120,20.0,98.1432,87.3401,219.3679,0.95
train_002792,Train-Target-002792,area,52.77729355,159.31263621,7,87,234,1,optical,4.3007,47.6037,8.0,5.2940,24.2740,0.269649,auto,0,120,20.0,146.2524,261.4034,30.3224,0.95
train_001677,Train-Target-001677,area,-72.32552217,52.36979556,6,175,231,1,optical,4.1560,33.8695,8.0,5.5083,41.4890,0.281621,auto,0,120,20.0,14.1760,14.4037,136.4958,0.95
train_000129,Train-Target-000129,area,51.21170943,48.90630123,3,18,76,1,optical,2.3347,35.1923,8.0,6.3495,22.9532,0.348225,auto,0,120,20.0,13.1041,25.3751,166.1869,0.95
train_001836,Train-Target-001836,point,23.37351426,57.07171194,5,80,145,1,sar,9.8479,43.1390,-90.0,8.2821,29.9141,0.243295,simultaneous,2,120,5.0,,,,
train_003049,Train-Target-003049,area,41.69436397,-149.88132979,3,131,219,1,optical,9.4284,22.0290,8.0,6.5889,89.1207,0.267022,auto,0,120,20.0,62.5437,124.9420,171.9927,0.95
train_000899,Train-Target-000899,area,32.84795644,-136.94338941,9,78,144,1,optical,4.5743,27.6716,8.0,5.6650,43.8702,0.276917,auto,0,120,20.0,228.7993,280.4695,197.1219,0.95
train_001138,Train-Target-001138,area,-16.23838530,-25.31620637,4,150,195,1,infrared,27.7590,63.0254,-90.0,6.2090,70.8607,0.335186,auto,0,120,20.0,51.7283,105.3412,157.4557,0.95
train_000167,Train-Target-000167,area,0.09233727,-149.52385071,1,138,220,1,optical,7.9575,58.4478,8.0,7.6873,50.4906,0.396013,auto,0,120,20.0,136.7098,106.4979,66.4285,0.95
train_001425,Train-Target-001425,area,11.88844508,-99.45423009,6,98,166,1,optical,5.0023,25.7340,8.0,6.0592,49.5910,0.188252,auto,0,120,20.0,97.9687,64.4494,242.5722,0.95
train_000163,Train-Target-000163,area,15.03886030,-165.79540413,10,32,95,1,infrared,26.4675,117.2148,-90.0,5.9663,88.1361,0.251280,auto,0,120,20.0,12.3449,46.4678,6.2534,0.95
train_000613,Train-Target-000613,area,41.79778766,92.28713504,2,61,171,1,optical,8.4679,44.5483,8.0,5.8906,54.9443,0.232921,auto,0,120,20.0,42.8812,33.4143,101.9567,0.95
train_001579,Train-Target-001579,area,-56.32815659,-113.58791157,8,135,201,1,sar,14.1970,97.8146,-90.0,6.2545,46.7287,0.392231,auto,0,120,20.0,99.5991,95.0021,43.0782,0.95
train_001791,Train-Target-001791,area,41.96496150,178.61572373,3,104,189,1,optical,7.2306,34.6074,8.0,8.2345,25.6721,0.298841,auto,0,120,20.0,121.9270,93.1418,208.7442,0.95
train_002117,Train-Target-002117,area,35.62980491,37.41820475,1,41,160,1,optical,8.3812,41.9462,8.0,5.5741,47.7884,0.342524,auto,0,120,20.0,39.8289,41.0394,242.6995,0.95
train_002422,Train-Target-002422,area,-0.39837127,-82.39829456,8,70,227,1,optical,2.9440,22.4985,8.0,5.7939,78.8911,0.336549,auto,0,120,20.0,151.6517,209.3121,94.0956,0.95
train_000225,Train-Target-000225,area,-15.47016674,72.99680165,9,71,135,1,sar,19.8563,82.7465,-90.0,7.5543,32.0363,0.197731,auto,0,120,20.0,82.9573,73.5453,200.8326,0.95
train_000987,Train-Target-000987,area,-35.71855180,159.61591129,3,22,144,1,optical,8.1680,16.4303,8.0,4.5041,55.1446,0.214979,auto,0,120,20.0,122.9510,73.7614,93.7264,0.95
train_001646,Train-Target-001646,area,30.50672721,-167.29682860,9,88,204,1,optical,5.6158,19.7988,8.0,5.1941,81.8736,0.299669,auto,0,120,20.0,136.8573,77.8589,279.2990,0.95
train_000352,Train-Target-000352,area,11.54623252,93.57563035,7,74,213,1,optical,8.6592,52.8530,8.0,6.8189,30.9127,0.318899,auto,0,120,20.0,83.4895,128.0353,228.5197,0.95
train_001348,Train-Target-001348,area,-53.60517594,-55.40919319,5,40,103,1,optical,6.3716,13.9275,8.0,7.2437,20.6723,0.362726,auto,0,120,20.0,42.2459,43.3198,100.9618,0.95
train_002256,Train-Target-002256,area,27.77713587,132.48061080,6,112,235,1,infrared,33.2405,114.8449,-90.0,6.1690,57.7613,0.315960,auto,0,120,20.0,28.2067,44.9746,34.2081,0.95
train_001386,Train-Target-001386,point,11.93684395,-57.09541774,3,75,200,1,sar,13.1257,89.8718,-90.0,6.1374,71.9807,0.341038,sequential,2,120,5.0,,,,
train_000342,Train-Target-000342,area,-65.41881933,-107.98157263,6,56,128,1,sar,11.1149,38.2845,-90.0,7.2908,55.5702,0.236518,auto,0,120,20.0,34.5265,21.2224,107.2574,0.95
train_002704,Train-Target-002704,area,11.19528426,30.27153960,9,48,179,1,optical,2.7453,51.2975,8.0,7.8201,39.3282,0.200250,auto,0,120,20.0,128.9391,116.4357,11.9636,0.95
train_001016,Train-Target-001016,area,67.75621567,68.71286969,5,46,181,1,sar,17.6490,103.3660,-90.0,5.9527,59.9009,0.407903,auto,0,120,20.0,28.0494,49.3875,223.3533,0.95
train_002433,Train-Target-002433,area,-76.25746088,-57.69737692,2,7,116,1,sar,11.3672,99.2963,-90.0,7.7328,75.3750,0.208916,auto,0,120,20.0,146.6881,230.3807,45.0958,0.95
train_002417,Train-Target-002417,area,37.10629006,-63.19482919,3,136,234,1,infrared,27.8425,81.9059,-90.0,6.2973,70.2208,0.393045,auto,0,120,20.0,26.3003,31.0286,306.6467,0.95
train_001661,Train-Target-001661,point,14.55216161,-159.34043349,8,86,189,1,sar,16.8201,102.5627,-90.0,5.5033,34.8806,0.264811,single,1,120,5.0,,,,
train_001871,Train-Target-001871,area,-29.89433483,68.86597180,7,20,150,1,optical,8.4991,58.4795,8.0,5.2775,84.9794,0.266247,auto,0,120,20.0,15.8847,17.8622,231.1987,0.95
train_001740,Train-Target-001740,area,-36.44642426,99.75302475,3,74,221,1,infrared,33.9145,79.8146,-90.0,6.8120,29.3974,0.216402,auto,0,120,20.0,267.0748,243.7186,322.4805,0.95
train_002984,Train-Target-002984,area,3.80070439,-154.52719085,4,170,235,1,optical,3.4871,63.1225,8.0,6.3332,63.0371,0.248743,auto,0,120,20.0,21.4774,37.1547,309.8109,0.95
train_001980,Train-Target-001980,area,-10.11695627,10.11024259,2,181,238,1,sar,13.7920,94.9179,-90.0,4.6504,68.1248,0.406486,auto,0,120,20.0,241.8926,295.5288,287.7723,0.95
train_000721,Train-Target-000721,area,18.99769246,-53.00536674,3,40,147,1,sar,13.7263,43.6045,-90.0,6.0010,64.4410,0.220281,auto,0,120,20.0,21.7739,49.3408,122.5457,0.95
train_001144,Train-Target-001144,area,-61.05272347,112.62063564,8,70,228,1,sar,18.7009,25.9023,-90.0,7.3820,87.2925,0.242116,auto,0,120,20.0,43.7683,33.4736,286.1914,0.95
train_002016,Train-Target-002016,area,29.32433217,110.70524981,8,96,236,1,infrared,34.9101,138.7947,-90.0,5.4652,75.3153,0.191543,auto,0,120,20.0,298.9606,254.1376,326.8383,0.95
train_000273,Train-Target-000273,area,21.51573682,-32.06823128,9,153,203,1,optical,5.2754,57.7991,8.0,7.8988,30.6944,0.209078,auto,0,120,20.0,87.8029,122.0782,337.3511,0.95
train_001050,Train-Target-001050,point,21.44441273,-60.46780087,2,82,195,1,sar,14.2775,71.8498,-90.0,8.0165,80.1137,0.330783,single,1,120,5.0,,,,
train_000879,Train-Target-000879,area,64.34125625,-127.18203197,7,46,144,1,optical,3.0308,32.8279,8.0,6.9184,22.1384,0.354871,auto,0,120,20.0,111.3847,109.8002,335.8596,0.95
train_000300,Train-Target-000300,area,25.50818875,77.22745775,6,25,124,1,sar,11.1538,54.5606,-90.0,7.8420,38.4989,0.238158,auto,0,120,20.0,164.5145,231.0927,281.8753,0.95
train_000318,Train-Target-000318,area,-76.94781503,-149.16095637,7,12,135,1,optical,6.6099,25.7931,8.0,6.4810,27.6406,0.357349,auto,0,120,20.0,265.1985,147.1451,298.4049,0.95
train_000045,Train-Target-000045,area,36.56087368,-46.19501697,6,109,198,1,sar,9.6482,83.3741,-90.0,5.1893,31.1240,0.367697,auto,0,120,20.0,17.6738,39.3293,110.5566,0.95
train_003034,Train-Target-003034,area,56.46566911,141.99549464,7,107,201,1,sar,15.8356,84.7522,-90.0,4.8692,51.3858,0.281416,auto,0,120,20.0,107.5947,121.5710,236.2219,0.95
train_002370,Train-Target-002370,point,-37.38233749,-66.54310645,8,17,74,1,infrared,24.3778,68.5379,-90.0,4.9226,25.1259,0.227563,single,1,120,5.0,,,,
train_000368,Train-Target-000368,area,65.28150490,102.95280901,4,13,56,1,sar,11.8336,92.9912,-90.0,7.9079,23.9367,0.343416,auto,0,120,20.0,15.1021,12.6150,112.6016,0.95
train_001171,Train-Target-001171,area,21.94316000,-176.73190511,10,69,228,1,infrared,38.6607,140.4846,-90.0,7.3590,72.3186,0.390267,auto,0,120,20.0,63.6304,69.4214,166.4421,0.95
train_000062,Train-Target-000062,area,10.79811157,65.73488580,10,74,150,1,sar,14.7744,84.9668,-90.0,5.1297,44.0014,0.252677,auto,0,120,20.0,44.8599,13.5164,318.8802,0.95
train_002381,Train-Target-002381,area,8.38404171,26.67739926,9,96,234,1,sar,8.5996,102.2970,-90.0,5.1895,74.6839,0.324032,auto,0,120,20.0,210.4266,247.6555,301.2951,0.95
train_002243,Train-Target-002243,area,38.36951402,142.91876933,6,74,171,1,optical,5.9523,40.7813,8.0,7.4712,43.9531,0.322633,auto,0,120,20.0,258.9409,250.9632,295.5209,0.95
train_000086,Train-Target-000086,area,-72.33032739,-85.17163376,4,18,138,1,optical,3.0573,38.9305,8.0,7.9536,82.5013,0.446264,auto,0,120,20.0,89.0532,78.4048,253.8377,0.95
train_000566,Train-Target-000566,point,-19.80861041,27.45384138,3,58,164,1,sar,19.3612,28.9457,-90.0,4.9671,40.6668,0.184852,single,1,120,5.0,,,,
train_000863,Train-Target-000863,area,21.46594923,74.95046018,5,66,223,1,sar,14.1539,41.7370,-90.0,7.5417,61.7414,0.393743,auto,0,120,20.0,269.6873,298.0429,29.6673,0.95
train_000025,Train-Target-000025,area,26.25368817,10.02278745,2,55,114,1,optical,2.3449,33.6502,8.0,7.2926,56.5599,0.252956,auto,0,120,20.0,44.6909,31.6569,187.4475,0.95
train_001896,Train-Target-001896,area,14.43409192,-130.38441044,8,1,129,1,sar,16.3029,60.1192,-90.0,8.0454,74.9980,0.221174,auto,0,120,20.0,292.5266,273.3807,121.5716,0.95
train_002467,Train-Target-002467,point,-13.31916036,11.06507239,8,42,144,1,infrared,24.1243,90.6886,-90.0,8.2725,70.1848,0.449228,single,1,120,5.0,,,,
train_002378,Train-Target-002378,area,-27.44960576,-105.58891633,4,37,194,1,sar,13.5275,51.5384,-90.0,6.0191,77.0416,0.337869,auto,0,120,20.0,235.0662,299.4341,161.7860,0.95
train_002095,Train-Target-002095,point,34.66023958,-88.89214674,2,111,227,1,optical,8.9813,18.2710,8.0,7.1185,58.2279,0.368757,single,1,120,5.0,,,,
train_001591,Train-Target-001591,area,21.50124961,-150.43410023,10,126,239,1,sar,13.9918,93.9728,-90.0,5.8408,30.4636,0.253746,auto,0,120,20.0,88.4715,110.2709,299.5941,0.95
train_000860,Train-Target-000860,area,3.54904798,158.41818887,4,98,199,1,optical,5.3739,21.5141,8.0,7.9181,43.9435,0.202052,auto,0,120,20.0,43.9038,13.2477,226.1802,0.95
train_001622,Train-Target-001622,area,-38.21344671,-110.00757470,1,170,222,1,optical,2.4461,58.8226,8.0,4.5387,35.0886,0.258734,auto,0,120,20.0,24.2606,38.1038,112.7538,0.95
train_000963,Train-Target-000963,area,-12.44273921,150.19719254,6,35,136,1,optical,4.8767,56.4455,8.0,8.0632,62.7998,0.203881,auto,0,120,20.0,86.2542,76.4884,308.0145,0.95
train_002232,Train-Target-002232,area,41.44710742,-179.57955838,4,47,144,1,optical,6.3477,64.1655,8.0,5.1827,78.4732,0.362925,auto,0,120,20.0,19.6766,39.9484,80.6112,0.95
train_001662,Train-Target-001662,point,29.23199980,-108.28599968,4,3,139,1,optical,7.6761,27.2823,8.0,5.2929,27.0615,0.328632,single,1,120,5.0,,,,
train_002588,Train-Target-002588,point,35.59377106,17.29655826,7,70,189,1,sar,10.2321,96.0449,-90.0,5.4396,77.9668,0.325025,single,1,120,5.0,,,,
train_000550,Train-Target-000550,area,-55.17802735,-140.08920586,7,124,228,1,optical,3.9977,34.9160,8.0,7.3189,66.2648,0.251869,auto,0,120,20.0,242.2764,196.5201,129.4284,0.95
train_000422,Train-Target-000422,area,-25.50272975,137.76531929,9,48,150,1,optical,4.5623,36.0474,8.0,5.9317,81.5280,0.263141,auto,0,120,20.0,239.4936,276.0552,221.4812,0.95
train_000073,Train-Target-000073,area,-50.60787857,125.78058306,8,6,103,1,optical,3.5775,34.9623,8.0,6.1030,69.4245,0.302425,auto,0,120,20.0,291.6080,192.8588,336.6627,0.95
train_002394,Train-Target-002394,area,-78.12369330,68.52371572,7,40,137,1,optical,8.6647,34.4094,8.0,8.3110,69.5387,0.332720,auto,0,120,20.0,200.3755,244.8273,192.9717,0.95
train_000261,Train-Target-000261,area,-65.78349062,-99.01737551,1,81,238,1,sar,21.5219,41.2024,-90.0,6.0130,29.6167,0.219026,auto,0,120,20.0,160.1760,261.7363,63.2810,0.95
train_001684,Train-Target-001684,area,6.94652986,-165.83732002,5,8,103,1,optical,2.1345,64.8454,8.0,6.2385,50.7868,0.271418,auto,0,120,20.0,203.0459,279.0505,242.0851,0.95
train_001827,Train-Target-001827,area,5.83554906,-120.76207782,6,61,154,1,optical,9.5775,53.3725,8.0,6.2357,81.5205,0.366580,auto,0,120,20.0,190.5563,161.0222,75.9820,0.95
train_002924,Train-Target-002924,area,-21.87110775,118.00511820,5,16,85,1,optical,9.8149,39.8092,8.0,6.0770,66.6999,0.429935,auto,0,120,20.0,20.8193,30.9023,113.9657,0.95
train_002543,Train-Target-002543,point,30.49530864,132.93898917,5,105,192,1,infrared,38.9637,144.1780,-90.0,7.4455,51.3726,0.416348,sequential,2,120,5.0,,,,
train_001340,Train-Target-001340,area,-18.05970521,-19.97697253,7,81,154,1,optical,9.8842,60.0089,8.0,7.5449,42.4932,0.438977,auto,0,120,20.0,208.5581,283.1676,311.7659,0.95
train_002818,Train-Target-002818,area,-33.23063387,-122.49392138,8,52,157,1,optical,5.7241,11.4199,8.0,5.3232,65.8615,0.274234,auto,0,120,20.0,25.7427,40.2458,171.2466,0.95
train_002496,Train-Target-002496,area,-14.44688868,21.97579046,2,33,167,1,optical,3.5014,61.2368,8.0,8.2031,56.9179,0.230520,auto,0,120,20.0,38.6679,36.6509,353.8484,0.95
train_003015,Train-Target-003015,area,-52.84351218,-26.98576692,8,35,117,1,sar,10.7304,56.8781,-90.0,7.3112,77.4261,0.280567,auto,0,120,20.0,14.6734,20.2250,66.7957,0.95
train_000175,Train-Target-000175,area,28.78026863,-133.67097859,9,115,235,1,optical,5.8015,48.0871,8.0,6.2701,85.0438,0.366858,auto,0,120,20.0,49.5487,19.0809,67.5722,0.95
train_000951,Train-Target-000951,point,-64.14012383,-54.22175528,6,16,163,1,optical,4.9441,34.1250,8.0,6.8325,74.7292,0.421445,sequential,2,120,5.0,,,,
train_002486,Train-Target-002486,point,9.56927219,101.24164928,5,20,174,1,infrared,38.4285,80.5976,-90.0,5.6248,49.4212,0.391277,single,1,120,5.0,,,,
train_001880,Train-Target-001880,area,36.77291596,-81.55887377,5,99,221,1,infrared,33.2820,62.4026,-90.0,8.1397,57.8261,0.311059,auto,0,120,20.0,64.8230,61.4451,332.5877,0.95
train_001914,Train-Target-001914,point,-21.89198740,40.68685884,5,43,105,1,sar,13.9076,97.9978,-90.0,5.5469,33.4470,0.394871,single,1,120,5.0,,,,
train_001189,Train-Target-001189,point,22.30102102,-130.33907304,6,45,166,1,sar,17.4625,38.9031,-90.0,7.9913,75.7157,0.377891,sequential,2,120,5.0,,,,
train_001249,Train-Target-001249,point,-26.60587978,-87.43842332,5,88,150,1,optical,7.3533,61.3200,8.0,6.7636,23.2695,0.197439,single,1,120,5.0,,,,
train_001482,Train-Target-001482,area,23.13544402,16.47294269,8,7,102,1,optical,6.4344,11.7996,8.0,6.2648,34.4700,0.339779,auto,0,120,20.0,118.2182,123.6153,23.8406,0.95
train_002123,Train-Target-002123,area,80.66188197,121.35396814,3,66,225,1,sar,12.9806,87.5712,-90.0,4.5212,86.3141,0.278619,auto,0,120,20.0,112.2246,133.6072,51.2590,0.95
train_000549,Train-Target-000549,area,59.02045688,-70.44302792,1,35,101,1,optical,9.6621,48.2017,8.0,4.5714,58.6565,0.273660,auto,0,120,20.0,265.4192,199.6335,12.7761,0.95
train_000181,Train-Target-000181,area,-10.81628823,103.18507626,6,179,236,1,optical,3.6267,32.4256,8.0,6.7072,24.6764,0.311689,auto,0,120,20.0,57.8160,92.9264,54.3787,0.95
train_002426,Train-Target-002426,area,-19.73273515,111.69131797,1,137,208,1,sar,16.5866,49.4387,-90.0,8.3554,40.3123,0.294012,auto,0,120,20.0,155.4841,162.8560,15.4470,0.95
train_001840,Train-Target-001840,area,-35.74199806,-27.98294987,6,51,119,1,optical,7.7474,23.5742,8.0,6.7087,64.3914,0.395666,auto,0,120,20.0,117.8682,57.9796,201.9834,0.95
train_000957,Train-Target-000957,area,75.61548975,86.68258509,7,111,209,1,optical,3.7959,37.1719,8.0,5.6248,54.7198,0.206327,auto,0,120,20.0,23.9948,27.9140,243.2390,0.95
train_000607,Train-Target-000607,area,-8.45951327,80.16383478,9,10,76,1,sar,20.8477,62.7001,-90.0,7.3882,58.0524,0.303497,auto,0,120,20.0,46.9287,17.7536,98.7272,0.95
train_000228,Train-Target-000228,area,-66.64582195,-139.27009792,2,102,145,1,optical,7.8862,23.1028,8.0,5.1063,32.9283,0.288486,auto,0,120,20.0,152.9408,167.1482,332.7797,0.95
train_000524,Train-Target-000524,area,-15.72514505,-33.10136225,10,65,133,1,optical,6.3200,17.9644,8.0,7.4257,31.8424,0.359019,auto,0,120,20.0,174.5602,202.0259,6.9769,0.95
train_002778,Train-Target-002778,area,42.82884400,59.56526657,6,92,230,1,optical,8.5487,56.6285,8.0,7.7381,59.4153,0.250813,auto,0,120,20.0,41.2519,49.2866,240.6983,0.95
train_002699,Train-Target-002699,point,7.46881788,45.84555263,5,43,128,1,optical,2.5551,15.4846,8.0,5.5984,44.6077,0.295550,single,1,120,5.0,,,,
train_000536,Train-Target-000536,area,-39.24842034,80.81192781,2,82,123,1,optical,3.3840,29.4964,8.0,7.2019,40.4006,0.386344,auto,0,120,20.0,258.4183,161.7034,260.1782,0.95
train_000302,Train-Target-000302,area,82.57263045,27.01712274,3,119,219,1,infrared,27.1449,64.0005,-90.0,6.5775,21.1966,0.388691,auto,0,120,20.0,147.1925,145.1687,264.6402,0.95
train_001452,Train-Target-001452,area,11.38297603,-38.22608378,5,139,230,1,optical,4.8614,26.4695,8.0,4.9517,40.1555,0.395839,auto,0,120,20.0,48.5676,47.5686,236.3268,0.95
train_003026,Train-Target-003026,area,45.33874632,109.11141562,7,139,220,1,optical,4.2419,51.3271,8.0,6.9147,69.9126,0.291433,auto,0,120,20.0,20.3371,25.5666,32.3657,0.95
train_002735,Train-Target-002735,area,6.23834124,-174.43224334,3,56,200,1,sar,21.2327,82.2652,-90.0,5.7629,57.8108,0.297572,auto,0,120,20.0,47.5010,36.1264,100.5158,0.95
train_001275,Train-Target-001275,point,1.79540091,138.61034216,7,46,180,1,sar,13.6708,91.3425,-90.0,6.3022,54.8746,0.184319,single,1,120,5.0,,,,
train_002317,Train-Target-002317,area,-54.03235184,67.34825163,3,22,155,1,optical,4.7606,30.7310,8.0,6.8093,56.1050,0.283260,auto,0,120,20.0,252.3792,223.8621,173.5202,0.95
train_000768,Train-Target-000768,area,-21.20164835,96.96732649,8,71,199,1,infrared,24.1745,45.4559,-90.0,7.9859,56.2998,0.392902,auto,0,120,20.0,28.2961,20.8819,350.3071,0.95
train_000326,Train-Target-000326,point,-21.63003202,95.92147265,4,74,162,1,optical,7.6592,22.2524,8.0,7.9877,77.5690,0.311287,single,1,120,5.0,,,,
train_002476,Train-Target-002476,area,-0.09963751,-138.35120052,9,71,222,1,sar,9.9649,79.0784,-90.0,7.6668,20.4700,0.214359,auto,0,120,20.0,297.7935,188.1989,158.0223,0.95
train_000020,Train-Target-000020,area,16.44492568,172.80130467,7,70,150,1,sar,19.9276,65.3678,-90.0,6.7583,31.4974,0.331861,auto,0,120,20.0,82.1492,114.8258,20.1114,0.95
train_001178,Train-Target-001178,area,-20.01471012,136.34052091,7,5,58,1,sar,10.7124,61.9782,-90.0,6.0236,56.7768,0.448919,auto,0,120,20.0,53.7982,125.0503,337.8572,0.95
train_001218,Train-Target-001218,area,-74.59759622,-31.18468538,1,113,212,1,optical,5.0102,35.6183,8.0,6.8418,81.0754,0.414629,auto,0,120,20.0,70.1936,71.1205,323.6786,0.95
train_002788,Train-Target-002788,area,12.39050435,-48.51885530,9,143,190,1,sar,20.3241,72.0025,-90.0,7.6140,55.3765,0.320869,auto,0,120,20.0,186.2287,180.3501,258.4858,0.95
train_002363,Train-Target-002363,area,73.13755535,10.30665189,6,48,203,1,optical,5.0631,23.4801,8.0,4.6582,28.4119,0.403221,auto,0,120,20.0,220.1909,276.5420,14.0296,0.95
train_001815,Train-Target-001815,area,51.99870515,167.29291037,1,68,158,1,optical,9.0384,46.3886,8.0,4.7049,30.0785,0.288108,auto,0,120,20.0,75.0275,83.6267,307.2303,0.95
train_001502,Train-Target-001502,point,-4.37691774,-36.66366288,5,13,122,1,sar,19.0007,52.9070,-90.0,7.5519,75.0147,0.198109,single,1,120,5.0,,,,
train_000438,Train-Target-000438,area,23.99699280,-148.63268761,8,88,147,1,infrared,37.8592,141.3629,-90.0,8.3747,75.1058,0.333539,auto,0,120,20.0,25.9250,48.5497,127.0964,0.95
train_002071,Train-Target-002071,area,-59.52994163,-39.51494596,8,63,203,1,optical,5.9372,60.5706,8.0,6.9208,33.3183,0.210017,auto,0,120,20.0,49.4857,44.6027,239.9879,0.95
train_002715,Train-Target-002715,area,42.19842726,131.17468757,10,42,163,1,optical,8.8027,32.7139,8.0,7.0984,28.5221,0.311371,auto,0,120,20.0,39.1250,35.8571,313.1669,0.95
train_002292,Train-Target-002292,area,-14.79544644,-62.40723700,8,9,69,1,sar,11.0950,105.8412,-90.0,6.8553,60.8549,0.337377,auto,0,120,20.0,113.6351,87.5847,74.9656,0.95
train_000966,Train-Target-000966,area,-12.54006677,-68.21890414,6,45,162,1,optical,4.7695,43.2576,8.0,7.8097,73.3123,0.303937,auto,0,120,20.0,16.0634,23.4575,319.0364,0.95
train_003017,Train-Target-003017,area,17.65892348,25.24589863,4,109,207,1,optical,3.0341,37.3862,8.0,6.9559,80.2512,0.226926,auto,0,120,20.0,144.8366,165.8428,337.0219,0.95
train_000736,Train-Target-000736,area,-21.14809322,-74.86580783,3,32,183,1,infrared,27.8976,111.8017,-90.0,7.2620,75.8991,0.287540,auto,0,120,20.0,140.9961,244.5779,316.5210,0.95
train_001916,Train-Target-001916,point,7.99573317,-159.11047026,9,27,172,1,optical,4.0845,40.1160,8.0,7.0257,22.5667,0.299443,simultaneous,2,120,5.0,,,,
train_001992,Train-Target-001992,area,-16.04015919,90.81229259,2,98,161,1,optical,2.5904,25.0973,8.0,6.1427,80.2336,0.185963,auto,0,120,20.0,266.2117,239.9645,87.6305,0.95
train_000673,Train-Target-000673,area,6.42206891,129.18541135,8,117,221,1,infrared,38.2863,74.7784,-90.0,6.6177,86.3880,0.352378,auto,0,120,20.0,61.5254,53.8033,294.0579,0.95
train_002668,Train-Target-002668,area,-59.97841287,80.57539765,9,17,147,1,sar,21.3539,102.1543,-90.0,8.1041,62.8272,0.279773,auto,0,120,20.0,137.2921,71.8532,79.3329,0.95
train_001597,Train-Target-001597,area,-34.78332866,4.45785538,4,7,152,1,optical,6.5507,24.3654,8.0,7.6810,28.2720,0.306081,auto,0,120,20.0,35.7521,30.3259,220.0613,0.95
train_002400,Train-Target-002400,point,6.17039760,-125.38331277,7,120,165,1,optical,3.7573,53.8111,8.0,5.1698,42.8178,0.394314,single,1,120,5.0,,,,
train_001483,Train-Target-001483,area,28.61326486,101.18924942,8,130,206,1,optical,5.5168,54.6067,8.0,8.3677,54.8330,0.289480,auto,0,120,20.0,41.5017,48.8501,249.0323,0.95
train_000329,Train-Target-000329,area,38.05656432,-60.16468887,9,77,232,1,optical,8.2321,16.5774,8.0,7.1732,27.8857,0.299918,auto,0,120,20.0,43.2884,31.1935,23.1359,0.95
train_002791,Train-Target-002791,point,-9.01324365,177.09787210,4,13,145,1,optical,9.1414,40.9062,8.0,7.9585,31.8043,0.406127,single,1,120,5.0,,,,
train_001281,Train-Target-001281,area,29.73884284,-20.34050372,1,94,197,1,optical,6.9459,43.6338,8.0,6.1623,77.4849,0.205870,auto,0,120,20.0,13.7269,24.6830,209.6434,0.95
train_001644,Train-Target-001644,area,0.75419553,155.35356805,7,47,184,1,sar,8.1663,106.4868,-90.0,5.9944,49.1397,0.429410,auto,0,120,20.0,264.9645,286.7977,205.4973,0.95
train_002182,Train-Target-002182,area,36.96565925,-74.85422148,5,68,206,1,optical,9.0701,34.2840,8.0,6.5597,48.0729,0.305912,auto,0,120,20.0,234.0289,258.3214,87.0202,0.95
train_000381,Train-Target-000381,area,-47.53645296,-35.86737469,2,109,218,1,sar,20.3893,109.2859,-90.0,5.9343,29.6526,0.286318,auto,0,120,20.0,43.0923,14.7650,147.4643,0.95
train_001136,Train-Target-001136,area,-53.54477672,43.50325796,5,148,222,1,sar,16.8344,36.4200,-90.0,7.2547,88.6588,0.332090,auto,0,120,20.0,78.9658,86.2069,174.9537,0.95
train_000705,Train-Target-000705,area,-0.43483207,114.49175841,9,58,207,1,optical,6.4953,32.1946,8.0,7.4264,76.2363,0.285549,auto,0,120,20.0,15.0584,18.0641,90.3885,0.95
train_000184,Train-Target-000184,area,13.69364258,-24.16769173,5,61,183,1,sar,18.1103,56.7258,-90.0,4.8425,53.5736,0.417356,auto,0,120,20.0,99.7149,132.5114,81.6034,0.95
train_001021,Train-Target-001021,area,-13.99956808,-161.60844932,8,111,213,1,sar,18.7986,36.9649,-90.0,8.2863,78.9923,0.449545,auto,0,120,20.0,43.9504,28.0634,55.7185,0.95
train_001451,Train-Target-001451,point,-14.14418703,-102.29056990,1,139,188,1,optical,8.3453,12.8580,8.0,6.0255,59.7599,0.320180,single,1,120,5.0,,,,
train_002297,Train-Target-002297,area,-31.83527777,-147.41068540,3,72,127,1,sar,20.9065,28.2874,-90.0,5.2728,37.0388,0.253115,auto,0,120,20.0,177.4962,216.3068,67.2044,0.95
train_001174,Train-Target-001174,area,-3.78619397,-74.00226250,6,113,221,1,sar,18.6702,86.4864,-90.0,5.3907,47.6408,0.424141,auto,0,120,20.0,107.3683,121.7958,270.5448,0.95
train_000993,Train-Target-000993,area,-16.32264566,7.85974309,7,48,97,1,optical,9.7476,47.5324,8.0,4.9339,82.3397,0.283416,auto,0,120,20.0,126.0232,57.2786,9.4937,0.95
train_001854,Train-Target-001854,area,41.69409406,29.98105983,2,114,223,1,optical,4.1594,49.5774,8.0,4.7911,26.3277,0.338677,auto,0,120,20.0,74.4148,100.2132,22.2453,0.95
train_001727,Train-Target-001727,area,-47.45920779,-23.32239463,4,41,170,1,optical,4.8514,44.6563,8.0,7.5638,61.9960,0.260592,auto,0,120,20.0,259.9523,263.1331,243.7674,0.95
train_003040,Train-Target-003040,point,-9.85622359,166.72948426,4,23,167,1,optical,7.3581,15.7486,8.0,5.2879,25.2629,0.272653,sequential,2,120,5.0,,,,
train_000072,Train-Target-000072,area,5.63973127,173.61553961,2,52,191,1,sar,18.4695,27.0640,-90.0,6.7598,83.2741,0.417256,auto,0,120,20.0,163.2771,222.2668,81.7521,0.95
train_000436,Train-Target-000436,area,-41.21529049,6.56004374,9,5,100,1,sar,8.4339,35.0891,-90.0,4.7630,70.8356,0.255151,auto,0,120,20.0,116.3905,106.9118,78.4744,0.95
train_002346,Train-Target-002346,point,-5.75673552,88.90629969,7,5,51,1,sar,17.4275,34.7255,-90.0,8.2803,52.1072,0.407397,single,1,120,5.0,,,,
train_000328,Train-Target-000328,point,45.29660530,11.41506152,5,81,235,1,sar,8.5441,35.8482,-90.0,7.6913,37.2317,0.420220,sequential,2,120,5.0,,,,
train_000207,Train-Target-000207,area,30.38284966,13.85030663,1,17,62,1,optical,7.7292,38.2048,8.0,5.8295,48.3106,0.349303,auto,0,120,20.0,47.2468,37.2264,265.9872,0.95
train_001641,Train-Target-001641,area,78.79461196,-130.22578445,9,175,228,1,optical,8.1500,44.3572,8.0,7.3309,33.8170,0.195570,auto,0,120,20.0,133.7842,88.1074,235.3196,0.95
train_000585,Train-Target-000585,area,-5.46327015,99.56343031,8,14,86,1,optical,9.9602,22.5456,8.0,7.6609,66.7560,0.204319,auto,0,120,20.0,164.7955,143.3148,173.6550,0.95
train_002845,Train-Target-002845,area,29.98720231,-102.76540561,10,65,168,1,optical,2.8437,60.9120,8.0,5.6723,34.3445,0.185025,auto,0,120,20.0,14.4961,34.0981,293.3048,0.95
train_002203,Train-Target-002203,point,44.87199480,-23.00565130,10,66,217,1,optical,4.9328,13.9450,8.0,6.8808,43.9861,0.382227,single,1,120,5.0,,,,
train_002391,Train-Target-002391,point,-79.40110291,-129.88794012,10,88,230,1,sar,13.5054,86.9693,-90.0,6.8673,56.0683,0.385753,single,1,120,5.0,,,,
train_002603,Train-Target-002603,area,4.14089556,-102.04142625,7,85,177,1,optical,4.9203,21.0126,8.0,5.7822,52.4526,0.269201,auto,0,120,20.0,115.7708,132.6807,114.9654,0.95
train_000312,Train-Target-000312,area,61.21466190,-78.58776230,9,62,192,1,optical,3.5883,21.4176,8.0,5.9648,49.4803,0.364526,auto,0,120,20.0,48.2218,25.0550,338.6033,0.95
train_000651,Train-Target-000651,area,30.13167121,-115.02811101,7,125,215,1,optical,4.2873,24.4498,8.0,6.4845,72.4566,0.269969,auto,0,120,20.0,12.3607,13.6812,66.1230,0.95
train_001750,Train-Target-001750,area,1.36076875,82.56102731,1,18,140,1,sar,9.7478,79.6450,-90.0,5.3973,54.5536,0.195105,auto,0,120,20.0,288.1724,166.9723,299.9148,0.95
train_002953,Train-Target-002953,point,54.18582860,-114.20199935,8,5,126,1,optical,7.8486,18.9697,8.0,4.9917,61.4421,0.301280,single,1,120,5.0,,,,
train_000615,Train-Target-000615,area,-46.86347275,79.11083842,7,8,99,1,optical,6.6641,29.5648,8.0,7.3865,73.5982,0.332326,auto,0,120,20.0,17.1215,14.5624,106.0446,0.95
train_003060,Train-Target-003060,area,-51.61300614,161.59373089,9,31,113,1,optical,5.1128,33.7891,8.0,4.7738,67.8833,0.228726,auto,0,120,20.0,129.6125,130.7540,168.4569,0.95
train_002033,Train-Target-002033,area,10.93317295,-145.32057969,1,33,129,1,optical,2.2029,16.0013,8.0,4.9159,47.0089,0.235864,auto,0,120,20.0,92.0719,134.9893,16.5714,0.95
train_002373,Train-Target-002373,area,-20.96600510,128.95094600,2,74,191,1,optical,5.8618,51.4207,8.0,7.2688,76.0886,0.349890,auto,0,120,20.0,240.3933,209.5031,2.5524,0.95
train_002569,Train-Target-002569,area,43.70775937,-15.82702077,3,182,239,1,optical,5.9183,12.6121,8.0,4.6378,84.1524,0.397973,auto,0,120,20.0,150.0149,225.0739,47.4795,0.95
train_000176,Train-Target-000176,area,24.31977385,159.75646567,9,50,197,1,optical,9.9466,28.8084,8.0,4.5759,33.8647,0.242482,auto,0,120,20.0,213.6416,166.6556,96.4371,0.95
train_001372,Train-Target-001372,point,-40.81159455,-61.68499622,8,46,163,1,optical,2.1045,53.6908,8.0,5.1041,37.3013,0.371404,single,1,120,5.0,,,,
train_001994,Train-Target-001994,point,-40.28310612,-151.82389157,6,116,200,1,sar,12.3944,66.0961,-90.0,5.8854,42.8802,0.428181,single,1,120,5.0,,,,
train_001226,Train-Target-001226,point,-77.95628761,47.76806169,5,48,203,1,optical,5.7267,31.3564,8.0,6.5766,83.2229,0.419838,single,1,120,5.0,,,,
train_000556,Train-Target-000556,area,-54.68357989,170.28533382,7,8,157,1,optical,6.0756,19.1149,8.0,6.1821,59.3106,0.202421,auto,0,120,20.0,97.0541,74.7117,149.7537,0.95
train_000900,Train-Target-000900,area,-11.19437224,145.78462022,9,16,176,1,sar,16.1277,61.3114,-90.0,6.3291,66.8535,0.422302,auto,0,120,20.0,255.0610,202.9576,182.1355,0.95
train_001671,Train-Target-001671,area,-19.98404316,66.07595264,1,27,176,1,optical,8.5350,59.7157,8.0,5.4376,69.6657,0.379737,auto,0,120,20.0,184.0774,214.9943,215.2646,0.95
train_002963,Train-Target-002963,area,-33.00599008,-11.84474727,3,83,185,1,sar,12.6920,92.8886,-90.0,6.7163,33.4388,0.256370,auto,0,120,20.0,93.6965,91.0994,210.8666,0.95
train_002184,Train-Target-002184,area,-68.67155828,36.93598855,3,12,131,1,sar,11.7845,105.0129,-90.0,7.2215,21.0443,0.194478,auto,0,120,20.0,182.9727,165.1550,295.0196,0.95
train_002216,Train-Target-002216,area,33.68653696,-39.46997932,8,37,197,1,sar,9.4787,83.0455,-90.0,4.7273,43.3744,0.290186,auto,0,120,20.0,203.9065,212.8998,352.6862,0.95
train_000345,Train-Target-000345,point,46.25685685,-96.35479524,1,129,172,1,infrared,25.7320,63.3645,-90.0,8.3796,42.6606,0.239905,single,1,120,5.0,,,,
train_000520,Train-Target-000520,point,38.08163409,97.30916108,8,91,172,1,sar,21.4796,91.8525,-90.0,5.7407,64.4252,0.418578,sequential,2,120,5.0,,,,
train_001431,Train-Target-001431,area,19.46165505,174.17830932,9,84,220,1,sar,17.3254,56.0435,-90.0,6.8538,72.7208,0.307001,auto,0,120,20.0,136.7854,122.3977,76.2511,0.95
train_002967,Train-Target-002967,area,-61.56074847,77.43480489,8,109,235,1,sar,11.6919,90.6731,-90.0,4.6330,33.3567,0.182253,auto,0,120,20.0,173.2224,175.3430,249.0708,0.95
train_002751,Train-Target-002751,area,-20.06944751,69.40606655,6,6,158,1,optical,4.5706,60.6640,8.0,8.1221,89.3835,0.253501,auto,0,120,20.0,124.9163,111.9375,274.0566,0.95
train_002519,Train-Target-002519,area,-35.22132228,111.17933072,2,7,110,1,optical,5.4443,21.0636,8.0,5.1645,24.9553,0.444971,auto,0,120,20.0,47.5334,39.7287,316.7180,0.95
train_002280,Train-Target-002280,point,8.55505967,75.63437775,6,187,229,1,optical,8.2613,36.8380,8.0,6.3680,31.2437,0.288033,sequential,2,120,5.0,,,,
train_002366,Train-Target-002366,point,53.61974656,80.70554233,10,77,199,1,sar,17.6245,42.3140,-90.0,4.6212,51.5499,0.446169,single,1,120,5.0,,,,
train_001286,Train-Target-001286,area,-76.43801849,92.38963848,1,50,115,1,sar,19.4557,94.7646,-90.0,4.8818,83.3677,0.224726,auto,0,120,20.0,18.4586,26.9937,320.7408,0.95
train_002447,Train-Target-002447,area,-59.08602894,-25.36006438,4,105,179,1,optical,6.7065,49.5114,8.0,6.2609,36.5759,0.436115,auto,0,120,20.0,280.4691,212.3772,52.1920,0.95
train_002659,Train-Target-002659,point,-32.65726798,-55.98470206,6,105,149,1,sar,15.3426,71.3822,-90.0,4.5544,31.7095,0.270750,single,1,120,5.0,,,,
train_001938,Train-Target-001938,area,26.56772753,-10.37810878,9,168,217,1,optical,9.9381,58.5520,8.0,5.2658,83.2460,0.205106,auto,0,120,20.0,248.2482,220.9950,320.1589,0.95
train_002092,Train-Target-002092,area,-76.80336488,-85.15127765,3,54,188,1,optical,2.8951,43.0091,8.0,6.6767,73.2393,0.433047,auto,0,120,20.0,37.8096,36.0806,335.2635,0.95
train_002387,Train-Target-002387,area,43.78296138,54.48061364,4,90,239,1,optical,2.4654,44.9303,8.0,5.8542,82.2866,0.200981,auto,0,120,20.0,264.2674,246.2842,116.7191,0.95
train_001074,Train-Target-001074,area,28.96491624,-122.92374666,5,139,227,1,sar,13.5242,63.5610,-90.0,6.9281,24.3395,0.380406,auto,0,120,20.0,145.4176,142.7139,224.1775,0.95
train_001085,Train-Target-001085,area,-30.15800350,38.71067580,10,110,210,1,infrared,27.4648,77.4976,-90.0,5.5101,30.1126,0.182582,auto,0,120,20.0,78.3680,72.1980,312.1845,0.95
train_001694,Train-Target-001694,area,32.43731082,-16.86931592,9,37,116,1,optical,5.5357,48.3680,8.0,6.2191,41.8402,0.353248,auto,0,120,20.0,239.1575,195.8092,140.8464,0.95
train_000531,Train-Target-000531,area,33.13430709,-144.53159542,5,117,168,1,infrared,37.1061,86.5656,-90.0,4.6550,59.5406,0.418624,auto,0,120,20.0,59.0073,57.4474,239.1899,0.95
train_000217,Train-Target-000217,point,11.17803008,155.21239987,3,90,210,1,optical,8.1522,14.7079,8.0,7.7417,77.5119,0.324700,single,1,120,5.0,,,,
train_000339,Train-Target-000339,area,45.81893507,128.00963268,9,59,110,1,optical,9.2593,60.1715,8.0,5.7986,38.9792,0.393899,auto,0,120,20.0,66.8512,71.9230,151.4080,0.95
train_001015,Train-Target-001015,area,-23.76345812,-26.61882329,4,71,151,1,infrared,30.5894,64.5101,-90.0,8.0410,56.5948,0.404154,auto,0,120,20.0,48.3808,24.4013,267.7536,0.95
train_002197,Train-Target-002197,point,26.52382961,-75.01210351,7,47,105,1,infrared,26.5975,134.1176,-90.0,5.2546,84.0372,0.231508,single,1,120,5.0,,,,
train_000224,Train-Target-000224,point,35.00127535,-19.78450963,4,178,226,1,optical,3.3418,29.7431,8.0,7.9460,34.3737,0.181677,single,1,120,5.0,,,,
train_001517,Train-Target-001517,point,0.95089836,38.49661476,1,147,188,1,sar,17.6388,100.8513,-90.0,5.9281,22.7873,0.199889,simultaneous,2,120,5.0,,,,
train_002414,Train-Target-002414,area,-58.88973578,164.66041600,5,68,162,1,sar,8.9635,83.0931,-90.0,7.1100,29.0509,0.417860,auto,0,120,20.0,138.4787,86.6651,164.5605,0.95
train_001100,Train-Target-001100,area,-23.18558520,-64.51521731,9,2,42,1,sar,16.8736,91.6942,-90.0,4.5078,30.5591,0.315351,auto,0,120,20.0,33.7969,20.0523,68.8949,0.95
train_000304,Train-Target-000304,area,5.45681163,-25.95515027,2,88,237,1,optical,7.2188,16.9580,8.0,7.6490,20.7522,0.441272,auto,0,120,20.0,20.4292,35.3441,259.1258,0.95
train_000660,Train-Target-000660,area,-40.48387560,151.85769296,3,105,188,1,sar,12.9325,46.1976,-90.0,4.6108,21.9109,0.401602,auto,0,120,20.0,40.2864,12.5066,164.2635,0.95
train_000019,Train-Target-000019,area,8.36425482,-3.28494996,5,37,166,1,optical,9.3017,23.7272,8.0,7.3127,40.7034,0.364108,auto,0,120,20.0,180.4571,196.4417,175.2900,0.95
train_001323,Train-Target-001323,area,-7.54553594,-24.16790770,7,92,145,1,sar,16.1066,72.5876,-90.0,5.9598,41.2944,0.438172,auto,0,120,20.0,200.0617,155.1617,153.6183,0.95
train_001611,Train-Target-001611,area,7.84081709,-119.67907186,8,19,65,1,optical,6.9917,32.3867,8.0,6.6946,24.6321,0.382339,auto,0,120,20.0,78.6843,110.1228,8.8909,0.95
train_001834,Train-Target-001834,area,14.21322314,154.14572241,8,152,218,1,optical,3.5247,25.2797,8.0,7.7233,21.4059,0.189653,auto,0,120,20.0,109.8946,121.6072,289.9043,0.95
train_000466,Train-Target-000466,area,-63.30080714,-22.32281237,8,23,131,1,optical,4.0778,15.5346,8.0,5.9867,57.6819,0.389166,auto,0,120,20.0,22.2160,12.8198,202.1565,0.95
train_000535,Train-Target-000535,area,29.06295668,47.61075896,9,115,233,1,optical,6.0207,38.3165,8.0,4.5888,37.4020,0.353783,auto,0,120,20.0,96.1408,68.2186,283.8680,0.95
train_001942,Train-Target-001942,area,59.04959575,20.35265156,2,104,157,1,sar,20.4605,72.4056,-90.0,8.0584,85.7524,0.284371,auto,0,120,20.0,26.4039,17.6857,329.9972,0.95
train_000437,Train-Target-000437,point,-74.03238892,-3.66529334,5,43,122,1,sar,18.1527,27.8148,-90.0,5.2217,80.6379,0.350417,single,1,120,5.0,,,,
train_002148,Train-Target-002148,area,33.57673031,19.38186739,8,4,144,1,sar,18.9228,79.8356,-90.0,7.8058,42.9972,0.195683,auto,0,120,20.0,30.3513,35.8450,69.0387,0.95
train_002944,Train-Target-002944,point,2.16111422,145.98015460,2,85,169,1,infrared,29.5889,135.3688,-90.0,5.2477,80.0322,0.255770,simultaneous,2,120,5.0,,,,
train_001234,Train-Target-001234,area,36.36330688,-67.06835962,7,52,116,1,optical,3.5967,41.2323,8.0,7.3609,74.0630,0.410507,auto,0,120,20.0,101.7166,52.6091,64.3167,0.95
train_001337,Train-Target-001337,area,-9.18476073,-28.08092801,5,111,184,1,infrared,18.3125,99.1076,-90.0,8.2518,78.8775,0.253663,auto,0,120,20.0,20.7858,44.1843,149.9659,0.95
train_001118,Train-Target-001118,area,6.53028175,76.31039142,8,76,202,1,sar,8.0954,33.7424,-90.0,4.8089,62.6539,0.180740,auto,0,120,20.0,39.6264,27.0488,321.2382,0.95
train_001621,Train-Target-001621,area,-83.36640265,-170.66051243,3,96,179,1,sar,11.1632,82.4693,-90.0,6.9570,38.6370,0.298676,auto,0,120,20.0,133.1092,126.3258,236.4470,0.95
train_001182,Train-Target-001182,area,53.17612387,155.67376491,7,57,214,1,optical,7.8021,57.3054,8.0,7.9245,84.8863,0.399796,auto,0,120,20.0,45.5644,22.4732,108.9188,0.95
train_002951,Train-Target-002951,area,26.63481818,-112.60605229,4,50,178,1,optical,2.9655,27.9195,8.0,6.6163,89.2616,0.423374,auto,0,120,20.0,135.3943,101.9374,158.7100,0.95
train_002320,Train-Target-002320,area,-7.26023572,-117.52389310,8,42,128,1,optical,3.2209,36.7565,8.0,5.6051,68.6284,0.318535,auto,0,120,20.0,48.9864,39.2716,183.0769,0.95
train_001873,Train-Target-001873,point,-35.87249085,-169.39831312,1,138,183,1,optical,3.1908,31.1142,8.0,7.4756,67.2108,0.205172,single,1,120,5.0,,,,
train_002196,Train-Target-002196,point,-1.63462649,-45.48958093,5,1,127,1,infrared,22.5883,113.8333,-90.0,8.1742,71.8028,0.275293,single,1,120,5.0,,,,
train_000729,Train-Target-000729,area,30.48307018,88.44028925,7,45,157,1,optical,8.3777,28.2526,8.0,4.7033,58.1021,0.362298,auto,0,120,20.0,37.8329,49.0522,81.4489,0.95
train_000120,Train-Target-000120,area,-5.71336215,127.45411169,3,106,239,1,sar,12.6485,107.5015,-90.0,5.9232,47.4652,0.332843,auto,0,120,20.0,56.6461,105.6860,334.2937,0.95
train_002116,Train-Target-002116,area,4.18722181,-50.47725686,6,44,93,1,optical,9.4978,26.6388,8.0,7.5924,87.2038,0.264678,auto,0,120,20.0,112.5607,93.7712,293.5592,0.95
train_002126,Train-Target-002126,area,-29.59876716,-138.35856836,4,42,165,1,sar,11.6650,37.3424,-90.0,6.1407,34.7808,0.444797,auto,0,120,20.0,66.5157,128.3059,216.8697,0.95
train_002287,Train-Target-002287,point,25.61770507,-159.31851443,10,68,136,1,infrared,29.6998,70.7263,-90.0,7.8145,52.1341,0.277852,single,1,120,5.0,,,,
train_000232,Train-Target-000232,area,-36.51616140,-137.66012179,2,50,162,1,optical,7.4859,42.3845,8.0,6.3881,34.4157,0.419105,auto,0,120,20.0,141.9424,232.9861,93.5134,0.95
train_001972,Train-Target-001972,point,-33.14019061,-48.66549206,7,26,165,1,optical,6.3325,45.2858,8.0,4.8877,73.7532,0.253412,single,1,120,5.0,,,,
train_003041,Train-Target-003041,area,-66.95781396,124.67144524,1,111,151,1,sar,20.5892,73.4863,-90.0,7.6595,53.0949,0.392502,auto,0,120,20.0,100.8891,122.6228,46.7409,0.95
train_000671,Train-Target-000671,area,-38.06673249,69.29774210,8,95,162,1,optical,6.5460,30.7678,8.0,5.2383,55.3026,0.403337,auto,0,120,20.0,26.7055,26.0854,116.5470,0.95
train_001369,Train-Target-001369,area,40.77471607,164.55817637,5,59,159,1,sar,12.6764,103.2335,-90.0,5.7762,29.4509,0.367919,auto,0,120,20.0,134.1552,109.0805,238.4404,0.95
train_002128,Train-Target-002128,area,25.68729858,177.32966406,7,6,54,1,optical,6.4151,57.5009,8.0,5.2518,84.3312,0.318403,auto,0,120,20.0,262.4600,182.8725,239.2963,0.95
train_001550,Train-Target-001550,point,-72.67115032,-63.01756182,7,67,119,1,optical,2.7471,16.7630,8.0,8.0530,71.7603,0.206964,sequential,2,120,5.0,,,,
train_000147,Train-Target-000147,area,-16.38295849,-112.02600454,2,77,142,1,optical,6.9355,35.2641,8.0,7.1221,27.1494,0.282312,auto,0,120,20.0,201.9907,280.1974,172.3990,0.95
train_000226,Train-Target-000226,area,39.23969200,-160.12841147,5,114,239,1,optical,5.9275,39.9583,8.0,7.3897,62.9991,0.374755,auto,0,120,20.0,212.7421,277.3927,120.7278,0.95
train_002836,Train-Target-002836,area,-22.57901432,128.88020178,2,78,215,1,optical,2.2408,47.4753,8.0,8.3240,86.6251,0.281980,auto,0,120,20.0,92.9769,70.0397,35.5801,0.95
train_002127,Train-Target-002127,area,-23.32734809,-176.57795197,10,103,229,1,sar,19.6644,59.8970,-90.0,7.1805,72.4783,0.287043,auto,0,120,20.0,18.5901,22.9316,37.4987,0.95
train_001288,Train-Target-001288,area,11.63650212,68.75681717,8,19,144,1,optical,9.0160,57.6125,8.0,7.1784,47.6341,0.386468,auto,0,120,20.0,22.3265,20.4533,74.4829,0.95
train_000639,Train-Target-000639,area,42.18398670,37.42391797,2,51,163,1,optical,4.2502,49.9146,8.0,8.1268,45.8122,0.364647,auto,0,120,20.0,78.8263,132.0697,246.7564,0.95
train_001067,Train-Target-001067,point,-69.43478703,-156.31226585,3,78,196,1,optical,5.2886,26.1463,8.0,6.9689,77.0651,0.304179,single,1,120,5.0,,,,
train_001169,Train-Target-001169,point,-0.31732597,77.07804009,3,146,195,1,optical,3.5549,33.9307,8.0,8.2587,45.6579,0.388110,sequential,2,120,5.0,,,,
train_002361,Train-Target-002361,area,-31.04671191,174.52204187,4,98,230,1,optical,7.6679,30.2548,8.0,6.4067,33.9604,0.207052,auto,0,120,20.0,24.1621,46.5630,78.2054,0.95
train_002554,Train-Target-002554,area,16.45006699,-148.22672450,9,154,219,1,optical,3.0491,35.4117,8.0,5.9503,65.9495,0.187258,auto,0,120,20.0,125.5724,120.5879,63.3094,0.95
train_002737,Train-Target-002737,point,-45.37088487,151.20445231,9,68,177,1,sar,19.3733,27.2130,-90.0,7.0560,61.0019,0.257569,single,1,120,5.0,,,,
train_000139,Train-Target-000139,point,-25.32287408,1.70874236,9,65,212,1,optical,2.8200,20.7075,8.0,4.6348,65.5192,0.229344,single,1,120,5.0,,,,
train_002379,Train-Target-002379,area,61.54688630,93.29821058,5,106,198,1,optical,9.2238,49.7598,8.0,7.6732,84.4720,0.254473,auto,0,120,20.0,81.6811,136.1380,146.7329,0.95
train_002231,Train-Target-002231,area,22.54805316,-118.25119144,6,104,187,1,optical,6.2010,11.2434,8.0,7.9997,69.0068,0.363489,auto,0,120,20.0,31.2880,47.5168,293.1058,0.95
train_001952,Train-Target-001952,area,15.93457487,-111.91141138,1,161,228,1,optical,7.0055,43.5659,8.0,7.9580,38.7684,0.236107,auto,0,120,20.0,46.6414,21.1926,207.0357,0.95
train_002322,Train-Target-002322,area,-3.67507440,147.97030643,5,65,166,1,optical,3.0190,57.5430,8.0,6.6150,61.2020,0.410818,auto,0,120,20.0,31.7499,18.0173,145.5688,0.95
train_001250,Train-Target-001250,area,25.91604737,27.32301138,9,61,103,1,sar,14.9580,104.8554,-90.0,4.9359,33.5567,0.223057,auto,0,120,20.0,54.8299,127.9049,42.3924,0.95
train_002781,Train-Target-002781,point,-36.26225182,-150.67703558,6,23,134,1,infrared,23.2431,61.2693,-90.0,7.3161,43.4718,0.308954,single,1,120,5.0,,,,
train_001046,Train-Target-001046,area,-33.94437170,-72.15099073,5,143,239,1,optical,9.5541,49.6156,8.0,7.3471,50.0376,0.250972,auto,0,120,20.0,84.2293,138.7997,53.7912,0.95
train_001702,Train-Target-001702,area,3.77739934,-131.84936713,1,58,197,1,optical,5.9703,45.3109,8.0,5.0441,85.0927,0.317612,auto,0,120,20.0,242.7816,237.3463,77.7575,0.95
train_002204,Train-Target-002204,area,-19.24556813,91.33408236,10,47,188,1,optical,7.3205,56.5323,8.0,8.1442,60.8648,0.331979,auto,0,120,20.0,53.5947,115.8085,182.2669,0.95
train_001215,Train-Target-001215,area,-29.98688513,114.02651161,2,58,108,1,optical,5.8811,20.9089,8.0,5.4452,81.3913,0.221235,auto,0,120,20.0,80.3554,73.6642,306.2896,0.95
train_000765,Train-Target-000765,area,-42.38126165,88.05451218,9,143,184,1,optical,7.0544,48.2656,8.0,5.0522,44.6630,0.424443,auto,0,120,20.0,24.8087,29.2781,256.1675,0.95
train_000170,Train-Target-000170,area,36.04912845,-175.30810012,2,137,211,1,optical,5.1636,25.2077,8.0,6.1303,27.4964,0.378819,auto,0,120,20.0,232.1372,178.2746,206.7275,0.95
train_002122,Train-Target-002122,point,-38.53920249,21.07787857,9,4,125,1,optical,5.0305,29.1532,8.0,4.6874,79.3545,0.202216,sequential,2,120,5.0,,,,
train_000679,Train-Target-000679,point,-40.88920068,-136.29351390,4,52,197,1,infrared,37.2763,122.1937,-90.0,7.2587,51.7405,0.216734,sequential,2,120,5.0,,,,
train_001125,Train-Target-001125,area,-35.44938325,9.77827480,5,41,166,1,infrared,35.4048,127.4407,-90.0,6.7405,22.4960,0.360979,auto,0,120,20.0,189.8717,289.3332,59.1173,0.95
train_002784,Train-Target-002784,area,12.07815669,164.94388528,8,104,175,1,optical,9.8474,44.1529,8.0,6.1769,30.2073,0.357266,auto,0,120,20.0,109.2618,113.1838,195.3020,0.95
train_002142,Train-Target-002142,area,12.80297841,33.91044141,9,96,182,1,optical,5.4367,55.3318,8.0,4.9185,44.7727,0.321850,auto,0,120,20.0,28.7765,41.3020,212.4823,0.95
train_001195,Train-Target-001195,point,18.85489829,103.54922104,2,35,181,1,optical,4.1206,39.8868,8.0,5.2991,89.2821,0.275226,single,1,120,5.0,,,,
train_002776,Train-Target-002776,area,67.77250632,-27.92568044,1,57,114,1,optical,2.5503,22.5687,8.0,4.9352,23.4097,0.263818,auto,0,120,20.0,14.8534,13.0867,50.7165,0.95
train_001497,Train-Target-001497,area,22.69661107,-66.59184717,6,82,215,1,sar,14.1063,69.3631,-90.0,8.3426,79.1766,0.369382,auto,0,120,20.0,39.7571,17.6384,329.6083,0.95
train_001608,Train-Target-001608,area,-55.27560315,33.32807157,4,47,205,1,optical,4.0907,21.3309,8.0,7.7516,36.5379,0.280974,auto,0,120,20.0,104.7105,96.9625,209.9175,0.95
train_000659,Train-Target-000659,point,-75.24445411,-37.21214513,8,80,188,1,sar,10.8217,30.1732,-90.0,5.9962,46.6071,0.420050,simultaneous,2,120,5.0,,,,
train_002228,Train-Target-002228,point,-11.57836446,33.96153722,10,107,169,1,infrared,22.4160,108.8744,-90.0,7.9624,88.4983,0.220362,single,1,120,5.0,,,,
train_000094,Train-Target-000094,area,-49.83061285,95.12227139,2,87,178,1,sar,9.1755,53.8438,-90.0,7.3945,58.3850,0.338430,auto,0,120,20.0,90.4014,130.2008,348.7514,0.95
train_000547,Train-Target-000547,area,-28.61848801,0.30299256,10,165,229,1,optical,5.4306,61.4914,8.0,5.4577,78.5743,0.423783,auto,0,120,20.0,142.3619,262.6207,56.5459,0.95
train_000786,Train-Target-000786,area,16.38787984,-22.20148051,10,55,119,1,optical,4.4602,33.0556,8.0,7.3673,43.4420,0.243121,auto,0,120,20.0,28.2456,46.2441,324.6428,0.95
train_001569,Train-Target-001569,point,-49.11380437,-67.26048939,2,61,210,1,sar,18.7792,67.3767,-90.0,7.8287,27.5665,0.374806,single,1,120,5.0,,,,
train_000485,Train-Target-000485,area,67.10285268,108.74886815,2,27,156,1,optical,2.5804,56.8852,8.0,8.1138,69.6339,0.230035,auto,0,120,20.0,163.7402,274.2330,59.2217,0.95
train_001000,Train-Target-001000,point,50.27383294,-8.22682810,4,11,89,1,optical,2.0762,51.1537,8.0,5.4790,43.2279,0.446557,sequential,2,120,5.0,,,,
train_000551,Train-Target-000551,point,-26.32032218,-120.53446945,6,43,135,1,sar,20.3580,47.6279,-90.0,5.2847,62.3440,0.320738,single,1,120,5.0,,,,
train_002916,Train-Target-002916,point,52.44929025,137.71226164,1,90,221,1,optical,2.7268,53.0593,8.0,8.0847,64.8945,0.390734,sequential,2,120,5.0,,,,
train_002009,Train-Target-002009,point,-72.08918292,165.52571644,10,33,188,1,sar,11.0197,92.3370,-90.0,8.0192,30.9599,0.355618,single,1,120,5.0,,,,
train_000937,Train-Target-000937,area,61.19864466,-142.53832454,5,141,206,1,optical,4.9134,32.5589,8.0,5.6031,29.3642,0.281749,auto,0,120,20.0,74.3398,115.3890,338.5563,0.95
train_000414,Train-Target-000414,area,58.39323047,-1.49954875,3,18,150,1,sar,15.5453,45.2100,-90.0,5.3714,22.3881,0.348919,auto,0,120,20.0,283.6891,194.6773,263.3383,0.95
train_002369,Train-Target-002369,area,-60.14354720,-63.44575354,7,123,202,1,optical,9.1788,48.1207,8.0,7.5380,82.9429,0.201079,auto,0,120,20.0,191.6174,155.3585,42.2765,0.95
train_001506,Train-Target-001506,area,-55.20463505,136.78311947,5,98,209,1,optical,9.8340,23.3102,8.0,5.6013,87.7426,0.193373,auto,0,120,20.0,39.2054,43.9909,41.6587,0.95
train_000042,Train-Target-000042,area,43.74952937,-72.10366371,10,92,210,1,infrared,32.6077,47.8276,-90.0,7.3932,88.5732,0.350918,auto,0,120,20.0,102.2801,76.4589,187.0127,0.95
train_001639,Train-Target-001639,area,-38.95558699,-21.05332395,3,71,230,1,sar,14.7224,102.9042,-90.0,8.3685,45.3073,0.217950,auto,0,120,20.0,128.7092,101.2126,19.9766,0.95
train_001279,Train-Target-001279,area,-4.59902151,-24.19314003,5,159,237,1,sar,9.6712,93.2188,-90.0,6.1671,81.0676,0.234067,auto,0,120,20.0,35.2723,27.3202,353.5478,0.95
train_000367,Train-Target-000367,area,25.10640397,174.38850856,7,10,72,1,optical,2.1101,11.9593,8.0,8.0999,73.7962,0.414135,auto,0,120,20.0,87.4743,65.6945,355.1160,0.95
train_001783,Train-Target-001783,area,11.14108393,130.12233675,5,137,194,1,sar,19.9103,76.2153,-90.0,7.4863,82.1012,0.182808,auto,0,120,20.0,110.2023,76.0850,279.4614,0.95
train_001238,Train-Target-001238,area,-22.91834505,-167.36490375,7,149,212,1,optical,4.5603,53.8620,8.0,7.4826,80.7236,0.410638,auto,0,120,20.0,67.5229,63.0714,4.4090,0.95
train_001545,Train-Target-001545,area,-5.26742008,113.30219868,6,147,199,1,sar,21.2966,29.8593,-90.0,5.3839,73.2271,0.442578,auto,0,120,20.0,40.8226,41.5180,116.0405,0.95
train_001577,Train-Target-001577,point,-14.21116999,63.20326517,7,39,113,1,sar,16.5301,106.7963,-90.0,8.2555,63.5962,0.331755,single,1,120,5.0,,,,
train_000198,Train-Target-000198,area,30.01347836,-136.03596354,4,95,216,1,optical,9.1322,17.1401,8.0,5.1283,74.8083,0.315740,auto,0,120,20.0,114.3945,87.2544,173.8351,0.95
train_002869,Train-Target-002869,area,-44.77248593,108.90123453,4,148,225,1,sar,16.2299,26.1049,-90.0,7.2037,66.1538,0.314423,auto,0,120,20.0,275.4461,208.0742,260.9906,0.95
train_000994,Train-Target-000994,area,9.34317423,155.39310058,8,46,90,1,optical,9.0922,27.2690,8.0,6.8405,65.3865,0.431095,auto,0,120,20.0,262.8227,211.7969,110.1392,0.95
train_002764,Train-Target-002764,area,13.59172380,66.70992365,3,81,137,1,optical,2.7018,55.6950,8.0,7.0007,47.2022,0.270260,auto,0,120,20.0,122.3078,118.3075,266.7732,0.95
train_001678,Train-Target-001678,area,1.46356974,2.29043428,1,180,223,1,optical,4.6608,12.0725,8.0,4.5203,67.4197,0.335112,auto,0,120,20.0,43.7177,38.0450,263.5047,0.95
train_000277,Train-Target-000277,area,69.83264372,-16.50342693,5,70,219,1,optical,2.3206,10.0045,8.0,6.4100,51.6201,0.391747,auto,0,120,20.0,103.0945,118.4325,299.1456,0.95
train_000219,Train-Target-000219,area,-10.46526227,117.28709635,2,82,233,1,optical,9.1255,52.2228,8.0,5.4806,76.7870,0.208420,auto,0,120,20.0,24.2827,45.5898,221.8552,0.95
train_000364,Train-Target-000364,area,75.14106448,-28.25416971,3,69,183,1,optical,7.0130,48.9465,8.0,5.6787,68.2528,0.438388,auto,0,120,20.0,194.5143,266.1790,26.1542,0.95
train_002611,Train-Target-002611,area,-38.48010271,-72.94457297,7,91,198,1,infrared,20.3172,71.1245,-90.0,5.6747,77.7906,0.233711,auto,0,120,20.0,15.1864,25.5318,356.3887,0.95
train_002892,Train-Target-002892,area,-35.20487918,-82.32554510,5,19,99,1,optical,9.2277,27.6246,8.0,6.9416,52.9286,0.413163,auto,0,120,20.0,34.3551,38.4050,289.3974,0.95
train_002048,Train-Target-002048,area,29.86702245,31.56030024,9,17,93,1,optical,9.0616,60.2309,8.0,8.2223,48.3433,0.351497,auto,0,120,20.0,19.8572,14.6626,183.7107,0.95
train_000471,Train-Target-000471,area,0.00909307,-169.49057720,10,97,202,1,optical,8.3293,21.8986,8.0,5.1268,47.5740,0.256079,auto,0,120,20.0,20.4874,18.2951,245.4199,0.95
train_001831,Train-Target-001831,point,1.91269148,-29.52563800,9,14,76,1,sar,8.4495,32.5469,-90.0,6.6097,36.6356,0.396554,single,1,120,5.0,,,,
train_001285,Train-Target-001285,area,31.99743215,-3.67406369,7,43,198,1,infrared,37.3076,77.1626,-90.0,4.8786,44.3551,0.224854,auto,0,120,20.0,63.2734,55.8065,194.2402,0.95
train_001313,Train-Target-001313,area,34.97459343,110.16890365,3,113,183,1,optical,9.1460,37.2880,8.0,6.4370,23.5747,0.274313,auto,0,120,20.0,30.2610,12.6994,166.8278,0.95
train_001435,Train-Target-001435,area,40.60640829,-139.43641717,4,54,121,1,optical,3.8865,52.0583,8.0,7.2487,72.2206,0.344441,auto,0,120,20.0,46.5724,23.3597,290.5644,0.95
train_002743,Train-Target-002743,area,-13.34340706,0.77289694,6,74,182,1,optical,4.3242,36.9132,8.0,7.2847,75.2241,0.420994,auto,0,120,20.0,66.9700,51.7115,316.8778,0.95
train_001993,Train-Target-001993,area,-39.80759788,154.30688477,8,97,193,1,sar,12.9998,65.7909,-90.0,5.5707,88.8779,0.187494,auto,0,120,20.0,49.7132,39.6475,233.3849,0.95
train_000670,Train-Target-000670,area,-8.66546333,-105.53020348,7,17,167,1,sar,10.7476,107.3336,-90.0,8.1246,38.5254,0.322818,auto,0,120,20.0,23.0092,17.3712,348.3320,0.95
train_001359,Train-Target-001359,point,34.91924461,101.90187896,8,3,130,1,optical,9.6919,10.6565,8.0,7.3486,87.4340,0.202319,single,1,120,5.0,,,,
train_001773,Train-Target-001773,area,-26.52309583,120.80314487,2,42,181,1,optical,2.6835,57.3520,8.0,6.3028,76.4268,0.378350,auto,0,120,20.0,40.5302,26.7569,292.6803,0.95
train_001962,Train-Target-001962,area,-47.86177704,-115.40112366,3,56,193,1,optical,5.8539,38.4786,8.0,4.7067,61.4059,0.363184,auto,0,120,20.0,29.8845,42.3514,59.9077,0.95
train_002175,Train-Target-002175,area,-1.17934655,69.12439175,7,96,145,1,sar,10.8083,51.3088,-90.0,7.2882,67.9365,0.207688,auto,0,120,20.0,256.9469,240.6831,105.2295,0.95
train_001143,Train-Target-001143,area,-23.33858646,79.07317702,1,90,185,1,sar,10.1608,95.4828,-90.0,5.8826,53.9365,0.266605,auto,0,120,20.0,38.8525,43.1567,74.3507,0.95
train_000449,Train-Target-000449,area,21.32152072,-161.95460188,4,89,170,1,sar,12.6404,106.9492,-90.0,7.6529,44.1583,0.252722,auto,0,120,20.0,204.1849,297.8336,239.4701,0.95
train_000964,Train-Target-000964,point,57.31692885,15.50697457,10,129,237,1,infrared,37.7567,136.6397,-90.0,6.7307,20.8113,0.383504,simultaneous,2,120,5.0,,,,
train_001707,Train-Target-001707,area,-66.29166738,-157.04941839,9,163,219,1,sar,9.9008,101.2995,-90.0,5.6875,51.0727,0.380951,auto,0,120,20.0,119.1045,68.8782,62.3190,0.95
train_000149,Train-Target-000149,point,10.85734088,-53.32058432,1,108,173,1,sar,17.4377,57.7138,-90.0,8.3276,48.6533,0.189161,simultaneous,2,120,5.0,,,,
train_003039,Train-Target-003039,area,-25.90808168,-111.83578683,2,141,193,1,optical,5.4625,32.9819,8.0,5.7721,35.4243,0.393953,auto,0,120,20.0,51.5240,129.0879,175.9848,0.95
train_000030,Train-Target-000030,area,-57.96191531,-36.22742764,3,92,183,1,sar,13.2465,32.4331,-90.0,4.6530,43.1174,0.300404,auto,0,120,20.0,113.2103,90.7466,72.8643,0.95
train_002706,Train-Target-002706,area,-54.68334707,176.61752998,3,62,161,1,optical,8.9124,39.5714,8.0,8.0108,86.8484,0.239734,auto,0,120,20.0,286.9489,156.3693,281.2084,0.95
train_001856,Train-Target-001856,area,47.84651322,-11.38095557,7,40,135,1,optical,3.2039,19.1935,8.0,8.0186,88.2281,0.340141,auto,0,120,20.0,209.7027,245.8685,276.8988,0.95
train_001204,Train-Target-001204,area,74.28337045,-138.54827544,8,74,147,1,sar,11.3100,108.3678,-90.0,7.6625,51.6648,0.361959,auto,0,120,20.0,106.9788,53.5782,301.6748,0.95
train_001428,Train-Target-001428,area,-10.93781407,-45.89618403,1,127,183,1,sar,21.9994,30.7732,-90.0,8.1937,46.6397,0.447649,auto,0,120,20.0,221.1510,229.0597,261.3564,0.95
train_001632,Train-Target-001632,area,48.82045188,159.01121056,1,62,209,1,optical,4.6272,60.4947,8.0,5.3347,61.2773,0.212464,auto,0,120,20.0,77.7087,119.5023,103.2246,0.95
train_002906,Train-Target-002906,point,-65.52624516,-32.75062723,9,8,120,1,optical,7.2718,56.4783,8.0,5.3854,51.8648,0.320320,sequential,2,120,5.0,,,,
train_000706,Train-Target-000706,area,-24.85871359,68.63138898,9,117,235,1,sar,21.3966,25.8263,-90.0,5.7503,39.5173,0.430621,auto,0,120,20.0,113.0116,66.2793,133.2476,0.95
train_003020,Train-Target-003020,area,-41.45612204,45.01678940,6,23,84,1,optical,4.6548,54.7400,8.0,7.2691,28.0741,0.438870,auto,0,120,20.0,32.2257,43.7996,43.2037,0.95
train_002889,Train-Target-002889,area,-27.04039549,-155.56872088,2,46,193,1,optical,7.3314,50.0860,8.0,4.6090,53.6737,0.287956,auto,0,120,20.0,23.4302,49.9334,262.7115,0.95
train_002478,Train-Target-002478,point,-40.67636238,76.24714360,1,69,142,1,optical,4.8729,52.1845,8.0,5.2267,34.2260,0.381178,single,1,120,5.0,,,,
train_000921,Train-Target-000921,point,-20.38864455,154.45910040,7,60,126,1,optical,6.2351,64.8611,8.0,6.0286,64.0989,0.350505,single,1,120,5.0,,,,
train_002088,Train-Target-002088,area,63.03640085,-27.67595064,5,52,175,1,optical,4.6167,27.7793,8.0,5.0317,49.3417,0.321969,auto,0,120,20.0,143.0573,174.9254,116.2799,0.95
train_001586,Train-Target-001586,area,40.50896502,-79.82939534,3,22,167,1,sar,15.3858,87.2763,-90.0,7.1428,46.2393,0.288844,auto,0,120,20.0,104.7766,137.0321,35.2840,0.95
train_001950,Train-Target-001950,area,-26.71730722,-59.07683209,1,63,193,1,infrared,33.3824,51.2845,-90.0,6.9346,33.3370,0.239320,auto,0,120,20.0,15.8178,45.3102,39.5257,0.95
train_002626,Train-Target-002626,area,47.97858336,48.79617691,3,110,188,1,optical,3.4621,39.0126,8.0,7.2516,88.4239,0.430790,auto,0,120,20.0,127.2416,127.6015,235.1955,0.95
train_000775,Train-Target-000775,point,5.29892090,44.57292248,5,8,160,1,optical,2.6578,44.4066,8.0,6.4055,77.2473,0.317796,simultaneous,2,120,5.0,,,,
train_002386,Train-Target-002386,area,0.51707833,-26.85509375,4,96,138,1,sar,14.5774,66.1992,-90.0,6.9065,38.7260,0.197077,auto,0,120,20.0,55.1383,128.6879,188.0417,0.95
train_000977,Train-Target-000977,area,17.45628657,121.55210025,8,75,193,1,sar,17.1341,108.9470,-90.0,6.0205,29.6821,0.281221,auto,0,120,20.0,13.3269,27.3439,325.2444,0.95
train_002078,Train-Target-002078,area,-13.27983944,45.39955332,7,74,221,1,optical,7.2920,60.6056,8.0,4.8673,42.8632,0.390156,auto,0,120,20.0,250.0490,256.9567,33.1402,0.95
train_001535,Train-Target-001535,point,-8.92476821,-98.20140288,10,129,172,1,optical,3.6871,52.1395,8.0,8.3412,74.6061,0.271542,sequential,2,120,5.0,,,,
train_003033,Train-Target-003033,area,-10.47400809,164.11032373,2,119,220,1,optical,8.4462,26.6218,8.0,6.0707,30.7431,0.215731,auto,0,120,20.0,42.9947,38.4610,302.3973,0.95
train_001324,Train-Target-001324,area,48.38663214,-172.02667275,8,77,219,1,infrared,22.0494,111.3472,-90.0,5.1734,25.7300,0.209433,auto,0,120,20.0,287.2223,256.8135,346.1136,0.95
train_000849,Train-Target-000849,area,-63.10390591,22.16815515,10,52,136,1,sar,17.2858,33.0945,-90.0,7.4389,32.3429,0.315378,auto,0,120,20.0,18.2836,13.9679,333.9632,0.95
train_002636,Train-Target-002636,area,68.26813150,-115.97264835,2,96,161,1,sar,10.1190,61.8398,-90.0,5.1182,53.2256,0.281592,auto,0,120,20.0,71.3675,61.5453,198.1846,0.95
train_000843,Train-Target-000843,point,9.82422523,103.29165928,4,118,189,1,infrared,31.3707,49.9111,-90.0,7.1303,41.1114,0.405173,sequential,2,120,5.0,,,,
train_002775,Train-Target-002775,area,69.33323216,41.98235469,2,113,161,1,infrared,28.7621,118.1070,-90.0,7.8438,41.3697,0.442351,auto,0,120,20.0,274.6564,175.7355,173.9779,0.95
train_001476,Train-Target-001476,point,8.97890356,134.64816899,7,125,230,1,optical,3.7245,62.4822,8.0,6.2354,62.4156,0.248261,single,1,120,5.0,,,,
train_002832,Train-Target-002832,area,10.46760002,176.32174145,4,135,179,1,infrared,33.7461,78.8009,-90.0,5.8396,26.8214,0.228371,auto,0,120,20.0,32.9989,13.2325,166.6825,0.95
train_001440,Train-Target-001440,point,-37.85249274,145.67320314,10,60,137,1,optical,7.1866,29.3568,8.0,7.5865,83.0175,0.299807,single,1,120,5.0,,,,
train_000295,Train-Target-000295,area,20.11032726,-10.95774705,3,85,179,1,optical,8.8795,11.1224,8.0,7.9470,52.0929,0.415206,auto,0,120,20.0,72.3447,87.4142,116.1576,0.95
train_002423,Train-Target-002423,point,60.43802978,48.80471506,4,14,60,1,infrared,32.6779,52.3456,-90.0,7.3138,74.3924,0.418251,sequential,2,120,5.0,,,,
train_001524,Train-Target-001524,area,-11.29610786,63.18485941,9,87,214,1,optical,9.3002,12.8811,8.0,7.5731,60.2018,0.348620,auto,0,120,20.0,153.3503,263.8034,304.6875,0.95
train_000519,Train-Target-000519,point,-0.40323215,145.85115632,2,107,180,1,optical,5.4174,63.7845,8.0,8.0048,28.5069,0.335263,single,1,120,5.0,,,,
train_002137,Train-Target-002137,area,-46.38667398,-153.62520920,1,96,201,1,optical,7.2381,47.0347,8.0,6.5610,23.5095,0.334174,auto,0,120,20.0,15.6229,38.8049,260.7711,0.95
train_002674,Train-Target-002674,area,15.95056316,5.22844381,8,134,204,1,optical,7.3408,43.5146,8.0,6.4647,29.8856,0.185980,auto,0,120,20.0,49.5575,37.3771,138.4983,0.95
train_000051,Train-Target-000051,area,-56.05173976,94.87608635,1,40,98,1,sar,14.8893,76.8839,-90.0,6.9216,51.9442,0.250915,auto,0,120,20.0,239.3584,216.2479,123.3567,0.95
train_000413,Train-Target-000413,point,74.37443021,59.60746790,10,43,117,1,optical,9.4164,17.9922,8.0,5.4441,33.2157,0.400357,single,1,120,5.0,,,,
train_000698,Train-Target-000698,point,3.35932349,58.56230015,1,43,100,1,sar,15.5816,100.2218,-90.0,6.7435,69.0453,0.402345,single,1,120,5.0,,,,
train_002909,Train-Target-002909,point,-57.61898974,-21.23168292,3,63,188,1,optical,8.5025,28.5975,8.0,5.7528,66.7139,0.368560,single,1,120,5.0,,,,
train_000861,Train-Target-000861,point,-1.81674787,-158.28758270,6,146,188,1,optical,3.8713,47.8223,8.0,4.5918,67.3290,0.192704,single,1,120,5.0,,,,
train_002038,Train-Target-002038,point,58.20380923,160.82806025,6,108,216,1,sar,21.5440,42.8777,-90.0,5.3175,83.0906,0.287187,simultaneous,2,120,5.0,,,,
train_001205,Train-Target-001205,area,-6.07364197,-138.80115877,9,190,234,1,optical,8.3739,55.7989,8.0,7.8752,28.7516,0.201968,auto,0,120,20.0,188.9287,298.2727,4.8866,0.95
train_001018,Train-Target-001018,area,57.91643298,-55.97702362,5,104,182,1,sar,12.3260,38.2532,-90.0,8.2390,42.0236,0.429321,auto,0,120,20.0,224.4352,233.2566,42.9349,0.95
train_002199,Train-Target-002199,area,76.30635140,-113.90771413,10,13,81,1,optical,7.8049,41.9830,8.0,7.1131,48.9966,0.347882,auto,0,120,20.0,37.7276,30.3764,63.5153,0.95
train_001254,Train-Target-001254,point,-10.46548286,170.28943937,10,119,215,1,optical,6.6076,36.6118,8.0,5.3874,86.7505,0.266094,sequential,2,120,5.0,,,,
train_001110,Train-Target-001110,area,-11.26011273,-33.41124951,7,1,105,1,sar,18.5229,95.4302,-90.0,5.3241,27.8625,0.367298,auto,0,120,20.0,236.7901,187.9198,282.4847,0.95
train_000936,Train-Target-000936,area,-5.00326847,41.52681408,5,73,223,1,optical,7.9213,60.8593,8.0,6.5625,64.7713,0.351575,auto,0,120,20.0,103.3917,125.6411,179.5876,0.95
train_002167,Train-Target-002167,area,48.64764140,-44.54298361,10,9,139,1,sar,15.0101,95.8140,-90.0,7.0424,51.2832,0.278437,auto,0,120,20.0,39.5915,21.5437,11.0325,0.95
train_002680,Train-Target-002680,area,21.27980190,10.25669047,5,28,159,1,optical,5.1803,59.3205,8.0,7.7316,57.9734,0.315046,auto,0,120,20.0,120.3878,88.7146,190.8479,0.95
train_000871,Train-Target-000871,area,-19.94603114,-12.11167847,6,59,198,1,optical,2.0702,32.6961,8.0,8.0433,70.2367,0.246569,auto,0,120,20.0,227.6238,207.6596,312.4292,0.95
train_002745,Train-Target-002745,point,-50.76472653,145.99762814,3,68,227,1,optical,7.7172,36.3769,8.0,5.6158,85.1829,0.401549,simultaneous,2,120,5.0,,,,
train_001236,Train-Target-001236,point,10.51511556,-172.81283803,5,50,208,1,infrared,36.6964,101.1485,-90.0,5.7885,76.6600,0.358588,single,1,120,5.0,,,,
train_000151,Train-Target-000151,area,-6.49450937,-82.21786856,7,164,212,1,optical,9.5980,44.8147,8.0,7.1506,53.0509,0.213070,auto,0,120,20.0,155.3351,187.3994,278.5529,0.95
train_002631,Train-Target-002631,point,23.87909872,89.95989015,1,116,176,1,optical,8.2214,40.2338,8.0,7.6578,36.3893,0.182701,single,1,120,5.0,,,,
train_001555,Train-Target-001555,area,62.64261053,115.41584941,2,106,237,1,optical,5.6905,52.5117,8.0,5.7530,52.5280,0.317489,auto,0,120,20.0,243.0898,179.5276,109.4568,0.95
train_002783,Train-Target-002783,point,59.53836669,-25.85055438,7,19,166,1,sar,11.5586,57.2771,-90.0,6.8447,54.0779,0.183354,single,1,120,5.0,,,,
train_001859,Train-Target-001859,area,-6.03990708,116.19365475,10,54,203,1,optical,3.9645,55.9190,8.0,8.2188,61.3435,0.273736,auto,0,120,20.0,28.7364,22.4141,281.3020,0.95
train_001675,Train-Target-001675,area,50.61538378,-13.47000456,6,69,188,1,sar,10.0136,26.2399,-90.0,5.0177,24.3064,0.311618,auto,0,120,20.0,24.9073,31.2846,84.3068,0.95
train_001561,Train-Target-001561,area,19.62690562,136.83290202,7,43,203,1,infrared,29.4996,96.7994,-90.0,5.1602,50.8695,0.196015,auto,0,120,20.0,155.6500,293.1175,86.6812,0.95
train_000945,Train-Target-000945,area,28.49965933,-10.19500166,10,124,236,1,optical,3.6625,23.4558,8.0,5.9732,51.5940,0.208164,auto,0,120,20.0,97.3632,111.4328,86.1285,0.95
train_000650,Train-Target-000650,area,-9.48455082,42.31214620,6,99,164,1,sar,14.3312,27.9072,-90.0,7.5713,67.0341,0.349596,auto,0,120,20.0,188.7136,222.8591,271.5177,0.95
train_002600,Train-Target-002600,area,56.79021364,155.33855780,5,83,163,1,optical,5.4724,53.4393,8.0,5.9999,46.7567,0.294561,auto,0,120,20.0,119.8031,52.1417,142.5989,0.95
train_000461,Train-Target-000461,area,-51.41452594,-33.96528495,9,44,194,1,sar,10.2480,53.5309,-90.0,7.8727,37.5909,0.419987,auto,0,120,20.0,95.4295,99.2684,318.1476,0.95
train_001850,Train-Target-001850,area,19.35266249,-95.74693340,5,157,221,1,sar,9.8940,46.6694,-90.0,4.6485,87.8884,0.260614,auto,0,120,20.0,45.9940,19.5588,1.1384,0.95
train_002108,Train-Target-002108,area,23.04526106,-65.71826604,4,163,234,1,optical,2.0581,26.1430,8.0,7.2758,59.1918,0.215936,auto,0,120,20.0,225.2859,238.1234,182.4577,0.95
train_001809,Train-Target-001809,point,30.53119395,-74.79075588,9,101,208,1,sar,16.4696,99.7079,-90.0,6.7283,44.6134,0.282476,single,1,120,5.0,,,,
train_000306,Train-Target-000306,area,37.87689949,105.41473157,8,91,161,1,infrared,21.7611,68.9458,-90.0,6.7925,88.1807,0.330940,auto,0,120,20.0,231.7727,231.0406,199.8321,0.95
train_001797,Train-Target-001797,area,-20.57945816,167.60402682,5,13,126,1,sar,18.0783,99.4089,-90.0,6.0179,65.7361,0.304585,auto,0,120,20.0,31.2210,25.4398,207.3249,0.95
train_002305,Train-Target-002305,area,-4.02586289,-102.16554361,8,85,215,1,sar,18.3770,46.3193,-90.0,6.0680,84.5172,0.183124,auto,0,120,20.0,226.9291,238.8982,1.9958,0.95
train_000533,Train-Target-000533,area,76.29441590,-34.51332599,10,28,135,1,optical,9.6138,22.0258,8.0,6.3481,64.8466,0.205788,auto,0,120,20.0,217.4418,235.1006,255.9388,0.95
train_000883,Train-Target-000883,area,-6.88894527,-129.50913171,6,33,150,1,sar,8.7550,63.7374,-90.0,5.0467,46.8100,0.216509,auto,0,120,20.0,22.9456,17.5241,128.9480,0.95
train_001090,Train-Target-001090,area,24.49532307,-84.61209982,1,161,228,1,sar,8.5868,74.9062,-90.0,5.6320,75.5705,0.449990,auto,0,120,20.0,70.5983,136.4056,104.8989,0.95
train_001544,Train-Target-001544,area,66.87181672,24.08587180,1,108,201,1,optical,3.0730,11.3999,8.0,7.1973,36.0559,0.344899,auto,0,120,20.0,19.2229,31.4929,60.4844,0.95
train_000996,Train-Target-000996,area,-53.15849115,-110.60613994,6,76,207,1,sar,8.5531,28.7044,-90.0,6.1922,20.9374,0.372702,auto,0,120,20.0,48.1838,34.8012,190.2773,0.95
train_000154,Train-Target-000154,area,-20.78570156,-42.40600041,2,33,177,1,optical,6.5222,33.6757,8.0,6.1443,73.8824,0.214595,auto,0,120,20.0,111.5123,134.3898,174.6070,0.95
train_001974,Train-Target-001974,area,33.13380283,-104.30308418,3,125,237,1,optical,8.8267,29.3265,8.0,7.5008,63.0735,0.247164,auto,0,120,20.0,32.7174,41.4758,342.0198,0.95
train_000760,Train-Target-000760,point,13.28402917,115.48629181,2,2,112,1,optical,6.8872,17.9296,8.0,7.4916,36.7677,0.333440,single,1,120,5.0,,,,
train_002827,Train-Target-002827,point,-0.99248105,-107.22075536,1,36,179,1,sar,19.9574,69.1637,-90.0,7.8487,79.2384,0.212013,sequential,2,120,5.0,,,,
train_002759,Train-Target-002759,area,77.43898657,77.61054437,8,15,175,1,optical,8.1906,48.5792,8.0,5.1501,42.2437,0.183960,auto,0,120,20.0,159.0655,270.7362,132.2955,0.95
train_000404,Train-Target-000404,point,43.07127913,-110.34762704,1,81,227,1,optical,6.2642,18.5430,8.0,8.3949,81.4914,0.278245,sequential,2,120,5.0,,,,
train_002321,Train-Target-002321,area,-44.40685367,3.31496792,1,74,189,1,optical,7.4187,15.6643,8.0,5.5324,21.2675,0.325381,auto,0,120,20.0,249.3112,175.8775,278.9401,0.95
train_000516,Train-Target-000516,area,-4.20235494,-79.35845164,3,90,165,1,sar,11.4418,77.4625,-90.0,4.7970,50.9603,0.292991,auto,0,120,20.0,65.1310,96.1014,66.2665,0.95
train_001048,Train-Target-001048,area,13.18785537,132.27055734,9,42,172,1,sar,10.5920,34.3516,-90.0,5.7645,79.9350,0.254757,auto,0,120,20.0,28.9001,16.8383,187.2373,0.95
train_002551,Train-Target-002551,area,-6.62186337,73.47536922,1,29,105,1,optical,7.6265,50.6621,8.0,5.3304,85.9809,0.188956,auto,0,120,20.0,95.3022,130.5976,121.0192,0.95
train_001692,Train-Target-001692,area,-72.14009317,158.33343095,10,17,84,1,optical,2.2128,33.1308,8.0,5.4951,83.4294,0.186182,auto,0,120,20.0,286.5623,252.5436,99.0399,0.95
train_003027,Train-Target-003027,area,46.63979644,-36.64533187,5,105,223,1,sar,16.6299,47.5150,-90.0,4.5486,68.3897,0.386673,auto,0,120,20.0,99.0313,81.4919,25.5975,0.95
train_001268,Train-Target-001268,point,-1.25488075,141.30207069,5,82,225,1,optical,9.5861,13.2977,8.0,6.5413,35.5616,0.224751,single,1,120,5.0,,,,
train_002481,Train-Target-002481,point,-60.62145594,-129.56727979,3,112,201,1,optical,9.4131,47.3905,8.0,8.1189,48.8140,0.302755,single,1,120,5.0,,,,
train_003021,Train-Target-003021,area,-23.25576576,-13.62234843,7,62,166,1,optical,9.7359,29.4309,8.0,5.7570,50.0190,0.344011,auto,0,120,20.0,177.7603,168.0799,347.9516,0.95
train_001884,Train-Target-001884,area,-54.08617829,88.83961306,8,27,104,1,optical,4.6231,47.1038,8.0,5.0473,26.7165,0.332220,auto,0,120,20.0,153.8932,186.6933,143.4310,0.95
train_002480,Train-Target-002480,point,-0.86411198,158.66161197,5,26,138,1,sar,10.3330,104.7846,-90.0,7.4303,20.7966,0.331579,single,1,120,5.0,,,,
train_001918,Train-Target-001918,area,-17.34465673,55.52563625,6,156,207,1,sar,18.5784,90.7633,-90.0,7.3666,67.9862,0.293977,auto,0,120,20.0,46.1044,21.8128,26.0011,0.95
train_001280,Train-Target-001280,area,18.25969939,60.76100647,4,0,105,1,sar,15.1108,67.0661,-90.0,7.8131,78.6109,0.269516,auto,0,120,20.0,41.3786,19.3576,249.4212,0.95
train_000023,Train-Target-000023,area,-3.78132877,22.17581550,3,71,166,1,sar,21.9536,90.4364,-90.0,6.5559,51.5598,0.181456,auto,0,120,20.0,120.7263,93.5667,338.9789,0.95
train_001779,Train-Target-001779,area,-32.74897384,131.91706850,7,86,217,1,sar,8.3773,25.6227,-90.0,7.3347,40.0652,0.181060,auto,0,120,20.0,298.5072,175.0267,241.0172,0.95
train_002217,Train-Target-002217,point,74.04831974,-158.21309321,3,21,157,1,sar,18.7535,51.7753,-90.0,6.2074,41.4393,0.241512,simultaneous,2,120,5.0,,,,
train_002582,Train-Target-002582,area,39.29641075,-169.27941944,2,16,102,1,optical,9.7804,16.6985,8.0,7.7747,45.5220,0.319406,auto,0,120,20.0,48.4793,22.0701,223.6343,0.95
train_000741,Train-Target-000741,area,6.13789173,-14.08533483,7,76,118,1,sar,21.3403,107.5531,-90.0,6.1740,31.6487,0.427776,auto,0,120,20.0,185.7133,169.9052,237.2876,0.95
train_002620,Train-Target-002620,area,-26.49259170,-162.08781041,4,88,188,1,infrared,18.5819,121.4147,-90.0,7.1384,35.4427,0.254320,auto,0,120,20.0,87.3247,138.9237,112.9279,0.95
train_002841,Train-Target-002841,area,-37.18663328,75.02731421,1,31,163,1,optical,2.5416,14.2727,8.0,6.2817,82.6724,0.286912,auto,0,120,20.0,38.7857,35.1470,131.1501,0.95
train_001676,Train-Target-001676,area,3.16238728,-58.28141432,7,105,220,1,optical,8.9954,45.0529,8.0,7.1856,85.6114,0.236996,auto,0,120,20.0,96.3096,75.9501,11.8164,0.95
train_001921,Train-Target-001921,area,71.66860723,-148.84499756,8,17,85,1,optical,3.0259,41.4117,8.0,5.7355,35.1518,0.399139,auto,0,120,20.0,20.0305,38.3154,48.2796,0.95
train_002966,Train-Target-002966,area,-1.18371265,-174.91528413,3,90,191,1,optical,5.4272,60.6239,8.0,7.2743,39.3817,0.354535,auto,0,120,20.0,35.6413,17.0666,100.0428,0.95
train_000012,Train-Target-000012,area,-81.82696479,120.63612455,6,40,180,1,optical,6.2041,57.7276,8.0,6.9547,32.0204,0.203182,auto,0,120,20.0,199.6113,167.5624,283.5101,0.95
train_002055,Train-Target-002055,area,-55.62836188,-12.05540476,8,23,113,1,optical,3.3386,43.7906,8.0,7.4072,33.7440,0.421666,auto,0,120,20.0,34.1195,39.6086,300.4071,0.95
train_001084,Train-Target-001084,area,-15.47129023,32.98689638,6,156,208,1,optical,8.0339,31.2086,8.0,8.2019,50.8908,0.309356,auto,0,120,20.0,274.0448,174.3537,328.2148,0.95
train_003005,Train-Target-003005,area,-70.10490263,-18.28210620,1,95,179,1,optical,9.5313,59.7410,8.0,7.5251,48.6800,0.366280,auto,0,120,20.0,108.5227,95.6951,167.2039,0.95
train_000527,Train-Target-000527,point,8.98041612,151.31631852,9,130,194,1,infrared,19.7441,94.4092,-90.0,6.5097,58.8539,0.357023,single,1,120,5.0,,,,
train_001585,Train-Target-001585,area,-19.08640926,-57.21431826,2,52,192,1,optical,9.8193,45.7589,8.0,5.9928,32.2467,0.220435,auto,0,120,20.0,50.5995,81.3509,50.8237,0.95
train_001670,Train-Target-001670,area,29.05057773,21.22372165,1,46,104,1,infrared,34.4023,143.2087,-90.0,6.7528,30.2740,0.399099,auto,0,120,20.0,82.2777,75.0816,339.5048,0.95
train_001091,Train-Target-001091,area,44.26630261,77.30028893,10,72,139,1,optical,9.2883,14.3244,8.0,5.2706,35.0128,0.429985,auto,0,120,20.0,47.6489,21.4590,91.5101,0.95
train_002627,Train-Target-002627,point,-60.42384513,-98.86796706,3,80,210,1,optical,9.5310,31.8707,8.0,7.9529,87.6412,0.311884,sequential,2,120,5.0,,,,
train_002133,Train-Target-002133,area,-2.25550708,24.83987823,5,67,156,1,optical,4.2378,63.4670,8.0,7.8799,72.5910,0.429539,auto,0,120,20.0,45.6585,34.1240,349.2146,0.95
train_001355,Train-Target-001355,area,54.03636552,-22.18005657,6,50,151,1,optical,3.5199,23.8204,8.0,6.1588,25.2253,0.339068,auto,0,120,20.0,18.7567,48.4289,111.8235,0.95
train_000458,Train-Target-000458,area,20.08994847,-141.19345592,4,20,162,1,sar,8.0880,34.1726,-90.0,8.3045,67.0012,0.384591,auto,0,120,20.0,16.7700,35.4503,40.0110,0.95
train_000475,Train-Target-000475,point,-35.68739833,-102.71302441,5,47,160,1,optical,3.4044,42.8095,8.0,4.6965,83.7156,0.304336,single,1,120,5.0,,,,
train_001172,Train-Target-001172,area,-59.36887314,-51.99092079,4,58,196,1,optical,5.3578,17.7982,8.0,7.8644,63.4807,0.310232,auto,0,120,20.0,69.6644,57.9528,24.4649,0.95
train_001890,Train-Target-001890,area,-43.12588402,-14.31932165,6,92,166,1,sar,16.2703,89.1551,-90.0,6.4009,74.6894,0.298494,auto,0,120,20.0,94.2675,111.6745,283.6124,0.95
train_000931,Train-Target-000931,area,-24.10954794,-144.12303491,4,50,102,1,optical,7.0027,39.0965,8.0,6.1696,48.4116,0.227143,auto,0,120,20.0,68.8723,86.9462,59.6690,0.95
train_001858,Train-Target-001858,area,32.40348028,63.61998393,4,142,195,1,sar,20.1801,79.2443,-90.0,5.9376,36.8597,0.268433,auto,0,120,20.0,114.0332,80.8847,217.8221,0.95
train_001377,Train-Target-001377,point,67.51729188,14.24777774,4,55,102,1,optical,8.2832,19.8536,8.0,7.7217,35.5674,0.204525,sequential,2,120,5.0,,,,
train_002424,Train-Target-002424,point,71.11206698,-170.16228796,7,49,174,1,optical,5.5559,43.0576,8.0,4.9034,63.5673,0.360733,sequential,2,120,5.0,,,,
train_000829,Train-Target-000829,area,-11.37109094,72.43458244,10,47,198,1,optical,4.0120,48.1397,8.0,7.2078,82.0287,0.321351,auto,0,120,20.0,53.7259,139.3846,172.1359,0.95
train_001868,Train-Target-001868,area,-36.91410132,-113.66385250,3,4,70,1,optical,7.1643,48.7831,8.0,7.1011,44.9184,0.425918,auto,0,120,20.0,166.3803,251.4019,73.0647,0.95
train_000247,Train-Target-000247,area,50.01280072,-179.64889764,1,75,227,1,optical,3.4111,40.9336,8.0,7.8867,47.1496,0.309138,auto,0,120,20.0,118.8933,115.5913,333.6536,0.95
train_000834,Train-Target-000834,area,-11.01871136,-40.21493122,8,38,179,1,optical,8.6004,41.2101,8.0,5.5623,52.0801,0.331317,auto,0,120,20.0,19.7397,27.7584,3.3326,0.95
train_002678,Train-Target-002678,area,22.21333518,-45.06694445,8,71,211,1,optical,6.7506,29.2648,8.0,5.8175,83.9130,0.346684,auto,0,120,20.0,98.5460,64.7198,319.1480,0.95
train_002457,Train-Target-002457,area,0.74294515,88.04431201,2,18,80,1,optical,3.0530,52.8630,8.0,6.4418,50.5872,0.240373,auto,0,120,20.0,107.9433,94.6178,309.1083,0.95
train_000962,Train-Target-000962,area,-44.53882485,-55.16851165,5,112,211,1,optical,4.3394,63.8825,8.0,7.4238,66.5294,0.431591,auto,0,120,20.0,222.1113,172.7376,18.6746,0.95
train_001933,Train-Target-001933,area,20.97146721,128.35513650,3,82,195,1,optical,4.8137,24.1090,8.0,5.7683,37.1819,0.414419,auto,0,120,20.0,31.0700,40.1046,278.6952,0.95
train_001903,Train-Target-001903,area,-31.23171212,-174.31882284,9,31,168,1,sar,8.1734,82.9537,-90.0,7.0990,62.4491,0.404289,auto,0,120,20.0,215.0365,275.5681,125.5299,0.95
train_001610,Train-Target-001610,point,-27.77140995,-35.81139127,7,73,221,1,infrared,21.0466,85.1586,-90.0,7.6374,58.7999,0.240961,single,1,120,5.0,,,,
train_001787,Train-Target-001787,area,-49.42231579,77.17604983,8,73,198,1,optical,7.7023,22.6167,8.0,4.9898,62.4855,0.283012,auto,0,120,20.0,37.9704,18.5120,70.8994,0.95
train_002082,Train-Target-002082,area,-8.66376180,63.54513824,10,79,218,1,infrared,24.5777,75.3183,-90.0,7.8959,75.1495,0.260816,auto,0,120,20.0,61.2657,51.4688,348.5169,0.95
train_000746,Train-Target-000746,area,10.98594402,2.72704252,9,25,162,1,optical,9.4656,52.3563,8.0,5.0227,68.1561,0.194332,auto,0,120,20.0,39.2586,15.9110,284.3438,0.95
train_000013,Train-Target-000013,area,-20.18858734,-94.68557848,6,26,179,1,optical,6.5067,39.2993,8.0,6.6487,78.7738,0.330884,auto,0,120,20.0,36.1437,45.2903,207.0271,0.95
train_000453,Train-Target-000453,area,-24.31692036,15.00548048,9,65,155,1,optical,6.8490,29.6511,8.0,7.7584,47.5326,0.413997,auto,0,120,20.0,97.1934,133.9501,1.2880,0.95
train_000866,Train-Target-000866,point,-9.85690960,-53.00556707,10,54,146,1,optical,7.7750,40.4824,8.0,7.3237,77.5139,0.384351,sequential,2,120,5.0,,,,
train_000131,Train-Target-000131,point,-20.43189082,48.63731588,1,89,143,1,optical,3.9766,13.2462,8.0,6.3439,80.2773,0.276631,simultaneous,2,120,5.0,,,,
train_000907,Train-Target-000907,point,45.96543456,70.85000588,7,189,237,1,sar,12.6057,38.4471,-90.0,4.5982,79.1614,0.354554,single,1,120,5.0,,,,
train_002940,Train-Target-002940,point,-49.14402825,109.37163262,7,37,83,1,optical,2.2508,18.7096,8.0,6.9253,30.9673,0.444063,single,1,120,5.0,,,,
train_000794,Train-Target-000794,area,-9.60068238,-89.51725589,10,16,159,1,optical,2.7033,60.1186,8.0,6.4600,47.9329,0.267749,auto,0,120,20.0,269.5322,257.1347,259.0139,0.95
train_001032,Train-Target-001032,area,-19.79317866,-0.52319218,2,50,169,1,sar,19.0531,59.8042,-90.0,5.4738,60.2288,0.359550,auto,0,120,20.0,185.4297,198.3553,288.7449,0.95
train_002774,Train-Target-002774,area,36.04943174,122.50250282,7,113,229,1,sar,16.9825,40.4028,-90.0,7.6001,86.0184,0.373522,auto,0,120,20.0,276.0610,164.7636,165.2932,0.95
train_001721,Train-Target-001721,area,34.57217483,-96.83156620,8,34,104,1,optical,4.9558,12.5818,8.0,6.9113,46.6933,0.372359,auto,0,120,20.0,14.0105,28.8104,93.3493,0.95
train_001553,Train-Target-001553,point,52.19295661,41.23576973,7,129,184,1,optical,3.0121,55.0683,8.0,7.5611,30.8501,0.412615,single,1,120,5.0,,,,
train_001754,Train-Target-001754,area,86.02953151,-153.98456809,1,107,200,1,sar,16.2533,40.2723,-90.0,4.7483,28.6644,0.195917,auto,0,120,20.0,189.6922,180.2026,274.6300,0.95
train_002508,Train-Target-002508,area,61.42717330,113.02698581,10,147,225,1,sar,8.8176,99.8552,-90.0,5.6585,37.7950,0.373889,auto,0,120,20.0,264.7712,240.5715,182.9230,0.95
train_000276,Train-Target-000276,area,64.13636513,0.40577059,2,101,168,1,optical,9.7306,17.0780,8.0,4.7815,44.4394,0.291009,auto,0,120,20.0,108.5988,91.2938,64.0261,0.95
train_001391,Train-Target-001391,area,67.51569893,-88.25709837,9,171,234,1,optical,8.8555,63.9740,8.0,8.3499,39.6404,0.239496,auto,0,120,20.0,28.3996,29.3759,184.8726,0.95
train_002326,Train-Target-002326,area,31.22375301,-168.27206871,3,17,75,1,optical,4.3749,35.1682,8.0,6.5207,50.4141,0.285445,auto,0,120,20.0,34.4421,34.0539,340.8302,0.95
train_000764,Train-Target-000764,point,-54.12414611,-39.55965595,6,77,121,1,optical,6.7481,33.4990,8.0,8.2212,27.2693,0.312457,sequential,2,120,5.0,,,,
train_000782,Train-Target-000782,area,-51.36522942,51.08352732,5,34,193,1,infrared,26.6931,118.5114,-90.0,8.1626,38.2276,0.326334,auto,0,120,20.0,24.7365,32.0403,94.7330,0.95
train_002976,Train-Target-002976,area,-72.14587813,84.07006882,4,93,186,1,optical,8.4154,49.2210,8.0,6.4826,48.0949,0.184603,auto,0,120,20.0,40.0086,37.9088,112.2533,0.95
train_002861,Train-Target-002861,area,15.27838990,43.89548665,7,1,102,1,optical,4.4551,48.3045,8.0,6.0054,68.5836,0.364723,auto,0,120,20.0,24.6449,29.6325,108.4905,0.95
train_001378,Train-Target-001378,point,-38.37260277,138.02005572,8,26,105,1,infrared,32.1940,142.3182,-90.0,6.0463,31.9092,0.416296,sequential,2,120,5.0,,,,
train_002024,Train-Target-002024,point,5.25030565,4.16389035,7,141,211,1,sar,8.8801,61.7226,-90.0,7.1018,41.6511,0.280742,single,1,120,5.0,,,,
train_001376,Train-Target-001376,point,7.15747065,-18.54619079,3,189,235,1,sar,14.8105,46.9792,-90.0,8.1055,75.1831,0.238796,sequential,2,120,5.0,,,,
train_000491,Train-Target-000491,point,8.85645287,-173.11742400,7,67,208,1,optical,7.5829,15.0238,8.0,5.3534,78.2266,0.334109,single,1,120,5.0,,,,
train_000517,Train-Target-000517,area,18.34730746,126.47345680,8,51,170,1,optical,2.7900,30.3448,8.0,4.7192,33.0599,0.416926,auto,0,120,20.0,40.1747,18.8642,90.9650,0.95
train_002186,Train-Target-002186,area,-68.10492906,33.35914444,1,49,143,1,infrared,32.3157,132.8796,-90.0,8.2240,54.1278,0.320517,auto,0,120,20.0,74.1925,131.5936,20.8290,0.95
train_000008,Train-Target-000008,area,6.68769181,25.23233737,10,33,79,1,optical,8.6142,28.8945,8.0,5.5410,35.6233,0.213455,auto,0,120,20.0,161.7291,160.4520,70.3145,0.95
train_000530,Train-Target-000530,point,58.88058272,126.94821429,9,167,212,1,sar,15.9099,61.1039,-90.0,6.0411,63.2617,0.284146,single,1,120,5.0,,,,
train_002136,Train-Target-002136,area,62.06388933,-172.54026178,5,84,234,1,optical,2.8065,51.2646,8.0,7.1435,55.4718,0.334668,auto,0,120,20.0,143.7399,289.7424,314.8766,0.95
train_002679,Train-Target-002679,area,60.44768513,30.03282916,6,70,207,1,optical,9.1879,33.7079,8.0,7.6164,80.3011,0.346997,auto,0,120,20.0,209.4116,231.7873,238.9592,0.95
train_002372,Train-Target-002372,area,-7.13668551,4.34430945,3,165,208,1,optical,8.9449,50.0552,8.0,6.9197,57.2892,0.413766,auto,0,120,20.0,172.3193,140.4370,266.5404,0.95
train_001209,Train-Target-001209,area,-8.89362553,129.06199650,9,73,172,1,sar,13.4228,54.1583,-90.0,6.4928,68.7833,0.244889,auto,0,120,20.0,282.7915,219.0881,284.8373,0.95
train_002625,Train-Target-002625,area,22.90609810,116.30546716,10,54,170,1,optical,6.3682,48.8252,8.0,4.8105,40.2132,0.221963,auto,0,120,20.0,62.8102,72.5969,353.7263,0.95
train_001155,Train-Target-001155,area,56.15786650,-124.08463508,10,33,186,1,optical,4.3670,46.4189,8.0,5.7908,29.2713,0.255608,auto,0,120,20.0,21.9637,31.8184,225.9487,0.95
train_000943,Train-Target-000943,point,6.73463089,101.06372948,10,59,207,1,sar,12.1156,108.1455,-90.0,5.2130,33.0488,0.212870,single,1,120,5.0,,,,
train_002604,Train-Target-002604,area,-84.34846101,107.97652687,2,74,169,1,optical,4.6104,25.9736,8.0,7.2903,25.4608,0.331217,auto,0,120,20.0,275.1369,284.6733,120.2791,0.95
train_001043,Train-Target-001043,area,11.09855769,-69.79274048,7,135,197,1,sar,11.7174,70.5619,-90.0,6.9813,71.1098,0.227841,auto,0,120,20.0,18.3930,37.1106,39.8040,0.95
train_002624,Train-Target-002624,area,-79.48795109,-73.95342579,10,3,147,1,optical,8.9025,29.1752,8.0,6.0225,70.9533,0.339863,auto,0,120,20.0,36.0886,25.8231,244.2658,0.95
train_000597,Train-Target-000597,area,-23.72361069,46.09108470,8,23,97,1,optical,3.3590,45.6601,8.0,7.5911,64.7157,0.433942,auto,0,120,20.0,206.8838,164.1141,141.1996,0.95
train_001243,Train-Target-001243,point,13.85295598,-21.21204252,9,125,202,1,optical,9.5188,57.7577,8.0,8.3629,86.7135,0.351751,single,1,120,5.0,,,,
train_003048,Train-Target-003048,area,42.47878821,5.47345238,10,140,209,1,optical,7.7629,52.2664,8.0,6.7883,51.3180,0.202817,auto,0,120,20.0,25.3664,30.9889,11.6214,0.95
train_000677,Train-Target-000677,area,-30.43370681,153.90475829,10,127,210,1,sar,11.6589,66.9784,-90.0,6.8055,36.7355,0.223536,auto,0,120,20.0,27.7316,30.4338,232.8456,0.95
train_001906,Train-Target-001906,area,48.38012355,124.55053381,10,7,155,1,sar,10.0004,29.5219,-90.0,6.9630,85.9155,0.433152,auto,0,120,20.0,138.1853,103.4460,35.3728,0.95
train_002158,Train-Target-002158,area,-62.65444275,-172.73579031,6,36,141,1,optical,6.6730,51.0233,8.0,4.9636,55.7568,0.346232,auto,0,120,20.0,36.3185,44.5248,152.3293,0.95
train_000194,Train-Target-000194,area,-31.37428782,-118.29990976,6,59,211,1,optical,6.3901,17.5918,8.0,7.4407,31.0083,0.223233,auto,0,120,20.0,243.1289,269.5179,53.2301,0.95
train_002490,Train-Target-002490,area,74.48487521,155.83109324,4,72,126,1,infrared,26.7491,48.2401,-90.0,6.8269,26.2285,0.373580,auto,0,120,20.0,133.3956,98.5129,120.1464,0.95
train_001095,Train-Target-001095,area,7.08763219,149.04207792,2,9,157,1,optical,7.1227,64.3542,8.0,7.6294,73.3246,0.434043,auto,0,120,20.0,24.6062,20.2649,103.0304,0.95
train_002343,Train-Target-002343,area,27.36688649,-7.91271982,2,11,159,1,optical,2.4926,13.0739,8.0,5.0396,54.6817,0.309068,auto,0,120,20.0,61.1083,133.4535,3.7849,0.95
train_002899,Train-Target-002899,area,54.36310669,-39.27635934,10,114,204,1,infrared,22.9305,98.2576,-90.0,5.1658,67.7720,0.439359,auto,0,120,20.0,59.7428,106.1987,165.9726,0.95
train_000886,Train-Target-000886,area,25.95291646,137.05590738,3,29,150,1,optical,3.0664,51.7562,8.0,6.0329,61.5423,0.428367,auto,0,120,20.0,20.2317,43.4192,174.4798,0.95
train_000202,Train-Target-000202,area,21.28550643,97.55118015,4,101,205,1,sar,8.6402,48.4606,-90.0,6.4482,26.1632,0.388914,auto,0,120,20.0,36.6035,15.1730,13.1496,0.95
train_002258,Train-Target-002258,area,39.51715733,-63.59485392,7,191,234,1,optical,4.4310,33.0833,8.0,5.1807,72.1009,0.253243,auto,0,120,20.0,246.5930,177.3351,219.0351,0.95
train_000029,Train-Target-000029,point,14.05396384,-28.69868913,8,1,155,1,optical,3.3706,22.1724,8.0,4.9493,67.5891,0.219860,single,1,120,5.0,,,,
train_002796,Train-Target-002796,area,-4.74582970,24.56935503,6,93,231,1,optical,6.9638,42.6887,8.0,5.2563,84.2821,0.264081,auto,0,120,20.0,12.5902,44.4017,181.9205,0.95
train_000056,Train-Target-000056,area,2.40968393,137.48463676,8,43,158,1,sar,14.2902,92.6366,-90.0,6.9366,26.3725,0.423972,auto,0,120,20.0,27.8500,16.6492,230.2509,0.95
train_001137,Train-Target-001137,area,-24.11573387,117.73086780,6,47,113,1,optical,9.8612,29.8230,8.0,4.7677,53.1341,0.379998,auto,0,120,20.0,274.4961,200.3474,24.2628,0.95
train_001185,Train-Target-001185,area,-33.28516640,19.15531521,10,37,188,1,optical,3.0056,36.7360,8.0,7.2433,21.0133,0.303665,auto,0,120,20.0,74.9326,54.5325,2.3730,0.95
train_001648,Train-Target-001648,area,50.62945950,35.69856028,7,56,157,1,sar,10.6334,92.1689,-90.0,5.2445,76.5251,0.400496,auto,0,120,20.0,18.6402,21.3826,190.4610,0.95
train_002567,Train-Target-002567,area,28.33792995,-121.03958117,6,68,199,1,optical,7.2815,51.7841,8.0,6.7840,54.9986,0.335411,auto,0,120,20.0,139.2282,119.4705,203.7241,0.95
train_001897,Train-Target-001897,area,19.69262933,45.64484528,3,25,155,1,sar,21.1819,49.5268,-90.0,5.0605,60.3509,0.447879,auto,0,120,20.0,19.2397,34.3178,248.3301,0.95
train_002829,Train-Target-002829,area,-9.99128501,82.17452528,7,120,202,1,optical,2.8611,13.6632,8.0,6.9620,72.3743,0.445769,auto,0,120,20.0,63.1259,112.4846,83.9648,0.95
train_001626,Train-Target-001626,point,9.96138025,74.60656019,6,156,212,1,optical,5.4477,37.3560,8.0,6.9084,81.7503,0.245047,simultaneous,2,120,5.0,,,,
train_002201,Train-Target-002201,area,-64.46334322,148.76541537,3,0,77,1,infrared,24.7155,109.3060,-90.0,5.0908,73.0843,0.208001,auto,0,120,20.0,281.0782,179.6666,87.3925,0.95
train_000179,Train-Target-000179,area,-50.67015051,-104.05236400,9,64,203,1,sar,13.3653,89.9807,-90.0,6.8363,69.5329,0.299345,auto,0,120,20.0,77.8753,64.1744,104.0167,0.95
train_001870,Train-Target-001870,point,14.59318752,122.20711497,3,103,188,1,sar,12.5081,81.7836,-90.0,8.0591,67.9465,0.277294,single,1,120,5.0,,,,
train_001848,Train-Target-001848,area,33.62735206,-23.39011704,10,8,129,1,sar,21.0790,78.5839,-90.0,8.2169,25.5455,0.226277,auto,0,120,20.0,123.8169,126.8091,67.3965,0.95
train_002614,Train-Target-002614,point,-31.31075492,-161.95533937,7,44,136,1,optical,3.3368,24.1281,8.0,5.4696,59.6311,0.270521,single,1,120,5.0,,,,
train_001196,Train-Target-001196,area,77.08946508,-42.85503771,3,130,224,1,optical,8.7564,42.3331,8.0,8.1885,30.6849,0.308175,auto,0,120,20.0,195.1595,234.7820,343.1428,0.95
train_000784,Train-Target-000784,area,25.18334619,132.97862902,8,142,207,1,sar,8.5292,31.3171,-90.0,5.3281,48.0979,0.445832,auto,0,120,20.0,258.0539,255.8394,12.9322,0.95
train_000344,Train-Target-000344,area,1.38242916,-64.28750164,2,39,165,1,sar,18.7152,109.1739,-90.0,7.8931,71.9337,0.440066,auto,0,120,20.0,135.9488,137.5524,319.2935,0.95
train_002552,Train-Target-002552,point,-61.16214964,26.62540278,5,106,149,1,infrared,32.3893,96.1902,-90.0,5.0733,63.2061,0.308471,sequential,2,120,5.0,,,,
train_002106,Train-Target-002106,area,18.28762976,-129.03351623,8,55,211,1,optical,9.6270,27.5559,8.0,8.0828,50.7082,0.350956,auto,0,120,20.0,119.2195,62.1498,175.4207,0.95
train_002001,Train-Target-002001,area,45.85940973,-83.87098324,7,99,140,1,optical,2.6976,49.4227,8.0,4.7138,58.3187,0.208220,auto,0,120,20.0,177.9458,194.3603,49.7152,0.95
train_001346,Train-Target-001346,area,-47.93631320,13.36698104,3,17,110,1,optical,4.1031,36.8230,8.0,6.2763,53.9689,0.267143,auto,0,120,20.0,253.4847,154.7407,346.3419,0.95
train_000239,Train-Target-000239,area,66.47266663,-165.33550304,9,43,197,1,optical,2.9805,16.6531,8.0,4.6728,24.4146,0.333013,auto,0,120,20.0,110.3630,98.3561,124.4448,0.95
train_001887,Train-Target-001887,area,34.18799556,-81.15593685,3,2,66,1,optical,9.1533,57.2480,8.0,4.6753,22.2140,0.234653,auto,0,120,20.0,218.9321,285.8212,173.3959,0.95
train_002250,Train-Target-002250,area,24.47350861,-101.76515564,2,100,199,1,optical,7.8834,17.2004,8.0,7.5378,56.8615,0.345178,auto,0,120,20.0,174.9487,253.6548,90.7373,0.95
train_000394,Train-Target-000394,point,36.44585084,-87.30996502,8,105,198,1,sar,17.5389,77.5747,-90.0,5.9095,43.0795,0.306255,simultaneous,2,120,5.0,,,,
train_001005,Train-Target-001005,area,-33.45095120,83.74211975,4,17,152,1,sar,8.2926,42.3322,-90.0,6.6672,42.7793,0.333281,auto,0,120,20.0,38.4627,42.6571,21.8700,0.95
train_002260,Train-Target-002260,area,56.44473840,-80.48103065,6,61,157,1,sar,18.7240,60.1696,-90.0,7.0464,48.7949,0.285006,auto,0,120,20.0,24.8611,35.5606,125.8191,0.95
train_000418,Train-Target-000418,area,-8.34875326,-135.46622198,10,46,205,1,optical,3.8802,45.9885,8.0,5.1560,60.5312,0.302623,auto,0,120,20.0,35.2526,48.7657,17.2061,0.95
train_001894,Train-Target-001894,area,26.78735821,106.43026236,8,77,185,1,sar,21.9089,86.6364,-90.0,8.1629,28.5502,0.323783,auto,0,120,20.0,80.8237,125.3066,43.6112,0.95
train_000310,Train-Target-000310,area,-16.91000611,-126.50396079,1,108,231,1,optical,6.3789,29.1154,8.0,5.9333,23.9728,0.402427,auto,0,120,20.0,20.1223,23.7777,185.7168,0.95
train_000991,Train-Target-000991,area,52.37157711,37.47485679,3,113,198,1,optical,8.1433,63.6245,8.0,6.5364,44.0630,0.209535,auto,0,120,20.0,42.6096,42.1315,54.8629,0.95
train_000320,Train-Target-000320,point,46.13205125,34.30992676,6,24,150,1,optical,7.1691,42.5619,8.0,5.4218,41.2673,0.373036,sequential,2,120,5.0,,,,
train_000255,Train-Target-000255,area,25.92024014,16.51423679,5,115,216,1,sar,21.5768,97.5113,-90.0,5.2289,55.0704,0.322917,auto,0,120,20.0,35.1722,12.1462,207.5706,0.95
train_002985,Train-Target-002985,point,-20.44211239,-166.65981021,9,64,116,1,optical,6.2190,37.0129,8.0,4.5602,70.9122,0.211662,sequential,2,120,5.0,,,,
train_002566,Train-Target-002566,area,28.52203991,-55.52761544,1,4,74,1,optical,4.7486,44.2681,8.0,4.9290,25.0406,0.381804,auto,0,120,20.0,139.7549,61.1038,233.2147,0.95
train_001496,Train-Target-001496,area,81.98520115,99.85319242,7,50,170,1,optical,9.5010,62.9022,8.0,5.4879,80.1638,0.342888,auto,0,120,20.0,123.1315,135.9691,95.5727,0.95
train_000807,Train-Target-000807,area,-41.11513721,168.95980085,1,183,226,1,sar,9.5133,49.6523,-90.0,5.4344,30.8065,0.309767,auto,0,120,20.0,289.9577,257.8477,78.3205,0.95
train_001799,Train-Target-001799,point,41.87445154,90.78068284,3,71,182,1,optical,8.0585,22.5194,8.0,6.7105,23.5933,0.426528,single,1,120,5.0,,,,
train_000116,Train-Target-000116,area,-11.79933396,137.78369879,6,102,212,1,sar,11.8433,81.2832,-90.0,8.1665,58.7336,0.289935,auto,0,120,20.0,45.5990,35.1889,17.5962,0.95
train_001107,Train-Target-001107,area,3.07703513,-19.12786142,5,51,137,1,sar,12.3006,94.5807,-90.0,5.7000,86.4901,0.393287,auto,0,120,20.0,76.0494,137.7954,192.6201,0.95
train_001312,Train-Target-001312,point,10.76232037,82.28145380,10,61,102,1,optical,9.8130,61.6010,8.0,7.0057,46.7251,0.318803,single,1,120,5.0,,,,
train_002474,Train-Target-002474,area,81.01375447,-79.86705597,3,143,220,1,optical,9.7207,29.8587,8.0,5.0337,74.0911,0.443793,auto,0,120,20.0,260.9623,172.3318,42.6094,0.95
train_000868,Train-Target-000868,area,4.70212157,-87.77328460,10,33,154,1,optical,7.2992,33.8227,8.0,6.1640,62.4009,0.433245,auto,0,120,20.0,21.7289,28.5058,244.0875,0.95
train_000338,Train-Target-000338,area,-9.45997160,19.61563049,9,87,141,1,optical,3.9718,32.4929,8.0,6.3654,67.8546,0.247601,auto,0,120,20.0,125.4284,121.0445,77.3382,0.95
train_001272,Train-Target-001272,point,-54.13770837,38.65387209,7,165,207,1,optical,2.2121,60.7608,8.0,7.6830,79.8956,0.297934,single,1,120,5.0,,,,
train_001714,Train-Target-001714,area,0.21451814,-127.51368995,10,19,177,1,optical,4.0647,54.1386,8.0,4.6146,72.5093,0.366653,auto,0,120,20.0,210.2019,265.9258,89.1811,0.95
train_001745,Train-Target-001745,point,22.26004640,-99.30467595,2,13,168,1,optical,6.4267,36.1700,8.0,5.0803,59.8055,0.375293,single,1,120,5.0,,,,
train_002205,Train-Target-002205,area,-32.11029832,-40.45873133,6,108,183,1,optical,7.0353,44.8549,8.0,4.5344,28.0896,0.410072,auto,0,120,20.0,41.6275,21.1120,161.0989,0.95
train_002695,Train-Target-002695,area,53.94077681,78.62785495,2,29,172,1,optical,3.3150,57.0995,8.0,5.1054,42.5788,0.255462,auto,0,120,20.0,56.1506,104.3477,176.7701,0.95
train_001426,Train-Target-001426,area,27.25775349,-79.56432100,6,176,220,1,optical,5.3231,46.2804,8.0,7.7883,25.3315,0.181328,auto,0,120,20.0,168.9350,267.7861,178.1483,0.95
train_001071,Train-Target-001071,area,29.09189599,85.07133136,5,6,51,1,sar,8.3266,74.5537,-90.0,6.8376,22.1789,0.208757,auto,0,120,20.0,297.1986,296.6737,241.2296,0.95
train_001360,Train-Target-001360,area,49.33303264,94.05806219,4,76,186,1,sar,20.9569,50.7687,-90.0,4.8029,37.4984,0.240414,auto,0,120,20.0,201.4449,292.0919,103.8338,0.95
train_001673,Train-Target-001673,area,-42.19208112,125.51151901,6,85,208,1,infrared,27.0379,52.6516,-90.0,5.4781,20.8286,0.404881,auto,0,120,20.0,25.4204,34.9505,9.7864,0.95
train_002999,Train-Target-002999,area,-84.06581593,-155.83959672,9,128,215,1,infrared,21.0985,144.9829,-90.0,4.6750,36.8245,0.221920,auto,0,120,20.0,89.5806,67.6767,209.4534,0.95
train_001753,Train-Target-001753,area,37.12998772,167.05718960,7,35,194,1,optical,9.8684,51.2052,8.0,6.5544,33.7039,0.204009,auto,0,120,20.0,113.5485,89.0875,232.7652,0.95
train_000598,Train-Target-000598,area,30.90812446,101.77679105,5,173,236,1,optical,6.1931,31.4642,8.0,6.4164,80.5478,0.399353,auto,0,120,20.0,71.1899,72.3480,58.4811,0.95
train_000210,Train-Target-000210,area,-20.39999134,-114.01366884,7,7,83,1,optical,3.0105,24.2706,8.0,8.3294,79.1199,0.304484,auto,0,120,20.0,255.5926,194.5100,300.9757,0.95
train_000514,Train-Target-000514,area,53.06112786,56.78560382,2,69,224,1,optical,5.3654,11.4563,8.0,4.9986,75.2728,0.406265,auto,0,120,20.0,33.3580,21.9247,311.9152,0.95
train_000844,Train-Target-000844,point,-46.67910239,177.61450465,5,21,164,1,optical,9.6382,33.7543,8.0,5.9829,88.4559,0.442507,sequential,2,120,5.0,,,,
train_002507,Train-Target-002507,area,-27.38623126,-171.16647761,7,22,142,1,optical,4.5138,49.1880,8.0,4.8161,71.1115,0.277672,auto,0,120,20.0,70.4012,131.3055,313.6168,0.95
train_001939,Train-Target-001939,area,0.41059785,-46.21275246,1,64,171,1,infrared,31.0542,83.2813,-90.0,6.3405,72.6427,0.289057,auto,0,120,20.0,31.4675,28.2307,26.3819,0.95
train_000933,Train-Target-000933,point,27.72510464,-176.44001257,4,81,220,1,sar,14.1661,88.0112,-90.0,5.1374,45.4092,0.402214,sequential,2,120,5.0,,,,
train_000052,Train-Target-000052,point,-14.56221045,167.95267076,10,113,195,1,optical,4.2028,60.2651,8.0,4.6949,34.9174,0.291577,single,1,120,5.0,,,,
train_002263,Train-Target-002263,point,24.85439288,158.68687740,10,54,105,1,optical,6.1340,27.6004,8.0,7.7136,45.7441,0.201534,single,1,120,5.0,,,,
train_001415,Train-Target-001415,point,44.73996833,121.30504051,4,80,173,1,optical,2.5846,37.7651,8.0,6.7497,38.2833,0.387585,single,1,120,5.0,,,,
train_000714,Train-Target-000714,point,-39.57722028,-104.19683335,8,69,224,1,sar,18.1899,49.3904,-90.0,6.1602,71.3487,0.238395,sequential,2,120,5.0,,,,
train_000079,Train-Target-000079,area,21.31308297,-166.59508459,9,88,134,1,sar,10.2847,44.9918,-90.0,7.2041,50.8469,0.412422,auto,0,120,20.0,168.3432,210.4886,91.2722,0.95
train_002121,Train-Target-002121,area,-4.61032063,-31.14498983,4,75,144,1,optical,3.3280,23.9100,8.0,8.2431,59.6619,0.433620,auto,0,120,20.0,95.0083,120.7536,191.3623,0.95
train_000059,Train-Target-000059,area,3.83477576,31.67299161,6,14,100,1,optical,5.0560,20.7533,8.0,6.5046,47.4813,0.263014,auto,0,120,20.0,127.8846,109.9026,329.1626,0.95
train_002896,Train-Target-002896,point,41.10152526,58.25832821,9,99,198,1,optical,7.0575,39.6375,8.0,7.7069,36.2572,0.329874,single,1,120,5.0,,,,
train_000123,Train-Target-000123,area,33.64255109,8.41783260,9,0,142,1,optical,5.9825,39.2020,8.0,5.4821,82.5384,0.200037,auto,0,120,20.0,85.3961,106.3015,117.6839,0.95
train_000357,Train-Target-000357,point,60.62580534,177.26668158,7,93,136,1,optical,7.6206,54.0981,8.0,6.8766,32.7820,0.319318,single,1,120,5.0,,,,
train_002181,Train-Target-002181,area,16.06467879,56.38794397,7,81,166,1,sar,18.6232,45.6019,-90.0,5.6376,37.9091,0.206817,auto,0,120,20.0,53.4396,63.2223,332.8184,0.95
train_001404,Train-Target-001404,area,59.95523391,36.47172211,2,163,211,1,infrared,30.1061,69.4855,-90.0,4.6300,21.6988,0.412976,auto,0,120,20.0,261.8207,295.4108,127.6350,0.95
train_002489,Train-Target-002489,area,-43.92900291,-33.62591672,6,96,168,1,optical,6.1886,49.5586,8.0,7.3060,35.5912,0.340551,auto,0,120,20.0,13.8373,32.7315,3.0941,0.95
train_001320,Train-Target-001320,area,9.73376712,7.02523732,9,125,193,1,sar,19.3349,32.0026,-90.0,7.9202,45.1455,0.249594,auto,0,120,20.0,52.8419,92.7812,35.7417,0.95
train_001480,Train-Target-001480,area,-25.53018061,-99.60907998,4,77,132,1,optical,4.2562,35.7219,8.0,6.5810,53.9800,0.257425,auto,0,120,20.0,189.3209,254.4895,187.7256,0.95
train_001946,Train-Target-001946,area,-53.25024223,-178.18170973,4,27,99,1,optical,2.3427,55.6647,8.0,5.3528,41.2573,0.282777,auto,0,120,20.0,14.5610,41.2907,197.6290,0.95
train_000923,Train-Target-000923,area,21.78511543,103.00102364,2,150,228,1,optical,8.9074,12.5239,8.0,8.1831,84.7500,0.411549,auto,0,120,20.0,230.1261,270.4437,122.8278,0.95
train_002341,Train-Target-002341,area,33.05189950,-178.70284530,10,115,157,1,optical,9.4759,62.5784,8.0,7.8473,54.3758,0.324203,auto,0,120,20.0,46.3948,44.3499,230.9884,0.95
train_003051,Train-Target-003051,area,67.82820707,137.55662730,8,108,212,1,sar,15.3308,106.3561,-90.0,5.7677,49.3803,0.300795,auto,0,120,20.0,112.2536,91.8122,205.0043,0.95
train_000502,Train-Target-000502,area,38.33906799,128.16595380,7,84,234,1,infrared,21.8629,142.4152,-90.0,6.2854,25.0297,0.400053,auto,0,120,20.0,31.0189,28.5844,107.8197,0.95
train_001289,Train-Target-001289,area,-54.06995222,-72.19797592,10,173,221,1,optical,4.9838,37.6803,8.0,5.6681,67.3640,0.286797,auto,0,120,20.0,54.6988,80.4727,62.5589,0.95
train_000289,Train-Target-000289,point,-51.01142107,-171.06788870,6,97,221,1,optical,4.8788,55.2581,8.0,7.8394,69.1431,0.255106,single,1,120,5.0,,,,
train_001321,Train-Target-001321,area,-51.96671776,-99.79452786,4,52,204,1,sar,8.7822,96.9384,-90.0,6.9411,84.6072,0.424685,auto,0,120,20.0,180.0390,168.4115,133.7891,0.95
train_000063,Train-Target-000063,point,-38.10065925,-176.04962717,3,117,236,1,optical,8.9004,18.0217,8.0,5.1524,46.9432,0.194649,single,1,120,5.0,,,,
train_002169,Train-Target-002169,area,-35.08091540,-43.23061970,7,79,215,1,optical,8.1224,17.3015,8.0,4.5508,64.8344,0.184769,auto,0,120,20.0,29.8254,47.3983,27.2483,0.95
train_000243,Train-Target-000243,area,35.24597794,103.14491300,3,165,237,1,optical,6.0375,42.4430,8.0,7.3035,36.9566,0.266967,auto,0,120,20.0,93.9597,91.0010,30.0712,0.95
train_002315,Train-Target-002315,point,32.60650469,-111.19876835,6,28,91,1,infrared,22.3467,46.8855,-90.0,6.7616,46.2539,0.449314,single,1,120,5.0,,,,
train_001489,Train-Target-001489,point,-60.70669120,49.60706910,10,31,159,1,optical,3.1091,20.3876,8.0,4.8600,52.1817,0.180457,single,1,120,5.0,,,,
train_002332,Train-Target-002332,area,-1.16439796,-62.80781149,7,133,193,1,optical,9.4006,63.3380,8.0,5.1581,27.1244,0.356464,auto,0,120,20.0,39.9733,33.9244,76.4852,0.95
train_002917,Train-Target-002917,area,-51.68487841,173.87480173,2,20,163,1,optical,9.7500,38.3260,8.0,6.5161,28.6083,0.370898,auto,0,120,20.0,48.0700,19.6094,151.0554,0.95
train_001757,Train-Target-001757,area,13.27524070,122.58568943,9,23,177,1,sar,16.0688,103.0229,-90.0,7.5255,76.3146,0.375060,auto,0,120,20.0,125.0395,70.9790,67.9427,0.95
train_000470,Train-Target-000470,area,-13.09899715,31.35267719,6,169,231,1,optical,8.8625,45.1446,8.0,4.8780,83.3399,0.370700,auto,0,120,20.0,248.3716,289.5119,37.6075,0.95
train_001998,Train-Target-001998,area,-14.98948085,0.94714829,10,81,206,1,optical,5.7415,14.3539,8.0,6.2864,29.0999,0.249036,auto,0,120,20.0,32.9136,40.8167,273.0877,0.95
train_002385,Train-Target-002385,area,9.83826813,-11.70260484,2,73,184,1,sar,19.5507,32.1552,-90.0,5.3047,71.0077,0.357394,auto,0,120,20.0,81.5697,114.4305,108.2862,0.95
train_000245,Train-Target-000245,point,39.17645990,173.77771357,6,51,183,1,optical,6.1535,21.1115,8.0,6.3424,65.9024,0.229901,sequential,2,120,5.0,,,,
train_001463,Train-Target-001463,area,-59.00691430,-174.67436109,7,100,194,1,sar,20.6768,103.6537,-90.0,7.6256,64.2639,0.278011,auto,0,120,20.0,225.6673,185.7876,196.4051,0.95
train_001749,Train-Target-001749,point,31.49227362,57.68214624,10,56,199,1,optical,2.4774,44.7422,8.0,7.7561,79.5693,0.251557,single,1,120,5.0,,,,
train_001224,Train-Target-001224,area,-18.63391296,-89.23388196,7,53,164,1,sar,17.0530,93.4885,-90.0,6.3743,71.1821,0.268710,auto,0,120,20.0,118.0103,73.2236,286.0269,0.95
train_002359,Train-Target-002359,area,69.05641059,-89.12021801,10,40,122,1,infrared,29.1703,140.1971,-90.0,8.3386,89.0625,0.420858,auto,0,120,20.0,80.1818,108.5387,166.2676,0.95
train_000292,Train-Target-000292,area,-1.30757059,-90.88411644,8,117,217,1,optical,8.9592,40.9812,8.0,4.5777,68.6724,0.224452,auto,0,120,20.0,52.0770,56.1215,337.7327,0.95
train_001927,Train-Target-001927,area,29.10351124,63.79172734,10,46,188,1,optical,7.4261,30.0684,8.0,6.2008,30.7786,0.386009,auto,0,120,20.0,37.1508,12.1888,333.2451,0.95
train_001298,Train-Target-001298,area,-32.64837466,128.27792997,10,127,234,1,optical,4.5264,50.7699,8.0,4.7114,45.8268,0.357583,auto,0,120,20.0,229.8487,162.1620,179.3301,0.95
train_001429,Train-Target-001429,area,-41.04672286,-87.42256652,6,31,103,1,optical,6.5717,41.3110,8.0,7.3728,52.5759,0.413856,auto,0,120,20.0,20.1823,22.0253,358.8332,0.95
train_003054,Train-Target-003054,area,25.71468884,154.03404422,1,71,172,1,optical,6.0478,23.6177,8.0,6.3312,78.0838,0.359715,auto,0,120,20.0,20.2894,18.5836,101.1097,0.95
train_002502,Train-Target-002502,area,50.09336774,-1.36204435,4,55,183,1,optical,2.5625,37.2141,8.0,6.2558,64.3350,0.284708,auto,0,120,20.0,162.6921,154.5213,85.1755,0.95
train_002000,Train-Target-002000,area,-19.32555204,115.87744344,5,56,215,1,optical,2.5982,40.4364,8.0,6.6855,54.8041,0.221817,auto,0,120,20.0,30.7860,26.0419,43.8133,0.95
train_001967,Train-Target-001967,point,-43.29471092,-101.42049011,6,78,207,1,sar,9.7326,60.5601,-90.0,7.1978,56.7377,0.259296,single,1,120,5.0,,,,
train_000732,Train-Target-000732,area,60.35468648,-174.98524355,2,43,94,1,optical,8.4237,19.8371,8.0,6.9287,75.6839,0.224043,auto,0,120,20.0,88.6361,86.3355,115.8653,0.95
train_003070,Train-Target-003070,point,22.66540198,174.86540146,3,62,170,1,optical,3.6320,33.5532,8.0,4.5033,78.0051,0.304660,single,1,120,5.0,,,,
train_000272,Train-Target-000272,point,-46.02374937,68.36522286,8,75,122,1,optical,3.5380,25.8680,8.0,5.8707,54.6480,0.263507,sequential,2,120,5.0,,,,
train_002959,Train-Target-002959,area,62.97255367,43.73862731,9,34,158,1,optical,5.2595,13.3925,8.0,5.2345,63.7907,0.295425,auto,0,120,20.0,82.6432,64.9803,323.0922,0.95
train_001078,Train-Target-001078,area,-37.26137736,38.83051899,5,55,139,1,sar,12.3816,39.7608,-90.0,5.0302,66.0865,0.418305,auto,0,120,20.0,31.9691,16.1264,158.3852,0.95
train_000206,Train-Target-000206,area,-24.18365743,-159.90104797,10,111,209,1,optical,6.2504,13.2725,8.0,5.5048,72.4057,0.447054,auto,0,120,20.0,198.1730,205.9694,154.6405,0.95
train_001985,Train-Target-001985,point,-12.30328535,82.22230768,8,0,141,1,sar,10.0967,70.9148,-90.0,8.0176,25.8068,0.443443,single,1,120,5.0,,,,
train_002056,Train-Target-002056,area,57.36579208,82.73854913,10,27,124,1,optical,4.7910,45.8859,8.0,4.8568,41.7237,0.420328,auto,0,120,20.0,59.9789,55.4340,248.1132,0.95
train_001350,Train-Target-001350,point,0.41914622,109.21947802,7,51,151,1,optical,9.1369,63.2070,8.0,5.8736,25.1351,0.441460,sequential,2,120,5.0,,,,
train_002573,Train-Target-002573,point,-22.04335125,-96.91671280,10,82,196,1,sar,10.6573,96.6428,-90.0,7.8158,38.2701,0.330670,single,1,120,5.0,,,,
train_001191,Train-Target-001191,area,-28.16715993,-95.94144473,8,148,213,1,optical,4.7785,26.8117,8.0,6.2417,86.6827,0.225024,auto,0,120,20.0,38.8922,29.7031,140.1579,0.95
train_002375,Train-Target-002375,area,19.26117873,-122.66253154,4,81,171,1,sar,10.2997,85.3462,-90.0,6.1717,39.6888,0.297848,auto,0,120,20.0,41.8894,21.0092,204.3168,0.95
train_003065,Train-Target-003065,area,18.18571950,85.25344684,2,129,224,1,optical,3.6511,23.5106,8.0,6.1523,42.4854,0.255554,auto,0,120,20.0,77.4030,133.3564,252.7435,0.95
train_000668,Train-Target-000668,area,21.84425615,49.74895578,8,8,86,1,optical,6.7613,53.6686,8.0,7.4390,26.6675,0.334017,auto,0,120,20.0,64.4428,95.1597,163.8163,0.95
train_001083,Train-Target-001083,point,17.30498598,-166.84395268,1,26,92,1,infrared,33.8633,67.0415,-90.0,5.1404,28.3164,0.394569,simultaneous,2,120,5.0,,,,
train_002237,Train-Target-002237,area,-62.35712644,106.31894569,10,152,216,1,optical,2.5257,62.0035,8.0,6.5903,88.7634,0.233217,auto,0,120,20.0,39.9230,47.8578,152.9191,0.95
train_001197,Train-Target-001197,area,-8.64492486,-11.11580762,5,92,167,1,optical,4.6457,64.5417,8.0,8.1492,51.6848,0.228036,auto,0,120,20.0,143.3890,212.0776,220.9499,0.95
train_001609,Train-Target-001609,area,30.04000931,-5.26691670,2,43,175,1,sar,18.7887,101.7893,-90.0,6.7038,30.4238,0.303359,auto,0,120,20.0,192.0634,149.9362,50.3166,0.95
train_000623,Train-Target-000623,area,-22.80204480,-40.48882420,5,138,213,1,optical,6.9734,56.7291,8.0,6.3372,33.9137,0.371210,auto,0,120,20.0,41.3285,15.7746,339.6373,0.95
train_000947,Train-Target-000947,point,-39.27889433,170.16590860,4,9,148,1,optical,2.0553,50.4792,8.0,7.5522,65.6051,0.339543,single,1,120,5.0,,,,
train_000576,Train-Target-000576,area,-43.19283753,-48.76288952,3,141,204,1,optical,3.4697,11.4776,8.0,5.8339,25.3372,0.248059,auto,0,120,20.0,62.4104,82.4430,254.3867,0.95
train_001412,Train-Target-001412,area,-43.35234026,136.52799725,7,21,135,1,optical,8.4764,60.9989,8.0,7.5486,25.9360,0.239657,auto,0,120,20.0,215.8980,145.6085,171.3614,0.95
train_001885,Train-Target-001885,area,42.53733216,-58.43994721,7,183,229,1,optical,3.6682,45.2675,8.0,5.2333,43.2917,0.439071,auto,0,120,20.0,253.1724,170.8898,117.6555,0.95
train_002888,Train-Target-002888,area,-36.56809426,-98.55583720,2,41,184,1,optical,5.1013,51.7442,8.0,5.1102,79.6602,0.319823,auto,0,120,20.0,168.6935,215.8546,283.3744,0.95
train_000754,Train-Target-000754,point,4.23184031,-31.98531486,9,39,192,1,sar,19.0147,81.8433,-90.0,7.2137,70.7605,0.324088,simultaneous,2,120,5.0,,,,
train_002234,Train-Target-002234,point,-62.97155207,43.53186420,2,11,80,1,optical,5.0692,18.8203,8.0,7.8617,42.1359,0.286777,single,1,120,5.0,,,,
train_001872,Train-Target-001872,area,0.74091087,-14.40541070,8,103,225,1,optical,9.2626,54.5304,8.0,5.3224,71.6526,0.319175,auto,0,120,20.0,81.4931,69.4961,165.6902,0.95
train_002734,Train-Target-002734,point,-11.00311781,58.90769422,6,68,133,1,optical,9.7409,60.3637,8.0,7.0300,54.7499,0.445510,single,1,120,5.0,,,,
train_000077,Train-Target-000077,point,30.33467560,-144.49963436,4,43,199,1,sar,16.5535,97.7273,-90.0,6.9071,20.6384,0.207252,sequential,2,120,5.0,,,,
train_000965,Train-Target-000965,point,43.72041789,-4.96347493,10,81,197,1,optical,2.6801,25.3095,8.0,7.6305,48.8967,0.305825,sequential,2,120,5.0,,,,
train_001642,Train-Target-001642,area,-34.73527427,161.19437939,5,38,84,1,sar,17.3394,59.3351,-90.0,7.0591,20.8542,0.398986,auto,0,120,20.0,21.8674,19.9537,88.8730,0.95
train_000804,Train-Target-000804,area,-61.83943125,40.16341751,2,119,223,1,sar,14.9933,106.0724,-90.0,6.3056,41.5122,0.339255,auto,0,120,20.0,56.4368,96.3110,10.1634,0.95
train_000214,Train-Target-000214,point,-3.45829337,104.86191482,4,39,83,1,optical,9.5089,24.8305,8.0,6.8202,63.7013,0.294338,single,1,120,5.0,,,,
train_000909,Train-Target-000909,area,-15.64220232,159.17970786,2,95,204,1,optical,4.4267,37.5790,8.0,7.2085,25.9707,0.263692,auto,0,120,20.0,106.3668,85.5230,93.9288,0.95
train_001328,Train-Target-001328,area,-49.33972166,-39.75253935,3,114,163,1,optical,5.3606,44.0258,8.0,6.6504,56.7941,0.325831,auto,0,120,20.0,210.8582,265.5402,230.3401,0.95
train_002780,Train-Target-002780,point,21.76744555,-97.27427296,3,24,115,1,infrared,22.2111,91.6221,-90.0,5.7753,21.2510,0.346596,simultaneous,2,120,5.0,,,,
train_001723,Train-Target-001723,area,-33.27816358,16.96505687,3,22,73,1,sar,10.1368,79.1461,-90.0,7.9639,32.0957,0.194038,auto,0,120,20.0,29.9950,25.6987,19.7970,0.95
train_001738,Train-Target-001738,area,-41.66201152,57.38022275,9,51,196,1,sar,10.5022,87.4222,-90.0,6.6723,64.2893,0.316324,auto,0,120,20.0,186.3389,236.0457,123.9655,0.95
train_000787,Train-Target-000787,area,-50.07723696,-14.27833492,3,82,131,1,sar,13.0670,46.2660,-90.0,4.9369,47.6894,0.325965,auto,0,120,20.0,178.6454,246.5506,88.1732,0.95
train_000101,Train-Target-000101,area,14.91182828,150.85674123,7,23,94,1,optical,3.6214,56.9280,8.0,8.0736,47.3311,0.294255,auto,0,120,20.0,298.5902,223.6005,98.5924,0.95
train_000402,Train-Target-000402,point,-32.65442893,-113.59812721,6,63,209,1,optical,5.0148,58.8974,8.0,6.9137,23.8746,0.335330,sequential,2,120,5.0,,,,
train_000664,Train-Target-000664,area,39.66469259,5.40940321,5,69,205,1,optical,7.5251,22.1912,8.0,5.4531,62.7020,0.424693,auto,0,120,20.0,185.1908,291.9434,217.7254,0.95
train_002771,Train-Target-002771,point,-17.51910606,9.32496741,9,103,224,1,sar,15.7989,39.2959,-90.0,7.6573,75.7006,0.363284,sequential,2,120,5.0,,,,
train_001184,Train-Target-001184,area,-18.55010698,-96.14542477,4,69,192,1,sar,18.3326,49.1939,-90.0,6.3614,42.1885,0.368402,auto,0,120,20.0,204.6559,251.7018,348.7042,0.95
train_001420,Train-Target-001420,point,-38.99003051,99.34026549,8,23,70,1,optical,2.9383,55.1677,8.0,6.2783,22.5177,0.391135,sequential,2,120,5.0,,,,
train_000143,Train-Target-000143,point,20.35277561,93.62544999,1,118,225,1,optical,4.2268,26.5751,8.0,8.2681,35.3033,0.384075,single,1,120,5.0,,,,
train_002939,Train-Target-002939,area,70.16304960,-103.33393908,9,125,180,1,optical,3.2242,48.6409,8.0,4.5269,29.5711,0.292862,auto,0,120,20.0,193.3142,185.5431,47.9998,0.95
train_002925,Train-Target-002925,area,-25.95808724,-79.08305940,7,25,80,1,optical,3.3498,35.0850,8.0,6.7011,48.2379,0.325160,auto,0,120,20.0,221.9453,216.9702,298.8121,0.95
train_000682,Train-Target-000682,area,-46.23053257,131.86070413,2,17,155,1,optical,6.1709,41.9183,8.0,6.7370,65.5355,0.359410,auto,0,120,20.0,217.6640,176.6653,289.5411,0.95
train_000200,Train-Target-000200,point,5.05378312,-60.06122934,6,104,206,1,optical,3.1978,14.5399,8.0,7.6222,50.0780,0.447438,single,1,120,5.0,,,,
train_000616,Train-Target-000616,area,45.39961590,-90.72343330,5,52,128,1,sar,18.6385,68.4516,-90.0,6.1784,87.4113,0.248310,auto,0,120,20.0,29.6258,39.8095,134.3321,0.95
train_000532,Train-Target-000532,area,-9.15635581,161.79540492,1,47,153,1,optical,9.5446,12.2754,8.0,5.4265,80.8224,0.224590,auto,0,120,20.0,79.3082,118.8580,89.3151,0.95
train_002648,Train-Target-002648,area,16.67011979,70.64107041,1,11,116,1,sar,9.7066,97.3650,-90.0,6.1064,21.6015,0.358610,auto,0,120,20.0,240.0475,268.4491,184.0846,0.95
train_002852,Train-Target-002852,point,-36.27892391,-63.33258200,2,50,190,1,optical,9.1974,43.8748,8.0,4.9191,51.7473,0.405217,single,1,120,5.0,,,,
train_000294,Train-Target-000294,area,75.86702891,159.89137569,10,6,140,1,sar,8.3366,102.8058,-90.0,6.9237,60.3952,0.443600,auto,0,120,20.0,179.7338,183.9928,178.7633,0.95
train_001602,Train-Target-001602,point,-6.18484002,17.81179248,5,80,144,1,optical,6.3986,60.7994,8.0,8.2968,22.7141,0.257898,single,1,120,5.0,,,,
train_001616,Train-Target-001616,point,31.45109322,-88.20102389,7,65,193,1,sar,9.3469,104.6766,-90.0,6.1252,89.4162,0.437600,single,1,120,5.0,,,,
train_000036,Train-Target-000036,area,69.91645026,-108.47666095,1,40,145,1,optical,7.8186,15.4152,8.0,7.8677,55.8693,0.295774,auto,0,120,20.0,255.9551,278.8665,256.6162,0.95
train_000446,Train-Target-000446,area,5.26280662,11.61117329,4,42,188,1,sar,11.5231,54.3577,-90.0,8.1654,45.9677,0.438657,auto,0,120,20.0,49.2187,37.7050,10.4476,0.95
train_001732,Train-Target-001732,area,-72.71459986,109.43698679,2,14,73,1,sar,10.9326,35.7820,-90.0,6.5446,64.1174,0.367550,auto,0,120,20.0,139.1201,65.5204,76.8446,0.95
train_001508,Train-Target-001508,point,-53.21746058,118.97299427,2,14,133,1,optical,7.0749,33.2185,8.0,7.2010,62.5258,0.195493,single,1,120,5.0,,,,
train_000876,Train-Target-000876,area,-66.44205926,-46.71063485,4,53,108,1,optical,6.1730,50.9756,8.0,7.3566,41.9080,0.261601,auto,0,120,20.0,30.5920,48.9904,129.6034,0.95
train_000465,Train-Target-000465,area,9.54685963,117.41622435,2,144,230,1,sar,21.1424,52.7159,-90.0,5.8440,88.9636,0.212754,auto,0,120,20.0,157.8763,144.4221,2.1467,0.95
train_000489,Train-Target-000489,area,32.64680734,-36.55783053,6,52,179,1,optical,3.1522,28.0336,8.0,4.6446,70.9436,0.231492,auto,0,120,20.0,24.4864,35.0464,157.2187,0.95
train_000233,Train-Target-000233,point,-58.04041721,156.24666531,7,118,170,1,sar,15.2948,55.9196,-90.0,4.7335,62.0389,0.279696,single,1,120,5.0,,,,
train_002794,Train-Target-002794,area,7.08489561,-35.11009340,6,70,169,1,optical,2.3146,40.5466,8.0,5.0722,47.3716,0.390415,auto,0,120,20.0,174.2512,266.4865,139.3825,0.95
train_000132,Train-Target-000132,area,-47.30509238,116.45744808,3,12,147,1,sar,15.4156,76.7538,-90.0,4.8866,52.2882,0.295233,auto,0,120,20.0,74.8113,106.3733,319.5675,0.95
train_002995,Train-Target-002995,point,16.86390685,126.88446190,3,11,157,1,optical,3.4334,15.1139,8.0,7.0731,54.0913,0.313563,sequential,2,120,5.0,,,,
train_002129,Train-Target-002129,area,-18.81876852,0.82155395,7,65,118,1,optical,8.0525,54.1882,8.0,6.0443,78.7344,0.346895,auto,0,120,20.0,132.7892,88.3988,117.2818,0.95
train_002956,Train-Target-002956,area,23.78486410,-1.15051626,6,82,227,1,optical,6.2941,21.9650,8.0,5.8935,80.9327,0.231881,auto,0,120,20.0,62.1246,139.0853,187.6351,0.95
train_000423,Train-Target-000423,area,-15.62220680,-40.72197445,10,24,100,1,optical,2.5678,30.5244,8.0,5.8716,46.9936,0.333718,auto,0,120,20.0,59.2995,106.0883,345.0106,0.95
train_001442,Train-Target-001442,area,-66.24791663,-70.59816801,9,49,181,1,optical,2.1137,63.8527,8.0,7.9145,69.8860,0.295104,auto,0,120,20.0,277.6979,282.1493,296.9947,0.95
train_000990,Train-Target-000990,area,-34.00015603,-35.10838970,6,38,85,1,infrared,37.0387,131.0907,-90.0,8.0665,67.0895,0.376773,auto,0,120,20.0,206.6092,227.2252,200.1416,0.95
train_002813,Train-Target-002813,area,0.60783437,-3.10643959,6,29,133,1,sar,18.2354,73.6592,-90.0,4.9622,35.1082,0.284616,auto,0,120,20.0,27.0022,24.2319,93.9061,0.95
train_002312,Train-Target-002312,area,-34.23713389,-131.36585128,6,76,209,1,sar,12.7664,80.1111,-90.0,6.0461,83.2885,0.334466,auto,0,120,20.0,15.9228,40.2989,152.4651,0.95
train_000486,Train-Target-000486,area,-10.90656384,-69.44906703,9,86,189,1,optical,6.9853,27.4889,8.0,7.1607,34.1958,0.385416,auto,0,120,20.0,40.6328,49.1779,214.6895,0.95
train_000540,Train-Target-000540,point,-4.72531269,179.81359897,3,55,144,1,optical,6.1804,31.0790,8.0,5.3776,37.1626,0.397071,simultaneous,2,120,5.0,,,,
train_000508,Train-Target-000508,point,-68.07401453,-57.43755064,2,1,42,1,optical,9.0270,52.6993,8.0,7.0957,28.3374,0.243490,sequential,2,120,5.0,,,,
train_000891,Train-Target-000891,point,-39.60520777,-173.02275389,3,36,178,1,optical,2.1271,43.3846,8.0,6.6989,21.5039,0.210214,simultaneous,2,120,5.0,,,,
train_001521,Train-Target-001521,area,75.19804812,141.28322592,3,11,145,1,optical,3.9538,42.0084,8.0,5.0888,76.8484,0.426266,auto,0,120,20.0,96.1813,103.0389,32.8891,0.95
train_001370,Train-Target-001370,area,34.57958620,68.31868903,5,57,111,1,optical,3.8039,55.5978,8.0,6.3628,77.2634,0.369226,auto,0,120,20.0,16.1196,37.7732,21.6734,0.95
train_002338,Train-Target-002338,area,-6.12060117,138.93989052,1,83,134,1,optical,2.9181,31.6046,8.0,4.9824,55.4874,0.264134,auto,0,120,20.0,147.7116,201.4920,161.9873,0.95
train_001342,Train-Target-001342,area,-51.67846576,69.26912266,6,10,158,1,sar,19.9924,108.7275,-90.0,5.1214,35.2284,0.243912,auto,0,120,20.0,111.5407,104.9823,343.9802,0.95
train_002716,Train-Target-002716,area,-12.31448048,91.56745936,2,130,202,1,infrared,19.9093,50.7805,-90.0,5.8017,86.3035,0.237671,auto,0,120,20.0,129.2834,100.5529,356.7202,0.95
train_001930,Train-Target-001930,area,14.27378106,-14.48421583,8,95,191,1,optical,3.0617,24.3936,8.0,6.0487,50.1627,0.307011,auto,0,120,20.0,109.7482,106.6593,232.3043,0.95
train_000028,Train-Target-000028,area,17.32938357,154.60269524,10,2,95,1,sar,11.9758,28.1501,-90.0,6.8623,26.7759,0.290644,auto,0,120,20.0,205.5584,252.0976,14.9294,0.95
train_002556,Train-Target-002556,point,-32.28207599,-130.97439735,8,74,203,1,optical,3.9248,25.6368,8.0,6.0835,55.5925,0.200117,single,1,120,5.0,,,,
train_002419,Train-Target-002419,area,13.78291268,125.17008877,1,71,132,1,sar,9.6310,102.4632,-90.0,5.7801,46.5006,0.255285,auto,0,120,20.0,173.5575,156.9863,284.1650,0.95
train_000960,Train-Target-000960,area,0.22545475,176.48876442,6,43,199,1,infrared,39.6845,55.5486,-90.0,8.0292,49.3668,0.306684,auto,0,120,20.0,47.4365,44.6170,219.4035,0.95
train_002064,Train-Target-002064,area,28.37541149,28.38819878,3,19,89,1,optical,4.4836,63.5465,8.0,7.2723,42.1008,0.405413,auto,0,120,20.0,170.6754,197.7401,303.7983,0.95
train_000125,Train-Target-000125,area,5.56788053,60.93081990,5,164,229,1,infrared,30.1386,94.6897,-90.0,5.6058,33.3054,0.440243,auto,0,120,20.0,134.5170,94.2438,316.3092,0.95
train_000581,Train-Target-000581,area,-13.27336894,161.66159104,9,169,234,1,optical,7.7969,29.9521,8.0,5.9415,58.7084,0.205375,auto,0,120,20.0,198.6635,204.2461,119.1475,0.95
train_002163,Train-Target-002163,area,-72.08021878,179.83963071,10,44,85,1,optical,9.2112,51.0943,8.0,5.1130,33.0223,0.234766,auto,0,120,20.0,88.2436,70.7628,71.3765,0.95
train_001772,Train-Target-001772,area,2.45238354,116.75225654,5,60,197,1,optical,5.5847,54.0693,8.0,5.6443,30.2150,0.384803,auto,0,120,20.0,91.2936,92.4368,196.0351,0.95
train_000878,Train-Target-000878,point,-55.54798633,28.75103830,7,91,153,1,optical,7.6979,24.3230,8.0,7.1209,84.6958,0.206771,single,1,120,5.0,,,,
train_001266,Train-Target-001266,point,49.34485560,109.86990286,2,146,230,1,optical,8.2550,60.9059,8.0,8.3447,23.8376,0.213998,single,1,120,5.0,,,,
train_000961,Train-Target-000961,point,29.26905077,15.12050680,5,37,108,1,optical,8.3011,20.1777,8.0,8.1978,82.9825,0.201234,single,1,120,5.0,,,,
train_000263,Train-Target-000263,point,-12.20403794,35.34864528,9,19,166,1,optical,3.7827,53.5370,8.0,7.1057,42.9580,0.379837,sequential,2,120,5.0,,,,
train_000182,Train-Target-000182,area,61.75629734,78.32115515,3,156,212,1,infrared,39.3402,129.2906,-90.0,6.4872,66.6852,0.260322,auto,0,120,20.0,33.7444,44.8957,227.3870,0.95
train_002468,Train-Target-002468,area,-43.58079397,-1.11986069,6,27,160,1,sar,21.6674,44.7420,-90.0,5.8487,71.2475,0.190992,auto,0,120,20.0,71.9633,70.6217,34.8534,0.95
train_001796,Train-Target-001796,area,6.36250323,-130.24782511,7,75,138,1,optical,5.3970,11.3338,8.0,6.1140,69.0714,0.438802,auto,0,120,20.0,59.1809,68.6399,345.4615,0.95
train_002521,Train-Target-002521,point,8.76923697,-83.88995274,1,19,175,1,optical,6.4038,64.3875,8.0,6.0265,41.0584,0.302010,simultaneous,2,120,5.0,,,,
train_002053,Train-Target-002053,area,-35.91189817,-93.95334267,10,69,202,1,optical,2.7709,51.9973,8.0,5.3433,48.3524,0.341356,auto,0,120,20.0,100.9935,136.8276,53.3042,0.95
train_001829,Train-Target-001829,area,50.53216059,70.89664970,6,112,190,1,optical,8.4823,42.7339,8.0,4.5685,51.3365,0.182815,auto,0,120,20.0,245.1173,148.1919,261.4480,0.95
train_000953,Train-Target-000953,point,-60.48667935,116.03962679,6,100,217,1,optical,5.3321,60.3812,8.0,7.2955,88.1195,0.359975,single,1,120,5.0,,,,
train_000906,Train-Target-000906,area,-24.46208176,0.78349555,6,14,158,1,optical,5.8551,10.4655,8.0,7.1913,54.3366,0.310408,auto,0,120,20.0,197.4516,147.9965,262.9980,0.95
train_000778,Train-Target-000778,area,-2.13597390,84.88342924,8,3,114,1,optical,5.8744,59.8428,8.0,7.1565,20.8902,0.186508,auto,0,120,20.0,110.9128,124.0046,296.7808,0.95
train_000835,Train-Target-000835,area,22.23414803,-175.44953586,1,11,83,1,sar,20.4368,48.2284,-90.0,6.6107,56.1297,0.226684,auto,0,120,20.0,29.3373,21.7365,37.2226,0.95
train_000258,Train-Target-000258,area,-7.50183932,14.14341021,10,29,183,1,optical,5.8116,22.4020,8.0,7.0717,81.3347,0.363162,auto,0,120,20.0,14.3296,27.8077,358.5867,0.95
train_000001,Train-Target-000001,area,40.89075657,161.62793565,6,11,81,1,sar,20.6482,84.5447,-90.0,5.1162,33.2276,0.220220,auto,0,120,20.0,12.1487,24.0557,238.8834,0.95
train_001731,Train-Target-001731,point,-45.76697961,-145.60713739,10,19,85,1,sar,17.9074,61.0327,-90.0,7.0753,89.0745,0.262352,single,1,120,5.0,,,,
train_001037,Train-Target-001037,area,41.95082867,91.43238657,9,14,161,1,sar,11.7771,69.7526,-90.0,4.5862,42.6935,0.248125,auto,0,120,20.0,284.6443,269.9254,235.8596,0.95
train_002357,Train-Target-002357,point,65.76730510,-106.45056038,5,87,198,1,optical,3.5312,52.7189,8.0,7.2061,40.3519,0.249390,sequential,2,120,5.0,,,,
train_001657,Train-Target-001657,point,-7.63196214,103.32698109,5,70,214,1,sar,12.2380,34.4140,-90.0,7.8459,70.9907,0.319576,single,1,120,5.0,,,,
train_002034,Train-Target-002034,area,-42.29206615,68.67278565,4,8,51,1,optical,3.1019,15.8353,8.0,6.9923,27.0834,0.272465,auto,0,120,20.0,123.6948,111.5505,278.3204,0.95
train_001259,Train-Target-001259,area,-63.31328946,-56.28176705,7,29,139,1,sar,19.7091,83.4907,-90.0,6.2954,63.1095,0.234029,auto,0,120,20.0,86.6118,129.9431,297.0766,0.95
train_000799,Train-Target-000799,area,-66.56874152,-168.59199297,4,97,216,1,optical,9.2217,26.5085,8.0,5.0288,76.5760,0.211478,auto,0,120,20.0,276.4035,157.9583,194.0235,0.95
train_001464,Train-Target-001464,area,56.98037848,-75.54253231,7,36,115,1,optical,9.7860,59.9185,8.0,6.6424,65.3010,0.367182,auto,0,120,20.0,81.1441,82.0967,160.3572,0.95
train_001082,Train-Target-001082,area,47.42066608,35.19934897,1,169,213,1,sar,8.5627,31.8083,-90.0,7.1930,76.2128,0.184519,auto,0,120,20.0,115.0696,129.1070,307.7511,0.95
train_001953,Train-Target-001953,point,-30.93263344,140.48125893,1,93,138,1,sar,14.0132,92.7624,-90.0,8.2050,21.5391,0.391094,single,1,120,5.0,,,,
train_002723,Train-Target-002723,point,-2.08031902,37.54945835,10,80,184,1,optical,4.0834,23.9798,8.0,5.5588,29.3143,0.281145,sequential,2,120,5.0,,,,
train_002535,Train-Target-002535,area,32.31432319,10.16760517,6,7,154,1,optical,3.5909,64.1349,8.0,7.7969,39.8141,0.380683,auto,0,120,20.0,53.9406,87.6264,336.0074,0.95
train_002094,Train-Target-002094,area,-80.14811524,-108.89281667,4,62,152,1,infrared,18.7120,92.8016,-90.0,4.9254,85.6487,0.377084,auto,0,120,20.0,104.1752,51.9968,4.0580,0.95
train_002500,Train-Target-002500,area,-20.92934329,179.90882143,7,12,143,1,optical,7.7446,40.3659,8.0,7.1152,45.6196,0.405918,auto,0,120,20.0,135.0328,128.4761,291.8116,0.95
train_002942,Train-Target-002942,area,-55.31487865,120.54893145,4,169,212,1,sar,14.3994,53.2307,-90.0,7.5479,34.3266,0.412658,auto,0,120,20.0,134.0008,137.5145,126.1678,0.95
train_002619,Train-Target-002619,area,-32.68065181,-14.09425744,10,137,216,1,sar,12.4340,44.5925,-90.0,8.3938,88.4760,0.351687,auto,0,120,20.0,37.5883,27.4843,242.2779,0.95
train_001159,Train-Target-001159,area,45.58327128,165.87708734,3,93,196,1,optical,3.7430,28.2271,8.0,4.8332,45.4933,0.308816,auto,0,120,20.0,231.1536,290.3457,194.8603,0.95
train_001877,Train-Target-001877,area,55.47291340,-31.31431654,3,44,178,1,optical,4.8437,59.0470,8.0,4.9686,56.2668,0.284928,auto,0,120,20.0,282.2594,191.8235,65.4656,0.95
train_001479,Train-Target-001479,area,11.96937788,-84.09525248,2,78,217,1,sar,8.4921,65.9228,-90.0,7.6076,28.9806,0.302113,auto,0,120,20.0,246.3229,233.4547,115.7751,0.95
train_002857,Train-Target-002857,point,28.62733988,95.69539971,10,0,142,1,optical,3.5659,25.8981,8.0,6.9795,86.8921,0.237135,single,1,120,5.0,,,,
train_002592,Train-Target-002592,point,36.74799607,92.66286339,8,92,233,1,sar,20.4323,27.4564,-90.0,6.8301,57.9269,0.308582,single,1,120,5.0,,,,
train_002147,Train-Target-002147,area,-30.30766561,-61.37808626,2,80,192,1,optical,6.2776,21.9207,8.0,6.8871,66.2502,0.440909,auto,0,120,20.0,105.2202,108.6100,259.7437,0.95
train_001810,Train-Target-001810,area,-72.37105663,-30.53460022,5,113,155,1,sar,18.3116,96.1270,-90.0,4.9463,25.6994,0.238000,auto,0,120,20.0,23.6279,26.5241,28.9577,0.95
train_002006,Train-Target-002006,area,76.22400882,94.88672769,9,77,120,1,optical,3.8897,18.2160,8.0,4.5114,20.1840,0.418824,auto,0,120,20.0,166.5112,140.1453,137.5636,0.95
train_001472,Train-Target-001472,area,18.95424675,-83.88165079,8,100,161,1,sar,20.7786,94.4516,-90.0,6.3097,39.1827,0.335538,auto,0,120,20.0,21.0036,48.5123,153.2368,0.95
train_002083,Train-Target-002083,area,16.50031667,-7.76289634,8,116,168,1,optical,6.3151,10.0488,8.0,4.5505,32.0669,0.221021,auto,0,120,20.0,203.4123,163.4956,178.7204,0.95
train_002975,Train-Target-002975,area,45.76147813,-64.21156479,9,115,201,1,optical,2.3280,18.9893,8.0,4.5747,47.0718,0.383749,auto,0,120,20.0,48.0711,22.2904,32.0405,0.95
train_000513,Train-Target-000513,point,5.46150596,92.48670330,9,173,239,1,optical,5.7700,38.8368,8.0,5.7697,84.7721,0.377027,sequential,2,120,5.0,,,,
train_001607,Train-Target-001607,point,-44.70559962,-139.56633919,7,26,159,1,optical,7.9128,25.3580,8.0,5.5604,72.1206,0.332271,sequential,2,120,5.0,,,,
train_001730,Train-Target-001730,area,-27.88155074,-20.83467338,2,5,124,1,optical,9.4221,19.7844,8.0,6.3976,25.2131,0.444725,auto,0,120,20.0,150.6236,205.3409,326.8787,0.95
train_001558,Train-Target-001558,point,-7.49389388,88.43470430,6,73,203,1,sar,9.0259,29.1006,-90.0,6.3413,69.5017,0.435018,single,1,120,5.0,,,,
train_000744,Train-Target-000744,area,1.31498262,-101.47002204,2,57,213,1,optical,2.8400,48.9034,8.0,4.5626,60.4366,0.268065,auto,0,120,20.0,291.2932,197.5131,51.4900,0.95
train_002805,Train-Target-002805,area,60.85668957,-42.43129769,6,10,95,1,optical,4.7863,29.3983,8.0,5.0108,54.2994,0.299217,auto,0,120,20.0,103.6567,70.4870,257.8647,0.95
train_000662,Train-Target-000662,area,-78.35450778,56.32559760,5,7,150,1,optical,9.4742,30.6859,8.0,4.5159,57.9508,0.299540,auto,0,120,20.0,96.8714,96.5290,209.2076,0.95
train_001255,Train-Target-001255,point,13.81549976,-107.33059949,1,89,131,1,infrared,39.9207,126.4775,-90.0,7.1737,81.1495,0.333066,single,1,120,5.0,,,,
train_000792,Train-Target-000792,area,-15.26079767,25.10724579,5,78,169,1,sar,20.5272,59.5208,-90.0,7.2502,41.0843,0.446623,auto,0,120,20.0,46.8289,15.0008,193.1702,0.95
train_001769,Train-Target-001769,area,-48.07973862,-129.73318577,7,84,205,1,optical,5.5775,53.1078,8.0,7.5216,89.9294,0.243563,auto,0,120,20.0,212.1730,298.3438,117.4020,0.95
train_002145,Train-Target-002145,area,1.72747008,-178.08200823,1,88,169,1,optical,9.4863,45.1890,8.0,8.2278,63.8340,0.262543,auto,0,120,20.0,259.5355,190.8233,322.2847,0.95
train_002063,Train-Target-002063,point,26.49700707,112.48206407,1,60,201,1,sar,11.3306,33.8054,-90.0,7.0160,49.9273,0.427004,sequential,2,120,5.0,,,,
train_000313,Train-Target-000313,point,-36.71738627,165.16707256,6,49,177,1,sar,19.2898,69.0974,-90.0,7.4331,38.8062,0.286165,sequential,2,120,5.0,,,,
train_001292,Train-Target-001292,point,-23.33450045,-9.16586748,3,47,139,1,optical,2.3517,21.4775,8.0,4.6472,56.5009,0.222469,single,1,120,5.0,,,,
train_001035,Train-Target-001035,area,16.28412593,61.08748020,10,9,83,1,sar,10.3735,100.0044,-90.0,5.1028,89.7035,0.445085,auto,0,120,20.0,56.2475,66.8904,186.6990,0.95
train_000336,Train-Target-000336,area,13.01366651,-79.69101284,5,75,206,1,optical,8.0408,12.8340,8.0,6.6363,45.2277,0.359113,auto,0,120,20.0,176.7802,262.2862,272.9179,0.95
train_000144,Train-Target-000144,area,22.48001850,-5.72707303,7,1,154,1,infrared,33.4459,137.0069,-90.0,5.4591,47.3968,0.381267,auto,0,120,20.0,44.6266,39.1987,2.2379,0.95
train_000064,Train-Target-000064,area,-33.43931566,-91.67660207,10,79,204,1,optical,9.7938,22.0756,8.0,5.3446,24.7301,0.241036,auto,0,120,20.0,39.3958,42.1457,264.3699,0.95
train_000580,Train-Target-000580,area,-51.22693862,152.03644227,6,46,188,1,infrared,34.5695,88.7937,-90.0,6.7390,66.3545,0.238047,auto,0,120,20.0,249.6734,220.7795,75.1229,0.95
train_000865,Train-Target-000865,point,23.11872905,62.04795712,8,73,232,1,optical,9.5714,43.3529,8.0,6.3011,56.2238,0.442940,single,1,120,5.0,,,,
train_003042,Train-Target-003042,area,22.58906031,96.25803455,6,2,110,1,optical,8.9733,63.7670,8.0,4.8725,63.6466,0.304840,auto,0,120,20.0,43.5510,33.0439,86.3685,0.95
train_000810,Train-Target-000810,area,-11.16072957,6.59679747,9,9,87,1,optical,4.0477,64.3169,8.0,5.9769,42.3835,0.206074,auto,0,120,20.0,256.8292,261.6650,288.1283,0.95
train_000497,Train-Target-000497,point,-17.25627896,45.12971422,4,61,211,1,sar,11.0804,35.4121,-90.0,5.3551,62.6007,0.305350,single,1,120,5.0,,,,
train_000172,Train-Target-000172,point,5.07826881,-179.57549870,3,56,109,1,optical,2.3064,19.3525,8.0,8.2895,69.6800,0.190241,simultaneous,2,120,5.0,,,,
train_002003,Train-Target-002003,point,-1.95827029,-148.38838187,9,11,70,1,sar,15.5713,82.2458,-90.0,7.7151,23.4559,0.326416,single,1,120,5.0,,,,
train_001566,Train-Target-001566,area,-44.88634870,-145.73027930,4,40,180,1,optical,3.8951,12.4555,8.0,7.5654,61.4018,0.334851,auto,0,120,20.0,37.8825,26.2208,305.1920,0.95
train_001739,Train-Target-001739,area,-53.54246728,-87.12900364,7,60,109,1,optical,8.5662,37.9244,8.0,7.5081,70.2915,0.401830,auto,0,120,20.0,189.0691,158.7172,302.1105,0.95
train_002750,Train-Target-002750,area,21.40375095,-71.63226453,5,47,144,1,sar,17.7164,75.9671,-90.0,5.4620,74.4143,0.229960,auto,0,120,20.0,281.8406,275.1602,40.2278,0.95
train_000989,Train-Target-000989,area,-51.29275736,8.71119705,10,150,206,1,sar,12.4775,45.9700,-90.0,5.0353,84.6523,0.193346,auto,0,120,20.0,138.3303,119.2859,73.8951,0.95
train_001007,Train-Target-001007,area,-37.15899175,62.14992225,7,20,145,1,optical,8.8503,47.0363,8.0,5.6201,58.0648,0.331632,auto,0,120,20.0,156.4435,171.4319,177.8095,0.95
train_000050,Train-Target-000050,area,23.99736158,122.45779211,3,108,227,1,infrared,28.3107,87.1150,-90.0,6.2797,21.0496,0.363764,auto,0,120,20.0,191.4227,185.1637,90.1368,0.95
train_000604,Train-Target-000604,area,-14.01163778,-23.20313855,5,32,135,1,optical,9.7578,19.6644,8.0,7.0901,74.8660,0.180346,auto,0,120,20.0,47.3994,30.1304,306.8875,0.95
train_001795,Train-Target-001795,area,-49.27913526,177.30933428,3,39,154,1,optical,6.4567,33.6229,8.0,6.9840,63.3364,0.347617,auto,0,120,20.0,120.3111,126.5949,194.8001,0.95
train_001165,Train-Target-001165,area,52.36860834,-141.92697204,6,8,82,1,optical,4.2081,20.9857,8.0,5.0946,41.1338,0.282895,auto,0,120,20.0,101.5968,74.9093,127.0082,0.95
train_000268,Train-Target-000268,area,63.38278984,-19.70360028,4,101,147,1,infrared,36.2505,65.5035,-90.0,5.2738,68.0839,0.189477,auto,0,120,20.0,18.5151,39.7815,15.8352,0.95
train_002324,Train-Target-002324,area,19.34088722,19.51167898,6,37,105,1,optical,9.4914,54.8935,8.0,4.7221,28.7462,0.298347,auto,0,120,20.0,91.8657,80.9980,15.7372,0.95
train_001695,Train-Target-001695,area,35.22988359,-69.24470102,3,47,97,1,infrared,36.1852,58.5777,-90.0,7.6007,70.3992,0.303454,auto,0,120,20.0,223.5658,293.3342,165.9322,0.95
train_000656,Train-Target-000656,area,-48.58811607,-178.44290514,6,7,80,1,sar,17.3196,38.1246,-90.0,4.5377,43.1808,0.182451,auto,0,120,20.0,105.6442,57.2479,314.3723,0.95
train_002377,Train-Target-002377,point,51.42764496,-84.05539144,6,79,214,1,optical,7.7224,11.6604,8.0,5.6552,62.9117,0.327723,single,1,120,5.0,,,,
train_002992,Train-Target-002992,area,73.71261267,-11.63689134,1,4,89,1,sar,21.4260,52.8101,-90.0,5.5937,47.4334,0.421322,auto,0,120,20.0,74.5061,77.5188,196.9102,0.95
train_002458,Train-Target-002458,point,-16.69198802,68.03315248,8,93,173,1,sar,12.1340,64.5784,-90.0,7.4078,70.0218,0.204379,simultaneous,2,120,5.0,,,,
train_001981,Train-Target-001981,area,27.28854450,52.87725440,6,14,141,1,sar,20.7330,84.3333,-90.0,5.5284,79.4326,0.356138,auto,0,120,20.0,254.6982,299.9698,344.4774,0.95
train_002782,Train-Target-002782,area,15.29654893,-20.09916629,6,92,198,1,optical,3.8357,47.7706,8.0,4.5107,31.5779,0.435194,auto,0,120,20.0,127.4699,69.3165,294.9890,0.95
train_000415,Train-Target-000415,area,-47.15056413,164.31330962,4,102,187,1,optical,9.8288,58.8001,8.0,4.6825,68.4740,0.310850,auto,0,120,20.0,22.1618,43.1919,320.0822,0.95
train_002970,Train-Target-002970,point,51.68523156,-18.65673715,8,0,144,1,sar,13.2074,58.7787,-90.0,5.3480,60.9905,0.389293,simultaneous,2,120,5.0,,,,
train_000495,Train-Target-000495,point,11.29393455,-156.85700033,5,85,175,1,sar,13.8900,66.2831,-90.0,8.0337,67.0618,0.355934,single,1,120,5.0,,,,
train_000039,Train-Target-000039,area,24.93723194,-68.04917718,5,70,209,1,optical,9.0755,32.5780,8.0,7.6016,47.8462,0.407507,auto,0,120,20.0,129.5260,97.1818,12.3444,0.95
train_001017,Train-Target-001017,area,-72.24899852,141.70128317,3,127,206,1,infrared,36.3028,78.0730,-90.0,7.1539,58.4043,0.303267,auto,0,120,20.0,37.0563,23.6040,80.1350,0.95
train_000803,Train-Target-000803,area,-67.07583780,-26.88827726,2,79,199,1,optical,6.7968,41.8450,8.0,4.7206,39.0205,0.381474,auto,0,120,20.0,136.4334,79.4602,326.5944,0.95
train_000567,Train-Target-000567,point,-1.92833716,7.91860603,9,93,218,1,optical,5.2941,29.0227,8.0,8.2292,25.4172,0.257123,single,1,120,5.0,,,,
train_001606,Train-Target-001606,area,-51.87119646,58.47581180,4,139,206,1,sar,9.1894,83.6755,-90.0,7.5625,79.6266,0.361061,auto,0,120,20.0,18.6945,36.8006,137.9857,0.95
train_002050,Train-Target-002050,area,-12.48103131,170.87202963,3,3,48,1,sar,14.5535,88.1598,-90.0,6.4385,45.3637,0.262217,auto,0,120,20.0,206.8602,276.2857,18.9471,0.95
train_000359,Train-Target-000359,area,-43.07652107,31.01650847,5,54,146,1,optical,9.8772,22.8359,8.0,6.5227,37.8646,0.316283,auto,0,120,20.0,98.5080,71.4275,177.3886,0.95
train_001863,Train-Target-001863,point,-42.62601398,76.84451902,2,46,141,1,sar,17.7775,58.9525,-90.0,8.2463,66.4691,0.199823,single,1,120,5.0,,,,
train_002856,Train-Target-002856,area,-33.98747009,-3.71380596,10,47,206,1,optical,6.2135,60.4426,8.0,7.9256,38.8565,0.242669,auto,0,120,20.0,48.9065,45.8650,334.3997,0.95
train_001800,Train-Target-001800,area,66.32470143,-38.76529745,1,148,224,1,optical,7.0991,44.4758,8.0,6.9035,46.5905,0.257673,auto,0,120,20.0,46.4545,20.7997,254.7435,0.95
train_000728,Train-Target-000728,area,-83.91374558,44.09368129,4,2,51,1,optical,3.4208,37.4402,8.0,8.3051,46.9121,0.363035,auto,0,120,20.0,76.9176,55.5824,71.5840,0.95
train_002105,Train-Target-002105,area,-36.58266902,51.32028682,9,86,145,1,infrared,26.1265,97.5782,-90.0,5.9663,58.6166,0.325626,auto,0,120,20.0,69.4724,60.8023,117.9486,0.95
train_000592,Train-Target-000592,point,-59.04661687,-179.00625011,2,128,234,1,sar,11.5917,67.5880,-90.0,6.9667,55.8008,0.338246,single,1,120,5.0,,,,
train_001434,Train-Target-001434,area,58.76280434,-124.03063450,4,87,149,1,optical,9.5377,43.1876,8.0,7.8037,79.9829,0.431200,auto,0,120,20.0,157.9649,182.2035,323.2614,0.95
train_002847,Train-Target-002847,area,23.01618704,-32.92297811,5,107,163,1,sar,15.0640,78.9634,-90.0,7.0834,68.0731,0.387354,auto,0,120,20.0,13.2460,45.6703,68.5031,0.95
train_000693,Train-Target-000693,area,16.87727002,-176.06164970,1,40,194,1,infrared,37.4201,133.3192,-90.0,5.9615,79.4024,0.290058,auto,0,120,20.0,29.2845,16.3302,128.5871,0.95
train_002666,Train-Target-002666,area,-84.70562050,-81.92345597,5,66,148,1,sar,14.5262,53.3146,-90.0,8.0424,28.2656,0.349666,auto,0,120,20.0,146.2040,206.3538,152.9924,0.95
train_000398,Train-Target-000398,area,-69.15302041,-45.74312005,5,52,133,1,optical,4.0350,26.8960,8.0,6.1168,44.6797,0.237607,auto,0,120,20.0,45.1249,46.9289,241.4562,0.95
train_000213,Train-Target-000213,area,47.92298068,75.48869026,4,9,66,1,optical,3.3664,36.8736,8.0,8.2766,34.0473,0.353496,auto,0,120,20.0,238.0062,154.2259,277.4042,0.95
train_002090,Train-Target-002090,area,-25.84665388,96.55418295,4,62,156,1,sar,11.8090,71.0853,-90.0,6.1660,23.1025,0.289274,auto,0,120,20.0,35.5019,42.9361,350.3316,0.95
train_001583,Train-Target-001583,area,-26.17909040,46.97056526,8,116,202,1,infrared,39.8243,121.7128,-90.0,4.9783,75.0567,0.362272,auto,0,120,20.0,135.1950,72.9884,67.7055,0.95
train_001802,Train-Target-001802,area,-65.27978255,16.89493148,3,80,217,1,optical,6.4133,50.3274,8.0,5.1998,58.5027,0.382639,auto,0,120,20.0,226.1217,207.3871,26.7300,0.95
train_000297,Train-Target-000297,area,24.08254600,-140.83999228,3,23,177,1,infrared,18.2743,120.8960,-90.0,5.0844,68.0361,0.301132,auto,0,120,20.0,129.8866,130.4346,353.0373,0.95
train_002800,Train-Target-002800,area,34.38576419,72.50404384,3,150,193,1,optical,6.0658,24.7350,8.0,6.6962,52.3856,0.217073,auto,0,120,20.0,22.4019,24.7592,170.4389,0.95
train_003050,Train-Target-003050,area,36.41920516,53.40576851,4,145,205,1,sar,9.8599,47.9574,-90.0,5.9179,59.4901,0.275543,auto,0,120,20.0,36.8901,31.5782,33.7944,0.95
train_000066,Train-Target-000066,area,45.80003034,-110.97567848,8,9,98,1,sar,13.0929,70.0800,-90.0,6.3174,53.7070,0.449713,auto,0,120,20.0,139.4366,124.2845,218.3462,0.95
train_002583,Train-Target-002583,area,86.36815112,33.43874821,10,11,156,1,optical,5.6497,42.2959,8.0,8.3803,30.8461,0.270346,auto,0,120,20.0,184.6690,278.3139,77.4883,0.95
train_001821,Train-Target-001821,area,22.13978188,166.37298332,3,96,227,1,optical,6.4068,50.8977,8.0,7.7869,26.3368,0.361370,auto,0,120,20.0,296.9976,267.5301,298.5800,0.95
train_002955,Train-Target-002955,area,-39.11772317,-37.53000716,2,28,180,1,optical,4.1400,43.0840,8.0,5.4898,60.4790,0.204720,auto,0,120,20.0,55.3806,61.8861,272.3263,0.95
train_001801,Train-Target-001801,area,21.57360302,-137.05049644,2,39,168,1,infrared,39.6011,123.5701,-90.0,6.1341,61.8688,0.188708,auto,0,120,20.0,37.4289,20.0990,13.4651,0.95
train_000780,Train-Target-000780,area,40.60932606,-91.42302758,9,64,198,1,optical,2.6240,32.1552,8.0,7.8266,87.2642,0.258837,auto,0,120,20.0,15.3978,34.4954,221.5982,0.95
train_001756,Train-Target-001756,area,-22.53787149,-16.14253144,5,25,129,1,optical,8.0925,43.7084,8.0,8.3850,25.5619,0.246254,auto,0,120,20.0,40.4168,35.4692,280.2161,0.95
train_000828,Train-Target-000828,point,-51.74106075,-22.27708579,8,42,127,1,sar,12.3347,47.0345,-90.0,7.1461,23.4814,0.437023,single,1,120,5.0,,,,
train_001907,Train-Target-001907,area,-23.41171784,-110.80497514,2,145,211,1,optical,9.9208,46.9289,8.0,5.3817,73.2657,0.213712,auto,0,120,20.0,101.2005,82.1313,259.3116,0.95
train_000770,Train-Target-000770,area,-37.80221292,-49.14514427,6,43,178,1,sar,9.2085,80.6744,-90.0,8.2151,76.1701,0.191854,auto,0,120,20.0,30.0848,14.4280,188.9445,0.95
train_000553,Train-Target-000553,area,10.78841742,-101.02516815,10,104,204,1,infrared,22.2672,132.9706,-90.0,7.0621,82.2615,0.426356,auto,0,120,20.0,25.0849,14.0656,106.5917,0.95
train_001965,Train-Target-001965,area,-35.43861795,-26.76263558,8,75,156,1,sar,8.9161,38.9215,-90.0,5.7834,51.2418,0.409757,auto,0,120,20.0,209.1476,247.2072,188.2304,0.95
train_000641,Train-Target-000641,point,-34.19630111,97.00908781,1,98,207,1,optical,9.3573,26.7913,8.0,6.4351,74.3897,0.225707,single,1,120,5.0,,,,
train_001912,Train-Target-001912,point,31.03078926,138.37306440,2,16,72,1,optical,5.8683,44.5045,8.0,6.6387,89.4823,0.353956,single,1,120,5.0,,,,
train_000119,Train-Target-000119,area,17.00065237,-90.12789392,10,37,166,1,infrared,31.5036,116.9483,-90.0,5.3334,56.9986,0.233501,auto,0,120,20.0,77.9230,68.1263,169.5266,0.95
train_000165,Train-Target-000165,area,0.26395869,174.26336128,9,43,131,1,sar,10.4153,108.6873,-90.0,6.0353,80.3688,0.408134,auto,0,120,20.0,63.1208,72.9102,322.8022,0.95
train_002440,Train-Target-002440,area,7.42725890,-25.48289540,8,140,236,1,optical,4.8089,51.1302,8.0,8.2871,53.4900,0.415538,auto,0,120,20.0,293.1637,183.3108,87.7904,0.95
train_001511,Train-Target-001511,point,26.38801116,-133.13936881,3,24,175,1,optical,6.3525,62.1861,8.0,5.8358,38.9239,0.296584,single,1,120,5.0,,,,
train_000330,Train-Target-000330,area,40.42651653,69.69717682,6,65,214,1,infrared,36.5826,84.5317,-90.0,5.3158,86.8589,0.447110,auto,0,120,20.0,28.4474,33.5830,311.2985,0.95
train_000506,Train-Target-000506,area,-27.70597654,-7.10049695,9,72,214,1,sar,17.1045,57.7705,-90.0,5.6934,68.6567,0.255036,auto,0,120,20.0,17.7517,47.9546,246.5997,0.95
train_001283,Train-Target-001283,point,-35.98705354,179.73217980,8,102,184,1,infrared,25.5981,124.0851,-90.0,5.1909,52.1992,0.188792,single,1,120,5.0,,,,
train_002416,Train-Target-002416,area,45.90165191,90.93854313,6,7,88,1,sar,14.4860,75.3085,-90.0,5.9013,71.0715,0.393188,auto,0,120,20.0,233.6964,171.6765,105.7759,0.95
train_000189,Train-Target-000189,point,50.86175059,149.80834499,2,91,175,1,sar,21.2115,82.1293,-90.0,6.7708,79.4558,0.237851,single,1,120,5.0,,,,
train_001945,Train-Target-001945,area,3.58574600,63.93411196,2,46,191,1,optical,5.2334,26.2382,8.0,8.2369,33.8341,0.235933,auto,0,120,20.0,123.1008,99.3817,249.9977,0.95
train_000160,Train-Target-000160,area,49.69482544,-41.92036018,10,43,146,1,sar,21.2804,30.6072,-90.0,7.6214,60.2810,0.256892,auto,0,120,20.0,46.6906,44.0642,58.3218,0.95
train_002266,Train-Target-002266,area,43.75370842,42.76231092,7,59,160,1,optical,3.3106,13.5538,8.0,5.7441,88.6449,0.240668,auto,0,120,20.0,37.3332,18.9331,355.6943,0.95
train_002435,Train-Target-002435,point,-27.98011680,144.64814228,6,43,189,1,sar,20.2373,53.4337,-90.0,5.3391,68.9681,0.214400,single,1,120,5.0,,,,
train_001564,Train-Target-001564,area,-18.32943354,37.15762617,4,48,131,1,infrared,25.5529,125.4497,-90.0,5.5227,88.3946,0.311158,auto,0,120,20.0,100.7193,65.9651,21.5089,0.95
train_000725,Train-Target-000725,point,-19.30919042,-73.71032544,10,87,168,1,optical,2.0023,49.4552,8.0,5.0567,59.8944,0.241818,single,1,120,5.0,,,,
train_002686,Train-Target-002686,point,5.73424912,133.37883591,10,69,167,1,optical,7.1112,54.3722,8.0,4.7656,88.6095,0.300118,single,1,120,5.0,,,,
train_003023,Train-Target-003023,point,-7.01824561,94.05724267,10,26,147,1,sar,12.8193,54.9246,-90.0,6.6060,63.8841,0.249681,single,1,120,5.0,,,,
train_001274,Train-Target-001274,area,-25.44792843,-62.36054793,3,55,161,1,sar,16.9336,98.4476,-90.0,6.3455,64.3019,0.391460,auto,0,120,20.0,30.4215,40.4693,130.4349,0.95
train_000146,Train-Target-000146,area,10.29430037,18.18222565,9,142,215,1,infrared,37.7067,78.9201,-90.0,5.8003,79.2961,0.310894,auto,0,120,20.0,236.5208,299.3718,62.8592,0.95
train_001520,Train-Target-001520,area,-6.69092848,-113.23154926,10,101,231,1,optical,8.2580,12.9321,8.0,4.9018,89.7098,0.276949,auto,0,120,20.0,94.6060,63.7699,251.7323,0.95
train_002576,Train-Target-002576,area,-77.35686917,-177.87129126,10,163,227,1,optical,8.7175,28.7890,8.0,5.4422,35.8358,0.205979,auto,0,120,20.0,48.4221,12.2369,231.9415,0.95
train_000534,Train-Target-000534,area,-39.62213467,132.36831213,1,35,136,1,optical,6.8332,31.9858,8.0,5.5866,52.6252,0.233678,auto,0,120,20.0,116.7955,67.1066,123.4575,0.95
train_001202,Train-Target-001202,area,-7.50318623,120.11318335,2,156,230,1,sar,11.3521,65.5194,-90.0,7.7828,24.0876,0.435613,auto,0,120,20.0,33.4096,27.8615,155.8338,0.95
train_000820,Train-Target-000820,area,78.95924240,64.07724926,9,52,190,1,optical,3.4100,15.3962,8.0,6.8920,49.1578,0.222097,auto,0,120,20.0,17.7901,45.1789,114.1711,0.95
train_002534,Train-Target-002534,area,-55.41329662,-38.02237998,2,77,133,1,optical,7.1573,31.4352,8.0,7.1415,88.7204,0.195255,auto,0,120,20.0,260.4445,236.6449,247.9544,0.95
train_001704,Train-Target-001704,area,15.95958552,11.66798096,4,72,116,1,optical,5.7421,13.8768,8.0,5.9933,38.6472,0.285945,auto,0,120,20.0,256.4532,163.6171,247.1141,0.95
train_002608,Train-Target-002608,point,-33.33052677,-122.83861450,10,119,212,1,optical,4.3730,30.3044,8.0,5.2596,37.9553,0.256182,sequential,2,120,5.0,,,,
train_001711,Train-Target-001711,area,33.36861249,-112.91429291,10,140,204,1,infrared,31.2140,47.3080,-90.0,6.1647,20.3930,0.421240,auto,0,120,20.0,91.4906,83.6533,38.5279,0.95
train_002131,Train-Target-002131,area,67.50104475,107.14922444,3,2,49,1,optical,7.1165,21.6124,8.0,4.5291,37.2151,0.297022,auto,0,120,20.0,162.8538,295.7520,49.0070,0.95
train_000967,Train-Target-000967,area,72.02116410,-156.06482468,5,166,221,1,optical,3.6081,28.8359,8.0,5.4568,66.8095,0.365859,auto,0,120,20.0,144.2920,266.3508,183.1636,0.95
train_001570,Train-Target-001570,point,-35.45671213,-68.68535009,8,152,224,1,optical,8.7462,41.0444,8.0,6.2908,75.0480,0.226320,simultaneous,2,120,5.0,,,,
train_002473,Train-Target-002473,area,-24.08958329,124.51401405,6,76,120,1,infrared,30.8221,49.1424,-90.0,5.8034,49.2256,0.376618,auto,0,120,20.0,225.9946,149.7724,99.9387,0.95
train_002331,Train-Target-002331,area,-3.66587516,-127.89047732,1,4,72,1,sar,14.9343,59.0354,-90.0,4.9552,42.2890,0.419493,auto,0,120,20.0,171.9482,158.1598,67.0435,0.95
train_000606,Train-Target-000606,area,-21.58102661,84.17054125,8,26,72,1,infrared,26.3585,60.2387,-90.0,6.4087,50.3569,0.203266,auto,0,120,20.0,184.4568,141.6268,258.0077,0.95
train_000107,Train-Target-000107,point,18.79766817,66.59226770,5,92,204,1,sar,19.5565,95.7734,-90.0,5.5127,77.4519,0.258091,single,1,120,5.0,,,,
train_000084,Train-Target-000084,area,-6.21055392,-36.04799021,6,27,141,1,optical,6.8628,41.8084,8.0,6.0678,65.7162,0.180376,auto,0,120,20.0,237.8270,170.8166,91.9488,0.95
train_002647,Train-Target-002647,point,18.21251268,177.85116678,10,120,224,1,infrared,22.4770,100.1890,-90.0,6.0058,76.8234,0.443347,single,1,120,5.0,,,,
train_002767,Train-Target-002767,area,76.93473130,-1.38494361,1,134,188,1,optical,6.8015,25.7235,8.0,6.5056,41.5889,0.198529,auto,0,120,20.0,128.4049,132.8588,137.7560,0.95
train_002799,Train-Target-002799,area,-57.19053667,2.62427266,3,23,69,1,sar,12.8728,47.9533,-90.0,6.5012,68.4550,0.203352,auto,0,120,20.0,290.1490,160.2056,355.9654,0.95
train_002328,Train-Target-002328,area,69.91871705,173.81804821,4,135,223,1,optical,4.3092,26.4361,8.0,8.3093,60.6409,0.243085,auto,0,120,20.0,16.9096,23.7458,45.3118,0.95
train_000571,Train-Target-000571,area,-31.34939490,-32.42139216,2,115,185,1,optical,4.3855,43.4636,8.0,6.8470,89.0284,0.201667,auto,0,120,20.0,28.0859,41.7350,345.5967,0.95
train_001617,Train-Target-001617,area,-17.87164277,-131.19824267,1,28,112,1,sar,21.0251,78.4620,-90.0,8.3874,58.5792,0.422695,auto,0,120,20.0,48.9261,26.4641,155.2038,0.95
train_000941,Train-Target-000941,point,-29.72807700,78.54385854,5,68,143,1,sar,20.4848,41.0776,-90.0,5.8117,86.1695,0.278114,single,1,120,5.0,,,,
train_001806,Train-Target-001806,area,-50.36694208,20.54580688,9,141,212,1,optical,2.4030,60.0792,8.0,4.8120,66.1761,0.214180,auto,0,120,20.0,57.3635,126.9095,189.7726,0.95
train_002154,Train-Target-002154,area,21.44377807,-156.01360141,8,157,206,1,optical,7.2649,49.7006,8.0,6.7981,69.3700,0.282150,auto,0,120,20.0,237.4369,285.0997,78.9814,0.95
train_002972,Train-Target-002972,point,75.07227594,52.55766753,3,66,172,1,optical,9.9906,14.1020,8.0,8.2914,60.7983,0.379598,sequential,2,120,5.0,,,,
train_002802,Train-Target-002802,area,19.80861614,17.58680383,6,37,131,1,sar,11.3216,36.6318,-90.0,6.9448,83.5623,0.345028,auto,0,120,20.0,39.8976,36.8653,203.7803,0.95
train_001959,Train-Target-001959,area,-30.00372608,111.82897193,2,87,215,1,sar,10.6132,95.2472,-90.0,4.9699,50.9926,0.228471,auto,0,120,20.0,120.5367,118.0604,273.2135,0.95
train_002908,Train-Target-002908,point,-39.38089242,-140.99296337,9,121,227,1,optical,7.4392,56.2536,8.0,7.6754,36.3493,0.348521,single,1,120,5.0,,,,
train_001057,Train-Target-001057,area,20.75929428,157.42325315,4,84,217,1,sar,20.3372,87.1029,-90.0,7.8612,70.3420,0.180001,auto,0,120,20.0,93.8008,79.3973,175.9235,0.95
train_002218,Train-Target-002218,area,7.89917176,-99.61244267,8,31,126,1,optical,8.6792,36.4351,8.0,6.8961,33.6136,0.438402,auto,0,120,20.0,173.8277,224.9671,1.7238,0.95
train_002492,Train-Target-002492,area,62.64102720,57.58520312,9,118,190,1,optical,4.3155,14.2459,8.0,4.5264,66.4178,0.367897,auto,0,120,20.0,136.4991,85.3598,317.7452,0.95
train_000185,Train-Target-000185,point,33.71072026,-119.11874314,5,57,120,1,sar,20.2864,109.8522,-90.0,5.6084,53.8397,0.301012,single,1,120,5.0,,,,
train_002178,Train-Target-002178,area,-24.82416881,74.95146694,1,1,84,1,sar,13.2968,89.2717,-90.0,7.0632,52.0327,0.390518,auto,0,120,20.0,142.6094,250.3381,287.8720,0.95
train_002059,Train-Target-002059,area,9.74907635,-117.30299603,3,86,180,1,optical,5.4905,62.7973,8.0,7.3264,51.4313,0.316862,auto,0,120,20.0,26.8224,39.0006,264.7036,0.95
train_002130,Train-Target-002130,area,-3.67867335,93.00730405,4,42,125,1,sar,21.4219,26.9205,-90.0,4.9114,51.1930,0.307738,auto,0,120,20.0,71.0617,64.1872,151.8829,0.95
train_002632,Train-Target-002632,point,31.61599521,71.18808199,2,90,193,1,optical,6.3365,41.4892,8.0,7.5016,66.8406,0.431817,sequential,2,120,5.0,,,,
train_001140,Train-Target-001140,point,19.88715598,177.19059150,7,150,236,1,optical,2.2362,16.3154,8.0,7.2408,36.8972,0.361658,single,1,120,5.0,,,,
train_000190,Train-Target-000190,point,-66.36314595,-41.97823176,4,91,141,1,optical,9.4430,62.7329,8.0,6.6042,20.7249,0.394928,single,1,120,5.0,,,,
train_001089,Train-Target-001089,area,-33.66530571,168.03397292,3,124,171,1,optical,8.4906,49.3679,8.0,7.4596,27.9696,0.305197,auto,0,120,20.0,71.2705,66.5128,158.2558,0.95
train_000627,Train-Target-000627,area,55.00330985,-156.97356958,4,30,164,1,infrared,28.8592,102.8526,-90.0,7.3800,74.1173,0.207337,auto,0,120,20.0,219.9471,171.1847,235.1251,0.95
train_002290,Train-Target-002290,area,-7.25153406,-164.28594155,2,18,87,1,optical,8.3345,13.7407,8.0,5.3006,53.3027,0.210724,auto,0,120,20.0,17.1847,17.0078,33.1124,0.95
train_000588,Train-Target-000588,point,-19.18780592,138.54966661,6,117,177,1,sar,17.4528,77.0290,-90.0,7.7122,85.7852,0.292608,single,1,120,5.0,,,,
train_000156,Train-Target-000156,area,-4.01880452,9.08725491,5,58,167,1,optical,9.9046,15.9654,8.0,8.1374,57.1845,0.395424,auto,0,120,20.0,35.0356,17.4164,180.5375,0.95
train_003069,Train-Target-003069,area,-37.21902529,-117.64277176,3,1,137,1,sar,18.9766,70.2018,-90.0,5.7322,67.4660,0.291669,auto,0,120,20.0,98.2619,86.5391,138.9691,0.95
train_002987,Train-Target-002987,point,-63.86539518,-84.86824399,1,31,150,1,optical,9.5609,49.3566,8.0,7.9548,47.1189,0.438571,sequential,2,120,5.0,,,,
train_002146,Train-Target-002146,area,-24.47230472,54.18854416,9,11,137,1,sar,18.7424,78.4713,-90.0,5.1778,62.1606,0.243650,auto,0,120,20.0,263.8721,220.6066,180.2541,0.95
train_000244,Train-Target-000244,area,-5.60243381,-139.88495152,10,61,189,1,sar,9.3023,64.0503,-90.0,6.7978,82.8019,0.189901,auto,0,120,20.0,36.3672,27.6718,234.4433,0.95
train_000596,Train-Target-000596,area,-7.53392137,9.64025360,2,77,153,1,infrared,21.3023,129.6426,-90.0,7.9031,65.9752,0.357659,auto,0,120,20.0,168.0451,221.7967,81.3837,0.95
train_000360,Train-Target-000360,area,-0.33080722,12.42386790,9,29,70,1,sar,15.8238,49.8467,-90.0,7.4589,57.5182,0.345461,auto,0,120,20.0,37.5304,15.5477,298.9672,0.95
train_002318,Train-Target-002318,point,-38.80987319,-91.80184348,9,43,170,1,sar,13.6272,47.3527,-90.0,5.7016,36.0117,0.350261,single,1,120,5.0,,,,
train_000068,Train-Target-000068,point,26.47860843,-145.14330130,2,148,208,1,sar,11.7497,106.2340,-90.0,6.2981,85.3409,0.199114,single,1,120,5.0,,,,
train_000745,Train-Target-000745,area,0.44671730,-87.86965587,5,161,230,1,sar,9.0811,100.8749,-90.0,8.1561,78.9391,0.351129,auto,0,120,20.0,156.4692,267.1154,163.5161,0.95
train_001309,Train-Target-001309,area,22.49188201,-106.53029687,9,9,118,1,infrared,28.0093,76.7759,-90.0,4.5068,48.1238,0.299795,auto,0,120,20.0,190.2551,287.3588,89.9172,0.95
train_000813,Train-Target-000813,area,-20.35688039,79.58152764,9,108,164,1,optical,3.0026,16.5029,8.0,5.9053,48.5635,0.374345,auto,0,120,20.0,169.4556,208.6289,353.3528,0.95
train_001106,Train-Target-001106,area,8.61512284,-94.44447120,2,76,228,1,sar,20.0702,40.7103,-90.0,6.2932,67.6965,0.291741,auto,0,120,20.0,134.7000,118.1346,72.5336,0.95
train_002587,Train-Target-002587,area,35.99409136,-92.37923742,2,88,165,1,sar,10.1746,86.1915,-90.0,7.9941,66.2880,0.414817,auto,0,120,20.0,299.2807,217.8220,18.7581,0.95
train_002754,Train-Target-002754,area,-47.75527676,-122.43576216,9,165,236,1,sar,10.0599,95.1163,-90.0,6.0158,88.3790,0.221448,auto,0,120,20.0,150.4038,229.2039,96.2488,0.95
train_001966,Train-Target-001966,area,0.59453973,-50.54099451,8,82,162,1,sar,17.3578,27.5966,-90.0,7.8016,64.3706,0.213910,auto,0,120,20.0,22.1388,48.7524,223.2566,0.95
train_002319,Train-Target-002319,area,-2.31698552,-18.03947828,3,4,128,1,optical,9.3709,38.8598,8.0,7.4444,83.5913,0.340136,auto,0,120,20.0,94.9178,96.7796,237.9804,0.95
train_001444,Train-Target-001444,area,-35.21366811,176.79563227,4,76,173,1,optical,6.2214,50.5771,8.0,5.1496,66.0683,0.272847,auto,0,120,20.0,141.8557,197.1062,30.6356,0.95
train_001592,Train-Target-001592,area,22.34184230,103.30001439,4,92,183,1,optical,5.1859,58.0439,8.0,7.7718,41.0266,0.215038,auto,0,120,20.0,227.8844,233.5718,82.8114,0.95
train_002152,Train-Target-002152,area,18.96202492,37.58522159,5,31,109,1,sar,14.7675,101.8310,-90.0,6.2393,55.4108,0.403659,auto,0,120,20.0,45.4999,32.4453,344.7462,0.95
train_000452,Train-Target-000452,area,23.26032147,-160.12810952,5,26,126,1,optical,9.8990,38.9543,8.0,7.1655,77.1063,0.390124,auto,0,120,20.0,288.0825,148.9961,19.1757,0.95
train_002725,Train-Target-002725,area,51.76471359,172.71024546,4,122,203,1,optical,4.1812,24.5766,8.0,5.3737,24.7757,0.259490,auto,0,120,20.0,116.5361,122.7692,260.8605,0.95
train_000054,Train-Target-000054,area,15.35132691,176.38528400,4,44,176,1,sar,15.8187,97.1192,-90.0,6.0933,59.1266,0.309532,auto,0,120,20.0,117.4580,116.6312,310.9645,0.95
train_000408,Train-Target-000408,area,53.48239024,-12.44665682,6,3,67,1,sar,20.6630,105.4862,-90.0,4.7000,75.7760,0.380109,auto,0,120,20.0,132.3106,126.1128,19.3419,0.95
train_001649,Train-Target-001649,area,-9.26949670,139.92126951,3,23,174,1,optical,5.4151,45.2320,8.0,5.4110,88.2668,0.358882,auto,0,120,20.0,252.5760,282.5326,265.6456,0.95
train_000180,Train-Target-000180,area,33.43827290,164.83529676,2,142,233,1,optical,5.2689,45.3422,8.0,5.8455,76.3908,0.245482,auto,0,120,20.0,27.1098,15.6399,3.4775,0.95
train_002815,Train-Target-002815,area,-1.06285101,119.98633742,3,70,183,1,optical,5.5537,42.5469,8.0,7.5213,42.2087,0.379245,auto,0,120,20.0,165.7726,164.2498,99.6331,0.95
train_002269,Train-Target-002269,area,27.08912422,44.20512760,4,95,197,1,optical,7.1700,37.8955,8.0,4.8934,54.9243,0.236609,auto,0,120,20.0,183.4967,274.1199,57.6667,0.95
train_001264,Train-Target-001264,area,37.49932747,13.00790073,10,35,183,1,optical,5.9674,46.1213,8.0,5.6428,72.3095,0.251703,auto,0,120,20.0,129.1327,86.2744,340.7293,0.95
train_002828,Train-Target-002828,area,-34.67721985,-173.23229608,6,55,118,1,optical,8.1774,50.1987,8.0,7.2116,86.8231,0.337005,auto,0,120,20.0,25.5778,47.2434,320.6150,0.95
train_002934,Train-Target-002934,area,5.77817803,81.37022962,5,93,171,1,optical,9.2669,25.1084,8.0,4.6673,31.6243,0.427263,auto,0,120,20.0,60.3432,50.2825,56.7945,0.95
train_002962,Train-Target-002962,point,-30.98393362,116.47310879,7,58,217,1,optical,9.0981,24.7609,8.0,6.4910,86.4030,0.439928,single,1,120,5.0,,,,
train_001080,Train-Target-001080,point,21.00377093,63.15991196,6,98,237,1,optical,5.5123,39.1086,8.0,7.1699,32.5797,0.369124,single,1,120,5.0,,,,
train_001996,Train-Target-001996,area,-70.24181102,-70.71131356,3,145,210,1,optical,4.3414,25.2531,8.0,5.3267,47.8218,0.205578,auto,0,120,20.0,128.8507,118.9613,32.2665,0.95
train_001012,Train-Target-001012,area,37.00913771,137.53189544,8,76,184,1,optical,3.9401,60.7809,8.0,6.0314,66.5555,0.328399,auto,0,120,20.0,148.5261,186.3390,17.3531,0.95
train_002275,Train-Target-002275,point,55.41988624,-135.76218532,7,74,128,1,optical,6.5638,54.8290,8.0,4.9206,40.3440,0.372922,sequential,2,120,5.0,,,,
train_000589,Train-Target-000589,area,68.08498074,95.18747343,10,33,182,1,optical,8.9388,52.3767,8.0,6.7714,71.5231,0.403074,auto,0,120,20.0,247.8116,215.2615,285.2540,0.95
train_001148,Train-Target-001148,area,3.80509097,128.43909635,2,6,73,1,sar,19.9725,103.7851,-90.0,8.2180,42.7912,0.350185,auto,0,120,20.0,151.9282,296.6558,266.1364,0.95
train_000887,Train-Target-000887,point,-50.11528295,-113.17837966,10,114,199,1,optical,8.9151,11.2888,8.0,7.7204,70.7078,0.266917,single,1,120,5.0,,,,
train_002801,Train-Target-002801,area,51.91776461,-140.45103672,8,89,222,1,optical,7.4170,18.3374,8.0,7.5897,47.6081,0.378425,auto,0,120,20.0,190.6524,221.2746,146.4746,0.95
train_001500,Train-Target-001500,area,-13.50278327,2.86982930,1,82,237,1,optical,8.1949,53.6585,8.0,6.0633,38.3857,0.276821,auto,0,120,20.0,238.9571,198.9500,153.3577,0.95
train_001958,Train-Target-001958,area,5.67172218,-7.30911571,2,63,148,1,optical,7.0836,13.6711,8.0,7.0361,80.4137,0.327224,auto,0,120,20.0,69.6997,139.9375,245.0211,0.95
train_001523,Train-Target-001523,area,-22.04215309,67.54005309,5,0,129,1,sar,10.6736,102.3834,-90.0,7.0941,60.4038,0.359768,auto,0,120,20.0,180.3770,256.5887,145.2941,0.95
train_002393,Train-Target-002393,area,5.11529049,-73.10818247,8,153,220,1,sar,20.7891,101.6785,-90.0,6.8722,89.8531,0.395114,auto,0,120,20.0,248.1151,193.1701,39.6351,0.95
train_000195,Train-Target-000195,area,-10.62854755,-85.85868690,5,39,79,1,optical,2.2442,14.6044,8.0,5.5579,71.9621,0.203962,auto,0,120,20.0,288.9498,158.4977,292.2297,0.95
train_000109,Train-Target-000109,area,-64.31213018,-64.82096153,1,1,110,1,optical,8.7039,16.7431,8.0,5.5202,82.8551,0.219137,auto,0,120,20.0,39.3124,37.2880,265.0898,0.95
train_001260,Train-Target-001260,area,-40.12962661,-78.05656385,9,64,107,1,optical,6.2596,50.3658,8.0,6.3728,54.7283,0.419382,auto,0,120,20.0,281.0404,159.3226,179.0422,0.95
train_000201,Train-Target-000201,area,-13.32963973,-37.85141800,3,12,73,1,optical,2.7538,14.2304,8.0,5.0185,65.5681,0.293795,auto,0,120,20.0,104.4698,115.9521,226.3494,0.95
train_002936,Train-Target-002936,area,-14.69666608,54.72631889,4,63,218,1,infrared,19.0675,137.7812,-90.0,7.5058,30.5107,0.198636,auto,0,120,20.0,44.1212,16.9541,321.6869,0.95
train_001180,Train-Target-001180,point,41.46344054,100.70076902,8,76,195,1,optical,2.9751,62.2119,8.0,8.0462,21.9447,0.441148,sequential,2,120,5.0,,,,
train_002786,Train-Target-002786,area,67.67338534,59.70329630,1,49,145,1,optical,6.3647,57.3755,8.0,7.9783,32.7474,0.228826,auto,0,120,20.0,79.4400,134.2151,128.7322,0.95
train_002026,Train-Target-002026,point,-67.23590140,-117.57438494,1,10,109,1,sar,8.0441,98.1533,-90.0,8.3902,80.8895,0.417575,single,1,120,5.0,,,,
train_002928,Train-Target-002928,area,-66.03852109,-121.55750661,1,138,210,1,optical,2.2229,25.9183,8.0,6.5741,39.8332,0.301340,auto,0,120,20.0,170.3337,172.5088,147.1292,0.95
train_002079,Train-Target-002079,area,25.95536113,-137.17576987,1,55,171,1,sar,11.5710,36.8491,-90.0,7.1949,81.2898,0.199629,auto,0,120,20.0,187.2286,297.3493,70.6692,0.95
train_000678,Train-Target-000678,point,65.18388921,-91.24715384,5,42,198,1,optical,6.6457,20.3766,8.0,4.5690,50.3267,0.302205,single,1,120,5.0,,,,
train_002348,Train-Target-002348,area,22.17900646,-155.09634922,4,77,198,1,optical,2.7306,17.6493,8.0,7.9757,74.5196,0.277133,auto,0,120,20.0,211.8815,230.5152,111.4288,0.95
train_002903,Train-Target-002903,area,21.76436655,124.60393718,10,45,114,1,optical,7.5361,20.5813,8.0,6.9537,48.2009,0.415324,auto,0,120,20.0,49.1175,24.5455,328.9083,0.95
train_001543,Train-Target-001543,area,35.11341261,-131.24014701,9,56,180,1,optical,3.3029,32.0185,8.0,7.7907,20.9787,0.246846,auto,0,120,20.0,115.8648,108.0254,56.0972,0.95
train_002259,Train-Target-002259,area,53.03419855,128.61895744,10,22,120,1,sar,16.6198,79.8898,-90.0,6.3758,60.1214,0.325464,auto,0,120,20.0,88.3221,99.6033,289.2896,0.95
train_000212,Train-Target-000212,area,-57.89424791,-93.46815184,9,65,133,1,optical,4.1709,50.6334,8.0,5.4095,58.4795,0.292228,auto,0,120,20.0,19.5635,49.9701,294.4603,0.95
train_000168,Train-Target-000168,area,1.59898244,-128.25767345,1,62,203,1,sar,16.0924,59.2661,-90.0,5.0000,61.0974,0.233849,auto,0,120,20.0,134.0499,54.0849,242.9927,0.95
train_000855,Train-Target-000855,area,42.13365573,-151.70148744,4,66,147,1,optical,7.4003,10.5324,8.0,5.3871,47.9648,0.346158,auto,0,120,20.0,42.6419,34.5188,225.9057,0.95
train_000317,Train-Target-000317,point,62.61945018,137.06126466,9,107,197,1,optical,7.2225,34.4438,8.0,5.5770,32.8616,0.284241,single,1,120,5.0,,,,
train_002634,Train-Target-002634,point,-25.60163612,-11.79925221,9,50,173,1,optical,7.1486,43.6659,8.0,4.5734,70.0932,0.307869,sequential,2,120,5.0,,,,
train_002193,Train-Target-002193,point,-1.45105202,-142.73481082,8,24,133,1,optical,6.2245,61.9199,8.0,5.8187,46.1663,0.211058,single,1,120,5.0,,,,
train_002665,Train-Target-002665,point,-64.45101336,71.39086719,9,122,172,1,optical,3.5466,42.2009,8.0,7.3218,53.0815,0.380209,single,1,120,5.0,,,,
train_002873,Train-Target-002873,point,-59.72186404,-79.68732232,9,145,236,1,optical,7.3675,26.9693,8.0,8.3466,54.0272,0.188141,sequential,2,120,5.0,,,,
train_002018,Train-Target-002018,area,-40.64428924,-27.16186882,10,25,177,1,sar,11.4204,91.4968,-90.0,6.1018,85.8382,0.375193,auto,0,120,20.0,17.4042,29.1206,10.7142,0.95
train_000365,Train-Target-000365,area,-32.18897483,-2.64183861,10,21,134,1,optical,5.7732,38.1875,8.0,7.9015,85.5731,0.387312,auto,0,120,20.0,25.5080,39.8880,86.4652,0.95
train_002245,Train-Target-002245,area,-8.32340898,-178.13364888,8,26,166,1,infrared,36.0396,138.0328,-90.0,5.6076,75.9572,0.346096,auto,0,120,20.0,13.4898,31.8947,102.4636,0.95
train_001619,Train-Target-001619,area,24.57594911,50.11426413,10,21,156,1,optical,6.4508,55.3081,8.0,7.2328,74.6195,0.364247,auto,0,120,20.0,37.0240,28.9062,303.5602,0.95
train_001835,Train-Target-001835,area,5.18764008,-46.50321859,10,80,186,1,sar,8.9554,105.9429,-90.0,6.6736,72.2737,0.375536,auto,0,120,20.0,119.7105,105.1155,284.4494,0.95
train_002949,Train-Target-002949,point,-27.51288632,-89.45713551,2,50,124,1,optical,8.1289,14.5060,8.0,7.5982,55.2958,0.416185,simultaneous,2,120,5.0,,,,
train_001679,Train-Target-001679,area,6.35065567,-161.86792021,4,129,239,1,sar,11.2308,39.5704,-90.0,6.4545,26.7933,0.271719,auto,0,120,20.0,278.3797,155.8054,60.7349,0.95
train_000734,Train-Target-000734,point,-31.35533994,46.83334205,5,17,165,1,optical,3.1568,19.5100,8.0,6.0391,53.2157,0.427954,sequential,2,120,5.0,,,,
train_000638,Train-Target-000638,area,-43.59457068,-22.35864536,6,15,168,1,optical,8.0853,61.9516,8.0,8.0916,36.1498,0.245923,auto,0,120,20.0,167.0179,255.5371,288.2933,0.95
train_002465,Train-Target-002465,area,-7.59649120,-49.94538993,9,123,228,1,optical,3.8310,28.9214,8.0,6.0952,36.7844,0.369547,auto,0,120,20.0,19.9949,49.5638,121.5517,0.95
train_000680,Train-Target-000680,area,-5.66834610,-22.41848811,9,28,93,1,optical,9.7909,18.7492,8.0,4.9477,85.4974,0.407112,auto,0,120,20.0,34.6503,29.4381,267.4094,0.95
train_002895,Train-Target-002895,area,-25.89200788,36.97918331,6,8,122,1,optical,6.5783,22.9937,8.0,7.6127,43.7453,0.398194,auto,0,120,20.0,69.9332,104.4352,104.4970,0.95
train_002621,Train-Target-002621,area,48.08845929,62.73518080,8,75,177,1,optical,2.0368,49.0777,8.0,6.6755,89.5533,0.259405,auto,0,120,20.0,27.8836,28.1078,5.4580,0.95
train_002396,Train-Target-002396,area,-22.45465338,174.19261883,6,53,122,1,optical,8.7742,59.1904,8.0,6.0919,64.0147,0.358376,auto,0,120,20.0,25.8450,45.7646,198.9619,0.95
train_002804,Train-Target-002804,area,-20.83254516,6.75158686,2,56,180,1,sar,12.6824,96.5562,-90.0,5.1980,33.9394,0.222781,auto,0,120,20.0,259.6036,237.8168,167.4971,0.95
train_002584,Train-Target-002584,area,-28.98063823,-22.75641340,3,121,214,1,sar,20.6860,68.3850,-90.0,6.3569,24.4827,0.325791,auto,0,120,20.0,18.8351,32.6548,112.4948,0.95
train_000400,Train-Target-000400,area,49.37788226,76.31904708,8,171,212,1,optical,2.7130,17.6783,8.0,7.6864,61.5632,0.387997,auto,0,120,20.0,33.1365,37.6569,195.5718,0.95
train_001718,Train-Target-001718,area,-15.65067869,109.14501139,9,109,228,1,optical,9.6450,57.7055,8.0,7.2343,31.0957,0.330493,auto,0,120,20.0,247.0280,193.8805,146.0116,0.95
train_003008,Train-Target-003008,area,-16.89313551,126.85681295,3,19,78,1,sar,10.8496,108.9943,-90.0,7.2729,67.5358,0.445684,auto,0,120,20.0,148.0294,141.9186,155.5076,0.95
train_002853,Train-Target-002853,point,-2.56343641,157.01838504,1,68,213,1,sar,8.0244,52.2980,-90.0,4.6687,20.4786,0.248961,single,1,120,5.0,,,,
train_001719,Train-Target-001719,area,-14.47369416,-143.86384053,1,16,162,1,optical,9.9988,63.2176,8.0,6.4981,75.9247,0.280374,auto,0,120,20.0,292.0892,210.8482,131.6587,0.95
train_002658,Train-Target-002658,area,-28.00768699,134.81327612,2,83,199,1,sar,10.3915,107.6805,-90.0,5.7387,28.9725,0.191923,auto,0,120,20.0,283.3550,247.4153,146.9516,0.95
train_001395,Train-Target-001395,point,44.33777681,129.07947384,3,8,161,1,sar,11.1036,25.7130,-90.0,6.7305,23.6580,0.314263,single,1,120,5.0,,,,
train_001620,Train-Target-001620,area,-8.74046225,-157.06202710,1,50,198,1,optical,7.5764,37.2422,8.0,6.8942,72.3584,0.372588,auto,0,120,20.0,215.5108,232.1522,115.1420,0.95
train_000155,Train-Target-000155,area,-5.57688984,48.87469831,7,113,237,1,optical,6.6979,61.2799,8.0,7.1830,21.8718,0.315878,auto,0,120,20.0,73.7223,94.9251,227.9550,0.95
train_000657,Train-Target-000657,point,22.84896542,75.16279225,1,51,159,1,optical,7.0509,36.3380,8.0,5.8600,24.5343,0.261454,single,1,120,5.0,,,,
train_000397,Train-Target-000397,area,7.30685798,49.80788529,8,2,113,1,optical,7.8645,45.4047,8.0,6.2026,26.5057,0.407790,auto,0,120,20.0,25.7848,33.8934,152.0594,0.95
train_000633,Train-Target-000633,area,-1.14211730,-27.90001364,8,114,176,1,optical,2.2582,55.8532,8.0,6.1194,60.5442,0.351849,auto,0,120,20.0,197.0620,180.5978,281.5756,0.95
train_001828,Train-Target-001828,area,67.97207871,-127.72269202,4,82,131,1,optical,3.1768,18.5092,8.0,7.4841,57.3708,0.389038,auto,0,120,20.0,50.2821,78.7862,132.4841,0.95
train_003072,Train-Target-003072,area,46.21740881,159.60766839,3,100,198,1,infrared,22.1394,75.1749,-90.0,5.5109,41.4639,0.353537,auto,0,120,20.0,189.4201,263.4322,110.8709,0.95
train_001509,Train-Target-001509,area,44.36264467,-119.76768532,10,64,164,1,optical,9.3590,60.0635,8.0,7.4005,52.9004,0.200779,auto,0,120,20.0,293.4977,254.2158,12.0861,0.95
train_002453,Train-Target-002453,area,41.22465391,53.40980744,7,69,222,1,infrared,38.5169,128.5470,-90.0,4.8948,55.9243,0.377937,auto,0,120,20.0,295.9580,188.6562,1.7023,0.95
train_000538,Train-Target-000538,point,40.05769001,28.69360677,5,27,97,1,optical,5.8246,54.7219,8.0,6.2326,55.5356,0.267653,simultaneous,2,120,5.0,,,,
train_001934,Train-Target-001934,point,22.21789857,80.08088140,8,92,180,1,optical,6.1388,38.6277,8.0,5.6294,71.8552,0.186389,single,1,120,5.0,,,,
train_001222,Train-Target-001222,area,-40.99747785,-123.31119345,1,36,98,1,infrared,38.3716,107.9484,-90.0,6.0817,42.5892,0.449120,auto,0,120,20.0,12.9226,22.7285,292.3770,0.95
train_000246,Train-Target-000246,point,6.21790748,-115.08545123,1,68,151,1,optical,8.0435,59.5100,8.0,7.0531,21.6203,0.231127,single,1,120,5.0,,,,
train_001213,Train-Target-001213,area,-61.69716098,85.54949928,5,61,123,1,optical,7.4072,27.0492,8.0,6.4781,56.8111,0.441095,auto,0,120,20.0,16.4680,37.5349,159.8468,0.95
train_001448,Train-Target-001448,area,-31.00059322,-89.98471731,4,7,161,1,sar,15.2307,46.8433,-90.0,6.4329,86.2544,0.230910,auto,0,120,20.0,280.6564,281.4009,36.4348,0.95
train_002442,Train-Target-002442,area,33.36701954,-161.89420280,5,72,154,1,sar,10.7746,93.9322,-90.0,5.2912,24.9886,0.334372,auto,0,120,20.0,35.9643,41.3863,205.3036,0.95
train_002730,Train-Target-002730,area,75.57620865,-22.41428157,3,48,93,1,sar,11.9416,96.8792,-90.0,6.6631,62.2887,0.259968,auto,0,120,20.0,170.5545,223.0603,38.9642,0.95
train_002110,Train-Target-002110,point,25.66116821,1.86725809,7,6,154,1,optical,6.9127,25.8355,8.0,5.6971,32.1133,0.303897,single,1,120,5.0,,,,
train_000851,Train-Target-000851,point,34.05718388,33.40108107,7,3,120,1,infrared,33.7764,142.8260,-90.0,4.8533,32.6114,0.238837,single,1,120,5.0,,,,
train_000431,Train-Target-000431,area,38.09263044,-21.21441152,9,17,174,1,optical,9.6346,50.3171,8.0,6.9647,87.7457,0.247367,auto,0,120,20.0,48.6168,12.3832,357.6427,0.95
train_001414,Train-Target-001414,area,12.90410636,111.17791853,2,48,188,1,optical,9.1069,33.7709,8.0,7.9605,78.7908,0.360184,auto,0,120,20.0,238.4910,214.2978,312.1895,0.95
train_001458,Train-Target-001458,area,43.27931964,9.88627451,10,121,222,1,sar,12.0811,51.1800,-90.0,6.8596,21.3171,0.252409,auto,0,120,20.0,44.4091,47.1580,102.8363,0.95
train_002362,Train-Target-002362,point,-27.97846357,87.53355175,7,54,196,1,optical,5.6541,27.7541,8.0,7.3009,85.3662,0.261718,single,1,120,5.0,,,,
train_000687,Train-Target-000687,point,43.06826712,46.41773236,3,17,98,1,sar,20.1619,101.5656,-90.0,5.4235,31.2262,0.424916,single,1,120,5.0,,,,
train_001382,Train-Target-001382,area,-32.14956151,-107.11266912,3,8,70,1,sar,9.1041,48.2476,-90.0,7.6030,33.2802,0.210946,auto,0,120,20.0,216.6830,232.4559,75.4619,0.95
train_001468,Train-Target-001468,area,-61.87543746,-20.87462382,4,80,183,1,optical,9.0835,50.9171,8.0,5.2623,83.7584,0.272812,auto,0,120,20.0,247.1389,241.0232,71.9336,0.95
train_000363,Train-Target-000363,area,14.09597400,20.63293063,5,128,195,1,optical,7.0333,50.4055,8.0,5.9855,48.4226,0.374489,auto,0,120,20.0,24.9370,28.4056,346.8097,0.95
train_002700,Train-Target-002700,area,-32.17040884,84.55822252,7,105,228,1,optical,2.0971,17.8318,8.0,4.6970,26.9955,0.190802,auto,0,120,20.0,65.5222,129.5507,14.4504,0.95
train_000096,Train-Target-000096,point,-79.84836847,83.11075735,4,1,96,1,sar,16.0280,74.1649,-90.0,6.6196,75.4029,0.422837,sequential,2,120,5.0,,,,
train_002494,Train-Target-002494,area,-27.23124472,112.21431783,6,53,118,1,optical,4.5492,58.9467,8.0,7.4998,61.9633,0.287820,auto,0,120,20.0,92.5024,68.7943,275.4635,0.95
train_001302,Train-Target-001302,point,-73.09367855,86.29074240,5,122,213,1,infrared,18.8305,75.9052,-90.0,8.0608,59.8210,0.310642,single,1,120,5.0,,,,
train_002215,Train-Target-002215,point,-11.40318846,-124.07272913,2,66,223,1,sar,13.9486,73.2605,-90.0,8.2807,54.6680,0.363530,single,1,120,5.0,,,,
train_001612,Train-Target-001612,area,21.73416851,72.51514183,4,180,234,1,infrared,34.2062,47.1387,-90.0,5.5904,73.2963,0.408023,auto,0,120,20.0,65.0989,83.7655,118.0612,0.95
train_002367,Train-Target-002367,area,-34.53032286,-155.39081059,4,26,142,1,sar,20.8912,42.7592,-90.0,5.5366,71.2093,0.190648,auto,0,120,20.0,150.9396,271.5294,100.9162,0.95
train_002681,Train-Target-002681,point,22.43731934,177.40187020,1,114,229,1,sar,10.9650,99.9148,-90.0,5.5401,25.5265,0.316056,single,1,120,5.0,,,,
train_000704,Train-Target-000704,area,-12.90359817,-162.39033778,8,26,148,1,optical,4.4418,11.0431,8.0,6.9963,23.2455,0.413038,auto,0,120,20.0,87.1671,133.0407,296.6492,0.95
train_001623,Train-Target-001623,area,-47.29250411,161.86658788,1,10,131,1,optical,2.4132,33.3741,8.0,4.7086,60.3630,0.213336,auto,0,120,20.0,32.3816,27.5403,318.4956,0.95
train_000480,Train-Target-000480,area,-16.89564155,-49.78043817,9,158,217,1,sar,17.5977,38.8076,-90.0,4.7884,42.9792,0.388335,auto,0,120,20.0,138.8155,114.6889,134.9891,0.95
train_000635,Train-Target-000635,area,55.63764405,68.57547059,8,43,162,1,sar,18.6592,63.9683,-90.0,7.1924,22.8657,0.236938,auto,0,120,20.0,14.1059,31.1310,329.2799,0.95
train_003018,Train-Target-003018,area,-73.95856546,21.00898447,6,82,214,1,sar,21.9015,77.6572,-90.0,5.3581,81.9751,0.181836,auto,0,120,20.0,15.6896,25.1684,110.4628,0.95
train_001104,Train-Target-001104,area,41.04696214,103.06141064,6,23,90,1,optical,4.9086,49.2852,8.0,4.8987,64.8044,0.341607,auto,0,120,20.0,169.1969,258.6773,207.8338,0.95
train_001943,Train-Target-001943,area,75.99313352,21.83724406,4,32,87,1,optical,8.0952,28.4225,8.0,5.2584,44.9781,0.206643,auto,0,120,20.0,69.3045,92.6432,216.0269,0.95
train_001109,Train-Target-001109,area,-23.00685119,-50.98656366,7,35,95,1,optical,9.7026,56.2809,8.0,4.8220,45.9811,0.362554,auto,0,120,20.0,204.0921,270.2548,42.7698,0.95
train_000944,Train-Target-000944,point,-30.97232358,151.47628670,3,88,236,1,infrared,35.9453,106.2164,-90.0,8.2402,30.5016,0.372158,sequential,2,120,5.0,,,,
train_000840,Train-Target-000840,area,-73.95961379,-113.71860723,2,31,101,1,sar,21.7996,81.9364,-90.0,5.5879,78.7092,0.376076,auto,0,120,20.0,55.9624,50.3869,348.1792,0.95
train_002824,Train-Target-002824,area,-4.47024609,125.04494784,3,8,155,1,optical,5.0969,58.3882,8.0,8.3319,24.8459,0.260196,auto,0,120,20.0,278.7975,249.2560,311.5867,0.95
train_001374,Train-Target-001374,area,-31.72387310,45.20086411,6,62,167,1,optical,6.5564,36.2344,8.0,8.2572,57.0696,0.377476,auto,0,120,20.0,158.7840,192.0278,155.4337,0.95
train_000545,Train-Target-000545,area,-59.23307319,151.23938766,1,151,210,1,optical,5.1724,32.9513,8.0,8.1465,52.6838,0.342464,auto,0,120,20.0,271.0924,190.0809,198.6411,0.95
train_001398,Train-Target-001398,point,1.66913775,60.64941414,6,31,167,1,optical,6.5364,13.4902,8.0,5.8135,81.5941,0.203008,sequential,2,120,5.0,,,,
train_002310,Train-Target-002310,area,26.38922613,89.95940766,8,23,118,1,optical,8.3062,63.3744,8.0,5.3685,24.3087,0.375841,auto,0,120,20.0,22.5434,44.8500,79.7259,0.95
train_002015,Train-Target-002015,area,-11.85464534,37.31976800,7,59,214,1,optical,5.7825,22.2289,8.0,5.4644,31.2953,0.268175,auto,0,120,20.0,108.0723,132.4145,100.6781,0.95
train_001403,Train-Target-001403,area,-10.00713091,24.19915680,3,136,217,1,optical,8.2440,20.1316,8.0,5.2368,30.1430,0.447471,auto,0,120,20.0,234.7884,287.9254,241.5740,0.95
train_002170,Train-Target-002170,point,17.26802287,1.17700022,4,76,162,1,optical,3.5615,47.9282,8.0,4.5451,60.9365,0.190815,single,1,120,5.0,,,,
train_002900,Train-Target-002900,area,-14.19846917,-11.15176971,3,65,205,1,optical,4.2142,28.1276,8.0,5.6167,61.1621,0.279301,auto,0,120,20.0,64.0694,67.3173,212.1757,0.95
train_002777,Train-Target-002777,area,39.50140179,124.46211994,4,127,180,1,optical,4.4048,62.5352,8.0,7.2177,59.5837,0.233913,auto,0,120,20.0,23.5569,28.7086,355.4284,0.95
train_001344,Train-Target-001344,point,47.71830418,45.96443474,7,125,165,1,sar,10.9069,55.6524,-90.0,6.1282,23.1780,0.206420,sequential,2,120,5.0,,,,
train_001528,Train-Target-001528,area,41.87315478,-157.25924799,8,53,174,1,sar,15.9871,75.5224,-90.0,6.9592,58.3455,0.293272,auto,0,120,20.0,29.2457,30.0372,206.6651,0.95
train_001534,Train-Target-001534,area,-12.15412002,72.32063569,3,56,131,1,optical,3.9292,50.5188,8.0,7.7337,25.8375,0.390971,auto,0,120,20.0,129.4132,94.7611,152.5410,0.95
train_001126,Train-Target-001126,area,-16.86289422,47.18383636,10,17,156,1,optical,6.7696,57.0600,8.0,5.0789,56.3314,0.348216,auto,0,120,20.0,14.6111,26.4080,48.3218,0.95
train_001976,Train-Target-001976,area,21.90472059,172.11095522,7,32,153,1,optical,5.5068,31.0520,8.0,6.7464,67.2148,0.205707,auto,0,120,20.0,193.5484,167.7967,156.1072,0.95
train_002670,Train-Target-002670,area,-6.26416456,-70.48007515,1,170,223,1,optical,3.6983,29.2122,8.0,6.9899,72.8310,0.348020,auto,0,120,20.0,121.0238,70.0071,145.0164,0.95
train_000088,Train-Target-000088,area,55.14337235,51.25248960,5,123,205,1,sar,18.2244,94.2722,-90.0,4.6766,80.7997,0.189102,auto,0,120,20.0,270.4273,283.7371,81.0169,0.95
train_001924,Train-Target-001924,area,43.11967417,-49.18042116,3,27,178,1,optical,2.0114,44.2228,8.0,5.0146,88.8466,0.317874,auto,0,120,20.0,119.4737,84.7729,75.1599,0.95
train_002460,Train-Target-002460,area,44.69595312,-170.24810683,9,43,118,1,sar,13.6000,60.0169,-90.0,6.9862,59.2101,0.337695,auto,0,120,20.0,33.4388,20.9103,347.4481,0.95
train_002093,Train-Target-002093,area,-25.58556421,-178.45124287,2,111,193,1,optical,6.5314,26.4919,8.0,6.5951,39.2965,0.298165,auto,0,120,20.0,127.7813,70.2055,227.0747,0.95
train_001874,Train-Target-001874,area,-40.21059368,-178.11871149,6,10,125,1,optical,6.3016,59.4830,8.0,4.6227,46.2204,0.390834,auto,0,120,20.0,70.1520,80.2403,9.9549,0.95
train_002119,Train-Target-002119,area,25.03977799,143.70944759,10,105,198,1,optical,8.3652,46.9139,8.0,7.4908,58.8938,0.220694,auto,0,120,20.0,100.1575,139.5109,0.7656,0.95
train_001305,Train-Target-001305,area,24.71199490,84.19970411,8,27,84,1,optical,9.6405,54.1974,8.0,5.1477,50.2337,0.425257,auto,0,120,20.0,21.0394,14.9248,109.8543,0.95
train_002872,Train-Target-002872,area,-27.00769617,164.08923831,1,130,238,1,optical,3.1495,11.9867,8.0,5.5442,82.7368,0.351221,auto,0,120,20.0,52.6215,110.5258,306.8346,0.95
train_001252,Train-Target-001252,area,-13.93909311,103.92312336,9,72,141,1,infrared,19.3006,73.0415,-90.0,8.3716,70.7298,0.225591,auto,0,120,20.0,23.8932,48.6803,136.9436,0.95
train_000041,Train-Target-000041,area,72.51124758,-0.63170801,10,125,218,1,sar,19.5054,29.9295,-90.0,6.8979,65.2779,0.425139,auto,0,120,20.0,40.1010,20.6933,323.4661,0.95
train_000016,Train-Target-000016,point,-31.84825966,168.75147361,3,29,171,1,optical,9.4528,34.2954,8.0,4.9802,65.8863,0.442421,single,1,120,5.0,,,,
train_002047,Train-Target-002047,point,-33.29554288,-160.55396784,9,139,220,1,optical,4.3883,45.4686,8.0,4.9875,27.8586,0.393776,single,1,120,5.0,,,,
train_002029,Train-Target-002029,area,-17.95918971,-112.92684664,5,92,145,1,optical,7.5262,16.5295,8.0,7.0019,72.9393,0.381996,auto,0,120,20.0,173.3649,290.8613,124.7056,0.95
train_000082,Train-Target-000082,area,1.86500546,-80.74499496,4,29,149,1,infrared,37.1490,72.3454,-90.0,8.3008,66.9736,0.215555,auto,0,120,20.0,251.5956,287.6158,291.6154,0.95
train_001977,Train-Target-001977,area,14.59992185,-137.27847343,6,38,107,1,infrared,27.6376,52.1158,-90.0,7.0858,30.2838,0.215982,auto,0,120,20.0,42.5273,15.1038,359.0410,0.95
train_003019,Train-Target-003019,point,-37.36893320,93.65856640,6,77,204,1,infrared,31.9857,46.2392,-90.0,7.4492,21.7936,0.429099,single,1,120,5.0,,,,
train_001709,Train-Target-001709,area,39.78747361,-38.11112618,1,50,127,1,optical,9.5233,44.4597,8.0,7.2244,60.6831,0.390036,auto,0,120,20.0,130.8524,72.6590,172.9441,0.95
train_000203,Train-Target-000203,point,1.06418655,119.86622008,2,47,93,1,optical,2.2278,50.1541,8.0,5.9027,60.3303,0.322711,single,1,120,5.0,,,,
train_000037,Train-Target-000037,area,-74.09413803,133.09190651,9,109,180,1,sar,9.4466,83.8347,-90.0,5.2009,71.9162,0.343113,auto,0,120,20.0,60.8131,118.5337,244.4787,0.95
train_000833,Train-Target-000833,point,25.96787321,-92.57205913,10,61,220,1,optical,5.6256,17.4437,8.0,6.3295,57.0906,0.425325,sequential,2,120,5.0,,,,
train_001221,Train-Target-001221,area,-44.00129685,-170.55224038,5,133,225,1,optical,9.5169,31.0254,8.0,6.6668,55.3611,0.324610,auto,0,120,20.0,59.4805,125.5227,163.0523,0.95
train_001102,Train-Target-001102,point,5.54750755,-62.12067048,6,8,117,1,optical,9.0358,34.6815,8.0,5.4390,61.9385,0.442117,single,1,120,5.0,,,,
train_002448,Train-Target-002448,area,4.37673381,-149.10709227,8,68,218,1,sar,8.9730,26.4117,-90.0,7.6992,39.7293,0.223626,auto,0,120,20.0,69.3856,131.9454,263.6132,0.95
train_001478,Train-Target-001478,point,-26.84308415,89.07506264,9,25,116,1,optical,9.8040,23.7890,8.0,6.0092,27.4529,0.195433,sequential,2,120,5.0,,,,
train_001454,Train-Target-001454,area,-49.34393804,-137.50549807,1,65,176,1,infrared,29.0449,127.3441,-90.0,6.8077,30.0495,0.258235,auto,0,120,20.0,276.8164,211.1690,96.8540,0.95
train_000603,Train-Target-000603,area,77.56127317,-60.97728185,10,58,216,1,optical,8.3166,23.2755,8.0,5.7915,70.1725,0.219622,auto,0,120,20.0,43.2111,13.6085,57.6160,0.95
train_000559,Train-Target-000559,area,70.78275465,-140.47597871,10,114,227,1,optical,8.7884,19.3723,8.0,5.0451,45.4502,0.269316,auto,0,120,20.0,64.0167,123.2988,92.2752,0.95
train_000229,Train-Target-000229,area,8.32242865,9.92734806,1,42,93,1,optical,5.2088,54.2731,8.0,6.5213,89.2956,0.439665,auto,0,120,20.0,158.4290,169.2813,12.5247,0.95
train_000464,Train-Target-000464,area,-34.35751539,144.56557945,1,87,157,1,sar,10.5607,30.4891,-90.0,6.1756,78.0517,0.293365,auto,0,120,20.0,81.2934,104.0173,128.8231,0.95
train_001825,Train-Target-001825,area,25.36212900,165.91779255,6,85,193,1,optical,6.6324,63.2632,8.0,5.0967,30.0482,0.240166,auto,0,120,20.0,127.2201,111.0347,133.6508,0.95
train_000323,Train-Target-000323,point,14.68737415,-43.96392244,3,108,224,1,optical,2.9037,53.0147,8.0,8.3329,47.9499,0.337112,single,1,120,5.0,,,,
train_003058,Train-Target-003058,area,-17.71862129,119.40696301,2,25,166,1,optical,4.8568,43.5049,8.0,4.6907,33.3849,0.265563,auto,0,120,20.0,212.3362,175.5419,204.2029,0.95
train_000370,Train-Target-000370,area,-61.56944518,143.29290157,10,87,155,1,optical,2.3922,58.7416,8.0,4.7755,85.0187,0.338735,auto,0,120,20.0,15.0007,46.8451,91.5824,0.95
train_000880,Train-Target-000880,area,15.45782264,39.13702288,2,45,124,1,optical,8.0027,62.0824,8.0,7.0103,41.3957,0.253867,auto,0,120,20.0,30.1340,36.9485,29.6933,0.95
train_000816,Train-Target-000816,area,65.09777646,-9.70773796,3,106,206,1,optical,4.7313,11.1835,8.0,7.0135,74.3511,0.430519,auto,0,120,20.0,41.4634,30.8523,257.2371,0.95
train_000220,Train-Target-000220,area,37.72651002,-22.10500549,9,137,184,1,optical,5.3809,31.1553,8.0,8.1917,47.1773,0.234326,auto,0,120,20.0,69.8511,122.9562,345.7443,0.95
train_002413,Train-Target-002413,area,12.76153848,-0.68705488,9,26,131,1,optical,8.2965,43.7763,8.0,4.8556,74.0037,0.415548,auto,0,120,20.0,175.6609,223.1877,118.2842,0.95
train_002842,Train-Target-002842,area,24.93826929,22.05153012,9,35,186,1,optical,4.6942,10.2822,8.0,5.7110,78.4617,0.188566,auto,0,120,20.0,89.2097,104.0860,42.1834,0.95
train_001853,Train-Target-001853,area,5.99693554,-170.25545435,8,20,167,1,optical,9.1579,17.0391,8.0,5.2104,28.4645,0.354941,auto,0,120,20.0,97.2364,63.6676,317.1328,0.95
train_002005,Train-Target-002005,area,-48.20316008,-45.97009100,10,12,113,1,optical,6.6220,41.6202,8.0,6.6865,62.1356,0.205438,auto,0,120,20.0,220.2165,206.2344,321.3118,0.95
train_001552,Train-Target-001552,area,73.01936343,175.88546047,4,69,198,1,optical,2.9520,28.3395,8.0,4.6315,73.0298,0.258142,auto,0,120,20.0,295.7073,194.8549,104.7253,0.95
train_000912,Train-Target-000912,area,-35.24648859,-102.24114213,9,60,134,1,infrared,35.4277,63.6369,-90.0,5.8253,67.5023,0.187062,auto,0,120,20.0,27.6810,35.0605,325.4708,0.95
train_000798,Train-Target-000798,area,80.77451157,-71.71863619,1,122,212,1,optical,2.3333,45.5293,8.0,5.0243,61.1520,0.196467,auto,0,120,20.0,84.5015,114.3090,131.3163,0.95
train_003043,Train-Target-003043,area,51.61960379,-66.34206155,2,86,224,1,optical,5.0766,61.9593,8.0,6.1963,33.9696,0.401838,auto,0,120,20.0,188.1041,272.0121,111.6994,0.95
train_001237,Train-Target-001237,area,7.50295181,-135.94719750,3,181,232,1,optical,7.4908,61.8013,8.0,7.8872,34.5952,0.208642,auto,0,120,20.0,155.9293,197.0243,188.5662,0.95
train_002081,Train-Target-002081,point,-4.92452596,-177.22690238,9,35,179,1,sar,16.8440,69.6344,-90.0,4.6169,60.9517,0.247577,single,1,120,5.0,,,,
train_002251,Train-Target-002251,point,75.40806462,171.04905054,5,165,233,1,sar,12.5599,92.0014,-90.0,6.2725,53.4334,0.388505,single,1,120,5.0,,,,
train_001674,Train-Target-001674,area,-14.44727805,-152.56976396,8,37,169,1,optical,9.1122,59.0076,8.0,5.5275,46.1960,0.200215,auto,0,120,20.0,284.8356,240.0044,356.9646,0.95
train_002880,Train-Target-002880,area,20.71833242,35.98253200,5,9,144,1,optical,2.6552,12.4825,8.0,6.0990,58.6802,0.222302,auto,0,120,20.0,73.8735,78.1679,341.3191,0.95
train_001450,Train-Target-001450,area,-16.02237768,4.37105010,9,43,86,1,sar,21.2575,93.7120,-90.0,7.9930,88.8882,0.246711,auto,0,120,20.0,137.8627,79.0238,354.5901,0.95
train_002446,Train-Target-002446,area,4.18371137,98.96634168,1,45,149,1,optical,5.7305,11.9380,8.0,7.5193,43.3141,0.432243,auto,0,120,20.0,83.3529,52.7627,175.5467,0.95
train_000969,Train-Target-000969,area,-17.17265172,-173.29171966,8,71,155,1,infrared,28.6040,137.1916,-90.0,5.3761,52.8713,0.192882,auto,0,120,20.0,72.1213,121.9798,124.9630,0.95
train_001563,Train-Target-001563,point,74.38008894,-123.17995409,9,58,145,1,sar,9.2407,27.3351,-90.0,7.2277,36.7031,0.228521,single,1,120,5.0,,,,
train_000140,Train-Target-000140,area,-52.79258427,-163.89757483,1,84,162,1,infrared,39.4070,100.5444,-90.0,6.3672,80.9189,0.297646,auto,0,120,20.0,154.2303,229.8253,198.8912,0.95
train_001941,Train-Target-001941,area,45.08147822,105.03803158,6,68,213,1,sar,11.4966,41.0056,-90.0,6.5538,89.4625,0.289353,auto,0,120,20.0,35.3262,40.8799,347.3174,0.95
train_000237,Train-Target-000237,area,5.08796904,154.39451093,3,39,167,1,optical,3.3764,42.5019,8.0,5.3798,41.6958,0.222969,auto,0,120,20.0,45.4073,12.6724,7.6807,0.95
train_000712,Train-Target-000712,area,34.77249785,-77.39887459,4,97,213,1,infrared,23.3047,46.3036,-90.0,8.2081,23.9465,0.226188,auto,0,120,20.0,119.2777,100.5052,66.9712,0.95
train_002477,Train-Target-002477,area,-3.96211700,132.61191112,2,64,208,1,optical,2.1192,36.1185,8.0,6.6652,85.2976,0.303764,auto,0,120,20.0,117.5727,92.2874,224.0212,0.95
train_001487,Train-Target-001487,area,38.30212721,150.08000098,6,91,217,1,sar,16.4056,43.3689,-90.0,4.5826,37.3540,0.259212,auto,0,120,20.0,248.6806,217.1240,53.5219,0.95
train_001915,Train-Target-001915,area,-37.65226934,-20.28797248,6,136,239,1,optical,6.9402,37.1054,8.0,5.2312,78.3233,0.439209,auto,0,120,20.0,183.8742,290.0976,203.1533,0.95
train_001400,Train-Target-001400,area,21.21484566,-7.89072666,8,18,151,1,optical,2.3776,59.2697,8.0,5.1685,77.7118,0.306304,auto,0,120,20.0,40.9212,19.0123,329.8172,0.95
train_000652,Train-Target-000652,area,-34.43880956,119.16164565,7,66,176,1,optical,3.8431,44.6294,8.0,5.7075,88.5334,0.238623,auto,0,120,20.0,52.3409,90.1918,295.3095,0.95
train_000789,Train-Target-000789,point,-7.75626228,151.85707514,5,54,100,1,optical,4.1984,45.0162,8.0,6.0378,49.8177,0.294883,single,1,120,5.0,,,,
train_002593,Train-Target-002593,area,-68.23457814,-114.74554190,3,148,212,1,sar,20.9417,85.6272,-90.0,7.5704,64.9183,0.425878,auto,0,120,20.0,271.3449,214.0685,240.8061,0.95
train_002014,Train-Target-002014,area,-22.78745485,153.01575623,6,91,230,1,optical,2.9695,10.7412,8.0,4.9087,30.3458,0.249308,auto,0,120,20.0,107.2918,77.3594,217.5183,0.95
train_003057,Train-Target-003057,area,40.56072059,153.45286028,6,121,220,1,optical,9.7659,61.7169,8.0,5.0323,55.7479,0.245693,auto,0,120,20.0,264.5264,153.0936,24.7928,0.95
train_002756,Train-Target-002756,area,5.69496825,73.99290022,2,109,234,1,optical,4.5336,53.2237,8.0,8.1512,30.6207,0.196953,auto,0,120,20.0,105.1733,57.6996,213.1432,0.95
train_002013,Train-Target-002013,area,-34.03867163,104.85231800,2,62,205,1,sar,18.8735,72.1391,-90.0,6.4442,71.6835,0.420387,auto,0,120,20.0,89.9237,128.2737,196.1656,0.95
train_000171,Train-Target-000171,area,63.38826889,19.60071508,1,22,114,1,optical,4.9220,36.0976,8.0,5.9145,58.2675,0.415884,auto,0,120,20.0,49.7616,47.1187,195.6581,0.95
train_002697,Train-Target-002697,point,38.08428207,-171.13138491,9,42,190,1,optical,8.8633,24.6425,8.0,4.8253,31.7568,0.403004,single,1,120,5.0,,,,
train_001789,Train-Target-001789,point,-26.17494794,55.53550567,7,5,115,1,optical,3.7109,51.5274,8.0,5.9060,24.9445,0.181255,single,1,120,5.0,,,,
train_000842,Train-Target-000842,area,69.85983164,148.06196123,2,32,139,1,optical,5.5638,46.5255,8.0,7.1336,59.0258,0.356340,auto,0,120,20.0,196.3982,151.3429,345.2439,0.95
train_000350,Train-Target-000350,area,-6.18822952,-13.63104588,3,2,78,1,optical,9.0302,55.7396,8.0,7.9500,43.5235,0.360895,auto,0,120,20.0,93.0268,109.2469,209.8253,0.95
train_000763,Train-Target-000763,area,-56.65000208,143.73529555,6,30,91,1,sar,16.1435,25.3214,-90.0,4.6725,32.2607,0.398816,auto,0,120,20.0,103.7398,84.2302,358.7476,0.95
train_000148,Train-Target-000148,point,82.79538696,130.81729319,4,101,154,1,infrared,38.6032,102.0493,-90.0,8.2747,33.7662,0.427422,sequential,2,120,5.0,,,,
train_002662,Train-Target-002662,area,-12.11364561,127.06286964,8,8,161,1,sar,10.9257,25.9238,-90.0,8.1715,57.2485,0.449869,auto,0,120,20.0,135.8640,65.2532,58.2432,0.95
train_001233,Train-Target-001233,area,0.23736764,-5.44961166,8,110,189,1,sar,12.7222,58.3328,-90.0,6.9323,69.5714,0.432949,auto,0,120,20.0,68.2171,71.2694,7.1302,0.95
train_002572,Train-Target-002572,point,46.56140882,-143.68567170,2,111,229,1,optical,7.9169,13.1509,8.0,4.6990,69.3240,0.342693,single,1,120,5.0,,,,
train_000099,Train-Target-000099,area,-66.58000934,-83.13747923,9,31,137,1,infrared,31.6380,65.7047,-90.0,4.7306,82.0056,0.342053,auto,0,120,20.0,41.1412,24.3094,189.5062,0.95
train_002045,Train-Target-002045,point,33.58968570,132.35275331,8,27,175,1,optical,9.0931,53.1480,8.0,6.7515,53.0355,0.224930,simultaneous,2,120,5.0,,,,
train_001852,Train-Target-001852,area,-21.53552022,-170.68793243,1,84,186,1,optical,3.8005,41.1779,8.0,6.0721,33.0864,0.411046,auto,0,120,20.0,237.0363,253.3663,351.3994,0.95
train_002578,Train-Target-002578,area,-23.16378370,-83.72071583,9,89,228,1,optical,9.2045,23.2402,8.0,7.7612,80.2062,0.411254,auto,0,120,20.0,175.1972,268.8494,192.3663,0.95
train_001652,Train-Target-001652,point,18.83380573,-110.73756254,8,45,178,1,optical,8.3574,53.5501,8.0,4.9955,61.6805,0.394063,single,1,120,5.0,,,,
train_001354,Train-Target-001354,area,-53.43834006,-126.78110645,7,86,141,1,optical,3.2440,28.2016,8.0,4.8163,46.0827,0.402492,auto,0,120,20.0,124.3080,91.4117,224.3969,0.95
train_001838,Train-Target-001838,area,37.02024268,-113.22027726,1,95,201,1,optical,6.0587,46.6293,8.0,4.5427,41.4725,0.194857,auto,0,120,20.0,273.3252,275.2322,124.2690,0.95
train_000164,Train-Target-000164,area,46.49301943,-100.39601053,3,5,60,1,infrared,26.8897,85.7076,-90.0,8.0394,87.2287,0.424337,auto,0,120,20.0,24.9764,33.4761,58.0459,0.95
train_002247,Train-Target-002247,point,-0.42838685,-42.62272087,9,184,236,1,optical,5.1061,42.0771,8.0,6.5140,44.7072,0.381063,single,1,120,5.0,,,,
train_002660,Train-Target-002660,point,-76.23930886,-159.17905823,3,2,146,1,optical,2.2179,64.6226,8.0,6.9002,31.4424,0.376809,single,1,120,5.0,,,,
train_000366,Train-Target-000366,area,7.34629919,173.09324966,10,36,176,1,sar,15.5129,104.5997,-90.0,6.1297,70.0424,0.219383,auto,0,120,20.0,12.1149,38.2468,258.1959,0.95
train_000135,Train-Target-000135,area,24.85786104,-173.05326484,2,88,210,1,optical,2.8253,21.1423,8.0,7.2875,85.9564,0.437390,auto,0,120,20.0,85.1069,113.0583,257.6828,0.95
train_001336,Train-Target-001336,area,-26.21030693,-45.49528983,6,127,237,1,infrared,29.4009,116.4207,-90.0,6.3328,42.4527,0.419017,auto,0,120,20.0,106.0317,53.1014,113.5125,0.95
train_000948,Train-Target-000948,point,34.71733035,-147.92393403,2,104,158,1,optical,9.3892,19.0860,8.0,6.4468,36.8680,0.362383,sequential,2,120,5.0,,,,
train_002270,Train-Target-002270,point,-18.31056448,-179.23784863,7,129,171,1,sar,9.3653,58.2673,-90.0,6.5272,61.9264,0.260065,single,1,120,5.0,,,,
train_001131,Train-Target-001131,area,34.94310487,82.49647670,4,11,164,1,optical,7.2167,10.0630,8.0,7.8603,52.8220,0.349935,auto,0,120,20.0,114.2333,73.0951,273.8534,0.95
train_000047,Train-Target-000047,area,-46.26048389,-14.33099230,1,20,160,1,optical,9.1590,59.6696,8.0,5.1349,72.2528,0.273829,auto,0,120,20.0,41.7982,30.0968,10.0137,0.95
train_002570,Train-Target-002570,area,-10.87800399,-151.00474223,4,28,140,1,sar,15.1992,98.2122,-90.0,6.9359,43.2736,0.195340,auto,0,120,20.0,161.1258,192.1945,54.0912,0.95
train_002580,Train-Target-002580,area,-61.21378669,-6.01972277,6,57,99,1,optical,6.3931,50.7144,8.0,4.5899,65.9265,0.300914,auto,0,120,20.0,250.2196,140.8041,45.9329,0.95
train_003066,Train-Target-003066,area,-25.20489272,-137.50066574,1,75,178,1,sar,14.0906,41.4329,-90.0,4.9738,34.5074,0.224014,auto,0,120,20.0,229.7703,141.2673,78.8216,0.95
train_002085,Train-Target-002085,point,-15.17427718,145.49099806,10,15,172,1,optical,9.6194,28.5570,8.0,4.6074,64.0865,0.262116,simultaneous,2,120,5.0,,,,
train_001618,Train-Target-001618,area,32.04380073,-64.65638453,2,47,123,1,sar,21.4388,59.1837,-90.0,6.7829,68.3381,0.180187,auto,0,120,20.0,85.3442,68.3289,176.6053,0.95
train_002698,Train-Target-002698,point,-4.87552667,25.54064847,5,85,215,1,optical,6.3558,54.3891,8.0,5.8087,28.2395,0.444817,single,1,120,5.0,,,,
train_002717,Train-Target-002717,point,-27.76472517,-129.91621059,8,9,127,1,optical,9.6577,16.8614,8.0,7.9514,76.7121,0.271309,single,1,120,5.0,,,,
train_000285,Train-Target-000285,area,-49.54057958,-153.77199206,8,48,184,1,optical,4.8665,14.1765,8.0,6.3548,57.8686,0.193720,auto,0,120,20.0,57.2371,114.9837,204.4522,0.95
train_002682,Train-Target-002682,area,13.95779604,-87.98421628,9,63,192,1,optical,8.1056,54.1324,8.0,7.2231,28.9363,0.269429,auto,0,120,20.0,101.2370,96.7241,159.4666,0.95
train_001303,Train-Target-001303,area,13.28932954,160.84185399,10,88,213,1,optical,7.8107,56.1173,8.0,7.3832,73.9190,0.355382,auto,0,120,20.0,244.9415,258.4659,188.4299,0.95
train_000611,Train-Target-000611,area,75.50627281,-45.61877807,5,95,186,1,optical,4.3294,49.6645,8.0,5.8950,81.1244,0.347794,auto,0,120,20.0,269.0065,146.8167,282.8406,0.95
train_000525,Train-Target-000525,area,-1.20004334,100.06857299,1,30,145,1,optical,2.3847,55.6477,8.0,5.8374,58.6269,0.445175,auto,0,120,20.0,219.2580,182.9626,285.6083,0.95
train_000230,Train-Target-000230,area,-55.14835099,78.39527297,9,83,155,1,infrared,36.5122,97.2301,-90.0,7.9790,62.4527,0.189575,auto,0,120,20.0,61.4213,71.4793,19.3953,0.95
train_000355,Train-Target-000355,area,-22.04413827,108.25611032,2,7,119,1,optical,2.0943,56.6054,8.0,6.1889,21.4927,0.424048,auto,0,120,20.0,45.0084,46.2170,304.3612,0.95
train_000231,Train-Target-000231,area,14.84996009,136.77135696,7,35,159,1,optical,2.2763,39.8190,8.0,7.7601,21.1676,0.313255,auto,0,120,20.0,152.6163,211.3967,254.5331,0.95
train_000389,Train-Target-000389,area,-30.75737029,32.71418205,6,127,223,1,optical,4.9702,28.7019,8.0,7.9217,75.3683,0.442757,auto,0,120,20.0,64.3520,77.0909,142.1844,0.95
train_002221,Train-Target-002221,point,25.51373320,-36.25511446,9,19,61,1,sar,19.1249,55.1542,-90.0,4.8306,41.2345,0.218226,single,1,120,5.0,,,,
train_002309,Train-Target-002309,point,-57.31620915,62.54465585,7,100,222,1,optical,5.5291,40.8124,8.0,8.2140,34.6600,0.238954,single,1,120,5.0,,,,
train_001968,Train-Target-001968,point,5.95373350,51.22864718,1,22,110,1,infrared,25.2019,107.8247,-90.0,5.8508,31.5086,0.345286,sequential,2,120,5.0,,,,
train_000521,Train-Target-000521,area,-13.78416314,-138.72493206,3,41,116,1,optical,4.2106,27.0740,8.0,6.1121,29.4956,0.358139,auto,0,120,20.0,99.4300,131.1342,142.3924,0.95
train_001862,Train-Target-001862,area,66.97181884,-36.30623309,3,88,175,1,optical,7.4929,10.1457,8.0,6.2690,57.1391,0.439161,auto,0,120,20.0,164.6339,171.6610,280.9793,0.95
train_001867,Train-Target-001867,point,72.17052594,-11.15956324,10,55,133,1,infrared,35.8390,55.3061,-90.0,7.3976,77.3696,0.217177,single,1,120,5.0,,,,
train_002684,Train-Target-002684,point,45.13764937,-43.82129102,6,118,233,1,sar,10.2653,48.7515,-90.0,6.5495,28.3515,0.186742,single,1,120,5.0,,,,
train_000997,Train-Target-000997,point,-21.93707460,-176.80470743,3,103,180,1,optical,9.3176,55.3914,8.0,7.3712,64.9639,0.327593,sequential,2,120,5.0,,,,
train_000624,Train-Target-000624,area,-5.71523640,-72.56268907,2,72,230,1,optical,9.3362,35.4483,8.0,6.8982,35.7235,0.434895,auto,0,120,20.0,36.1705,49.7568,146.1275,0.95
train_001424,Train-Target-001424,area,26.81634853,66.13965303,8,77,160,1,sar,14.3707,48.0771,-90.0,6.2084,69.0913,0.294451,auto,0,120,20.0,12.2518,16.3790,334.9344,0.95
train_003037,Train-Target-003037,area,-16.68779980,158.24582201,3,22,159,1,optical,7.1987,41.6698,8.0,6.4565,22.9081,0.338073,auto,0,120,20.0,233.4452,157.8096,175.7417,0.95
train_002705,Train-Target-002705,point,-0.44922610,22.14924060,1,79,152,1,sar,12.6239,74.7766,-90.0,6.0215,70.2845,0.291471,single,1,120,5.0,,,,
train_003030,Train-Target-003030,area,-12.25486973,88.66088185,9,71,227,1,optical,8.4568,16.8907,8.0,5.9391,30.6556,0.223380,auto,0,120,20.0,114.8628,97.2973,214.5587,0.95
train_000270,Train-Target-000270,area,15.63418185,109.63927189,3,44,191,1,optical,9.7123,37.7908,8.0,4.7866,51.1147,0.367243,auto,0,120,20.0,131.0024,129.3551,258.4110,0.95
train_000908,Train-Target-000908,area,69.90618837,161.61938694,5,31,176,1,sar,18.6878,79.4003,-90.0,5.3648,57.6000,0.441480,auto,0,120,20.0,121.9852,101.8378,85.6853,0.95
train_000445,Train-Target-000445,area,1.94415117,118.96781828,8,166,229,1,optical,5.6952,20.5357,8.0,7.3780,79.5921,0.406031,auto,0,120,20.0,73.2192,79.8424,176.4513,0.95
train_000060,Train-Target-000060,area,-69.26033298,60.76685501,6,178,237,1,optical,5.2185,31.7024,8.0,6.8865,21.6610,0.249199,auto,0,120,20.0,227.4423,154.1150,359.1691,0.95
train_001762,Train-Target-001762,point,-77.79031999,59.34015606,2,34,93,1,optical,7.5559,57.8297,8.0,7.6725,29.1553,0.197290,sequential,2,120,5.0,,,,
train_000097,Train-Target-000097,point,34.19751637,161.40703337,2,29,103,1,optical,3.9201,16.8091,8.0,7.4984,32.5642,0.315665,single,1,120,5.0,,,,
train_000159,Train-Target-000159,point,-9.54117307,156.15885688,10,64,189,1,optical,8.0185,28.6785,8.0,6.0164,26.5953,0.194779,single,1,120,5.0,,,,
train_000743,Train-Target-000743,area,43.35031684,149.17820986,7,55,177,1,optical,4.3998,13.2042,8.0,6.1720,77.2336,0.435904,auto,0,120,20.0,178.9297,295.0896,173.2016,0.95
train_000046,Train-Target-000046,area,-32.02809732,86.39317389,4,62,118,1,optical,3.6762,24.4232,8.0,6.5378,35.8703,0.258518,auto,0,120,20.0,181.0548,211.6172,218.4774,0.95
train_002161,Train-Target-002161,area,-43.32100260,170.74157248,1,83,166,1,optical,6.2478,32.3190,8.0,4.7406,78.7652,0.316979,auto,0,120,20.0,67.1431,89.8040,178.4470,0.95
train_002444,Train-Target-002444,area,27.79926430,7.48648760,1,37,166,1,optical,7.5733,58.1765,8.0,6.5120,72.0065,0.361167,auto,0,120,20.0,107.6870,130.7303,357.3974,0.95
train_002685,Train-Target-002685,area,-42.26949911,-42.93112172,2,111,224,1,optical,6.5262,59.7967,8.0,7.0846,72.7538,0.354071,auto,0,120,20.0,177.0530,215.0753,181.5414,0.95
train_002153,Train-Target-002153,area,54.22094761,-2.20543827,1,38,145,1,optical,2.5863,20.7378,8.0,4.8751,81.6544,0.180652,auto,0,120,20.0,13.8944,33.1081,310.4635,0.95
train_002879,Train-Target-002879,area,-3.57536346,-142.61041671,10,123,211,1,optical,8.2483,31.2264,8.0,5.7242,34.8629,0.430261,auto,0,120,20.0,73.0097,79.2682,354.6993,0.95
train_001461,Train-Target-001461,area,49.49633661,-80.49744872,1,19,136,1,sar,13.3307,109.6254,-90.0,6.8945,55.9829,0.316025,auto,0,120,20.0,30.5222,26.1050,230.9225,0.95
train_001160,Train-Target-001160,area,63.07582942,-38.15435575,5,71,201,1,sar,9.5476,84.2425,-90.0,8.0968,29.1631,0.296693,auto,0,120,20.0,94.3207,103.6984,169.0936,0.95
train_002520,Train-Target-002520,area,-13.31983601,-171.30850835,7,107,223,1,optical,9.6123,30.2770,8.0,7.2411,43.4057,0.278564,auto,0,120,20.0,167.3006,174.5804,123.6757,0.95
train_000726,Train-Target-000726,area,-18.66089920,-88.65530979,6,23,123,1,sar,15.1731,57.8875,-90.0,8.2465,47.8228,0.226439,auto,0,120,20.0,107.7966,72.0769,192.3232,0.95
train_001771,Train-Target-001771,point,-16.16769219,-164.03142588,7,11,127,1,sar,13.2205,27.0269,-90.0,7.6187,72.0589,0.327826,single,1,120,5.0,,,,
train_002261,Train-Target-002261,area,14.76436923,-101.47965156,2,94,228,1,sar,17.7952,93.5303,-90.0,5.4604,26.0486,0.440745,auto,0,120,20.0,261.3400,294.8387,141.7009,0.95
train_000152,Train-Target-000152,area,27.45957398,72.81645358,6,38,79,1,sar,13.1104,105.4259,-90.0,7.0306,84.5483,0.241395,auto,0,120,20.0,192.4157,181.2094,261.2018,0.95
train_002713,Train-Target-002713,area,8.05559926,95.45368783,4,8,100,1,infrared,24.8134,111.5350,-90.0,4.8452,53.2908,0.401469,auto,0,120,20.0,38.7354,36.7119,136.3685,0.95
train_001364,Train-Target-001364,area,3.90456633,42.25681894,5,30,151,1,optical,3.9032,59.3792,8.0,5.0931,39.8980,0.261505,auto,0,120,20.0,181.8246,144.6875,321.5206,0.95
train_002858,Train-Target-002858,area,-38.60142480,43.89708738,2,80,169,1,sar,11.9815,74.4597,-90.0,5.2154,78.9711,0.346344,auto,0,120,20.0,35.7366,42.6852,235.6968,0.95
train_001246,Train-Target-001246,area,31.41967802,23.31760352,4,105,176,1,sar,17.3995,78.9061,-90.0,4.9291,56.0142,0.217723,auto,0,120,20.0,53.0321,69.1475,196.7440,0.95
train_001427,Train-Target-001427,area,-29.30631724,-141.86285206,5,64,125,1,optical,8.5139,10.7619,8.0,6.3106,71.4432,0.213555,auto,0,120,20.0,31.8945,36.8915,266.3768,0.95
train_002830,Train-Target-002830,point,30.57060317,-11.61201407,2,33,75,1,optical,4.0709,37.1450,8.0,5.8976,83.8369,0.329223,single,1,120,5.0,,,,
train_002138,Train-Target-002138,area,4.71431710,24.34769502,3,42,107,1,optical,9.8255,26.0358,8.0,7.4484,68.2089,0.221316,auto,0,120,20.0,124.1992,135.6786,301.7834,0.95
train_001823,Train-Target-001823,area,35.28599512,-126.87925474,10,49,112,1,sar,10.5103,107.8041,-90.0,4.6829,79.4861,0.267806,auto,0,120,20.0,239.7380,228.5289,272.4550,0.95
train_002455,Train-Target-002455,area,54.85267157,33.88324406,7,18,83,1,optical,6.1652,31.9458,8.0,8.2533,27.0876,0.229769,auto,0,120,20.0,17.9405,22.3184,94.3499,0.95
train_001536,Train-Target-001536,area,-29.32072466,17.26143803,2,65,159,1,optical,4.8181,28.5917,8.0,5.3512,23.2981,0.417474,auto,0,120,20.0,56.8518,91.8863,250.4836,0.95
train_002179,Train-Target-002179,point,66.92781620,-6.64519577,9,73,162,1,optical,3.6105,26.3466,8.0,4.9972,72.2481,0.367394,single,1,120,5.0,,,,
train_001530,Train-Target-001530,point,14.04069306,9.29164018,10,39,192,1,sar,16.5731,44.8236,-90.0,4.7699,82.8245,0.243248,single,1,120,5.0,,,,
train_001094,Train-Target-001094,point,-40.50279791,-51.21419803,2,52,170,1,infrared,33.6111,94.9983,-90.0,5.3500,88.0759,0.370748,sequential,2,120,5.0,,,,
train_000375,Train-Target-000375,area,-45.49855919,6.63007068,3,39,157,1,sar,10.4658,101.0810,-90.0,5.5162,85.8901,0.222368,auto,0,120,20.0,202.3569,266.7841,79.8602,0.95
train_002772,Train-Target-002772,point,-49.58774344,1.97017260,4,11,135,1,optical,7.2280,46.3445,8.0,7.4039,81.5835,0.418053,single,1,120,5.0,,,,
train_002981,Train-Target-002981,area,-0.57114665,112.92372366,8,123,180,1,sar,9.3091,62.8814,-90.0,4.9817,64.9549,0.389926,auto,0,120,20.0,41.0012,27.1637,328.7983,0.95
train_002504,Train-Target-002504,area,84.60720588,36.81055284,4,74,187,1,infrared,23.7696,89.6812,-90.0,5.8765,40.7671,0.201133,auto,0,120,20.0,95.6827,138.1586,144.8584,0.95
train_001861,Train-Target-001861,area,-89.09455827,16.95194678,2,88,233,1,sar,13.4955,75.0418,-90.0,4.8274,29.8106,0.196137,auto,0,120,20.0,105.3926,77.5783,58.7776,0.95
train_001658,Train-Target-001658,point,-37.53831623,104.99196466,7,41,83,1,optical,3.8519,44.4310,8.0,7.0321,76.0451,0.405332,single,1,120,5.0,,,,
train_000105,Train-Target-000105,point,-50.67994003,-87.29884795,4,23,75,1,optical,6.3079,25.1779,8.0,7.4323,59.4761,0.187624,sequential,2,120,5.0,,,,
train_002019,Train-Target-002019,point,-37.50021860,-41.65359785,7,65,195,1,optical,8.1852,64.7160,8.0,7.5276,60.0153,0.312685,single,1,120,5.0,,,,
train_000033,Train-Target-000033,area,-61.02686315,-10.29132946,1,52,102,1,sar,15.1933,85.2559,-90.0,7.6436,21.7287,0.248459,auto,0,120,20.0,26.5989,17.2977,341.8446,0.95
train_000399,Train-Target-000399,area,37.54002667,88.51161417,9,119,233,1,sar,11.0499,99.6393,-90.0,4.9145,79.8373,0.336736,auto,0,120,20.0,81.7849,111.0683,270.0636,0.95
train_002732,Train-Target-002732,area,50.74270513,-56.55585888,2,7,147,1,infrared,37.6134,106.9919,-90.0,5.8092,25.2917,0.355334,auto,0,120,20.0,16.8886,48.5961,145.8139,0.95
train_002510,Train-Target-002510,point,-26.23835842,-102.12218890,9,9,165,1,optical,6.4415,37.8225,8.0,4.6546,57.8957,0.383398,simultaneous,2,120,5.0,,,,
train_001457,Train-Target-001457,area,-36.30342626,-152.17799138,1,78,118,1,sar,18.0506,44.6919,-90.0,5.0394,70.7798,0.214743,auto,0,120,20.0,109.5406,107.8987,249.5933,0.95
train_001759,Train-Target-001759,point,5.13168977,-42.08237217,2,70,120,1,infrared,36.7557,45.2795,-90.0,7.2554,36.2940,0.261859,single,1,120,5.0,,,,
train_002466,Train-Target-002466,area,33.91716406,122.54804718,7,16,176,1,sar,14.1253,98.5297,-90.0,8.1507,55.5094,0.364177,auto,0,120,20.0,20.5867,48.3586,90.2088,0.95
train_002484,Train-Target-002484,area,-10.91320354,48.13819305,8,132,219,1,optical,3.6576,30.4485,8.0,4.7337,37.1384,0.421870,auto,0,120,20.0,235.9950,264.9368,36.9295,0.95
train_000162,Train-Target-000162,point,9.11633647,87.31819776,9,23,72,1,optical,8.7705,23.2874,8.0,5.5697,40.0485,0.290434,single,1,120,5.0,,,,
train_000133,Train-Target-000133,area,26.10597534,97.74923715,2,35,158,1,infrared,21.4678,106.4995,-90.0,7.7191,81.7523,0.194314,auto,0,120,20.0,174.0197,285.4014,213.9159,0.95
train_002212,Train-Target-002212,area,-7.96335700,-108.42720487,5,19,76,1,optical,9.2942,50.7477,8.0,7.5123,60.6095,0.230673,auto,0,120,20.0,268.3862,209.6141,237.8173,0.95
train_000841,Train-Target-000841,area,29.27108804,89.48082234,2,86,220,1,optical,5.2635,57.4077,8.0,7.9328,35.4730,0.318620,auto,0,120,20.0,32.8467,38.0209,22.1796,0.95
train_000791,Train-Target-000791,area,-13.40981528,141.74061214,7,70,177,1,optical,6.0510,18.9240,8.0,6.2189,63.4675,0.419318,auto,0,120,20.0,37.2107,14.1642,239.5547,0.95
train_002531,Train-Target-002531,area,72.03842355,-75.32187660,10,71,198,1,sar,18.4499,94.8204,-90.0,4.5293,20.5200,0.206583,auto,0,120,20.0,85.5898,102.1609,219.8988,0.95
train_001726,Train-Target-001726,area,-44.89593262,-69.79878187,2,102,147,1,optical,6.8083,26.2195,8.0,5.0060,37.5270,0.331138,auto,0,120,20.0,22.8413,46.0861,259.6829,0.95
train_000387,Train-Target-000387,point,-57.50803026,-162.47474772,7,76,164,1,sar,19.5980,50.3692,-90.0,6.6256,54.2803,0.223909,single,1,120,5.0,,,,
train_001190,Train-Target-001190,point,-27.02002676,14.84395391,8,169,229,1,optical,8.5388,30.3958,8.0,7.9036,65.6912,0.413290,single,1,120,5.0,,,,
train_001163,Train-Target-001163,area,5.42335198,-99.71813923,1,27,149,1,optical,6.4856,39.6035,8.0,5.8644,66.3231,0.213788,auto,0,120,20.0,32.5429,29.4730,251.2626,0.95
train_002581,Train-Target-002581,area,-5.95380728,150.42517275,5,96,182,1,optical,7.4966,19.4304,8.0,6.2879,73.1359,0.320026,auto,0,120,20.0,31.3963,23.5564,65.0510,0.95
train_002669,Train-Target-002669,area,-60.28257596,140.12018279,3,64,148,1,sar,13.0780,54.6860,-90.0,7.7813,22.4033,0.184984,auto,0,120,20.0,30.4054,41.0631,338.1983,0.95
train_000897,Train-Target-000897,area,3.25640386,149.32662876,1,54,101,1,infrared,35.2095,132.0365,-90.0,4.7895,35.7111,0.235201,auto,0,120,20.0,138.0419,76.7593,300.1789,0.95
train_000935,Train-Target-000935,area,-48.89584673,-54.49022008,10,101,185,1,optical,6.4588,32.2215,8.0,6.3854,82.5120,0.184084,auto,0,120,20.0,91.1463,74.0191,308.8870,0.95
train_001715,Train-Target-001715,area,-54.04261817,60.70499030,3,49,183,1,optical,5.7855,27.9584,8.0,5.8112,39.5542,0.370468,auto,0,120,20.0,267.9142,234.9701,255.6174,0.95
train_002164,Train-Target-002164,point,-31.33827626,-162.63519225,8,51,119,1,sar,14.3817,89.3890,-90.0,7.7464,80.4678,0.189986,simultaneous,2,120,5.0,,,,
train_002810,Train-Target-002810,point,-5.33457764,-125.26851172,5,93,186,1,optical,8.2118,64.7639,8.0,7.7569,33.8817,0.346812,single,1,120,5.0,,,,
train_000426,Train-Target-000426,point,41.70016377,-15.78612847,9,65,130,1,sar,21.8389,62.5493,-90.0,4.6199,38.9359,0.305257,single,1,120,5.0,,,,
train_002007,Train-Target-002007,area,18.57310875,-18.30589563,10,16,108,1,sar,12.7479,90.0851,-90.0,6.4247,84.2344,0.437159,auto,0,120,20.0,192.7373,286.1929,46.0147,0.95
train_000758,Train-Target-000758,area,39.28709171,75.27762050,4,4,91,1,sar,11.4127,48.7904,-90.0,5.2089,71.2248,0.261280,auto,0,120,20.0,105.6748,63.2732,211.6022,0.95
train_002052,Train-Target-002052,point,-40.14128280,-5.16379235,8,119,228,1,optical,2.9896,20.6150,8.0,5.9677,23.7155,0.295710,simultaneous,2,120,5.0,,,,
train_002384,Train-Target-002384,point,-73.24495471,40.73430328,6,50,117,1,infrared,33.5204,90.2304,-90.0,6.4029,28.8341,0.337232,single,1,120,5.0,,,,
train_000688,Train-Target-000688,point,-30.79122265,-102.35964536,7,55,191,1,sar,19.3438,53.5895,-90.0,6.9519,31.9573,0.320558,single,1,120,5.0,,,,
train_001413,Train-Target-001413,area,50.46917078,156.94737799,8,47,166,1,optical,4.5404,33.3124,8.0,7.1884,81.2389,0.292262,auto,0,120,20.0,32.4183,17.1918,97.3540,0.95
train_001949,Train-Target-001949,point,13.16909223,61.48775451,6,1,152,1,infrared,30.6768,97.8849,-90.0,8.2922,83.8013,0.374228,simultaneous,2,120,5.0,,,,
train_001006,Train-Target-001006,point,40.05280014,-115.01401642,3,20,155,1,infrared,19.1047,128.9342,-90.0,6.6788,83.9848,0.373999,single,1,120,5.0,,,,
train_001051,Train-Target-001051,point,28.48745690,4.56378353,7,65,211,1,sar,17.3701,43.9662,-90.0,6.7489,41.8209,0.229175,single,1,120,5.0,,,,
train_001857,Train-Target-001857,point,-73.98207913,-39.29725191,6,188,234,1,sar,12.0950,49.7830,-90.0,8.1962,71.0203,0.431916,simultaneous,2,120,5.0,,,,
train_002555,Train-Target-002555,area,9.77038623,-22.95747588,6,134,210,1,optical,7.4718,25.9961,8.0,7.3761,88.1041,0.246684,auto,0,120,20.0,23.3198,32.9477,55.4876,0.95
train_000081,Train-Target-000081,area,8.69650252,136.98588082,9,155,202,1,infrared,38.1944,72.4000,-90.0,6.1534,35.6450,0.376390,auto,0,120,20.0,13.3698,37.8241,147.5184,0.95
train_001373,Train-Target-001373,point,13.38507609,-165.08418745,9,125,237,1,optical,5.8893,31.5197,8.0,8.0743,88.4412,0.438002,single,1,120,5.0,,,,
train_002429,Train-Target-002429,point,64.48774717,-131.33813158,7,20,107,1,sar,8.6169,67.9001,-90.0,5.6858,26.1131,0.186807,single,1,120,5.0,,,,
train_002897,Train-Target-002897,area,-9.03030459,118.91660485,4,33,147,1,sar,18.0526,98.8675,-90.0,7.8844,46.9009,0.377565,auto,0,120,20.0,205.2725,291.1669,50.2446,0.95
train_002132,Train-Target-002132,area,-38.25713494,-159.15607470,8,73,219,1,sar,19.4338,78.2444,-90.0,7.4877,84.3577,0.411152,auto,0,120,20.0,141.6589,245.4612,155.6817,0.95
train_001396,Train-Target-001396,area,-45.92002371,109.98679741,9,94,177,1,optical,4.1477,30.8247,8.0,5.0750,24.7403,0.414957,auto,0,120,20.0,96.0352,125.1979,313.3309,0.95
train_000110,Train-Target-000110,point,-15.38738243,-156.19779431,4,113,210,1,sar,11.9961,99.1453,-90.0,6.6930,46.8592,0.425568,single,1,120,5.0,,,,
train_001044,Train-Target-001044,area,-49.06526245,118.58033540,3,147,230,1,optical,2.5447,60.4829,8.0,6.7630,73.3776,0.302446,auto,0,120,20.0,27.9998,46.5187,281.7569,0.95
train_000474,Train-Target-000474,area,-19.04374286,69.96499394,6,99,203,1,infrared,39.5059,105.3748,-90.0,6.9977,27.1732,0.261376,auto,0,120,20.0,168.2320,244.0352,244.6817,0.95
train_001410,Train-Target-001410,point,-23.83988479,-34.03050721,2,124,227,1,optical,6.8221,56.8212,8.0,5.1365,53.5151,0.314912,single,1,120,5.0,,,,
train_001755,Train-Target-001755,area,-44.32361417,143.46355756,7,5,79,1,optical,2.7837,26.8743,8.0,7.2590,55.9008,0.327449,auto,0,120,20.0,235.2109,199.2573,264.1525,0.95
train_000395,Train-Target-000395,area,-25.63098235,43.31762839,8,82,195,1,sar,18.2067,35.4758,-90.0,6.9436,73.5638,0.449609,auto,0,120,20.0,38.2033,47.6695,132.7126,0.95
train_001406,Train-Target-001406,area,53.82841272,-166.05338069,6,183,235,1,optical,3.2354,19.7582,8.0,5.4058,29.1906,0.248620,auto,0,120,20.0,27.0541,37.2369,359.5570,0.95
train_001507,Train-Target-001507,area,16.78733679,85.63317458,5,72,221,1,infrared,19.6006,64.9281,-90.0,6.8138,44.3690,0.360796,auto,0,120,20.0,44.3991,22.9887,206.0986,0.95
train_002726,Train-Target-002726,point,18.30656069,-158.03172635,8,66,165,1,sar,21.0901,30.2835,-90.0,7.7082,20.4357,0.221677,single,1,120,5.0,,,,
train_000324,Train-Target-000324,point,20.79047257,26.42942264,1,5,155,1,optical,7.3867,39.4567,8.0,4.5063,89.2056,0.445013,single,1,120,5.0,,,,
train_001784,Train-Target-001784,area,12.60898398,177.11177501,1,31,72,1,sar,8.9267,41.9237,-90.0,7.7180,30.5814,0.430681,auto,0,120,20.0,58.4365,109.5673,347.9855,0.95
train_000482,Train-Target-000482,area,-49.06074333,80.20776466,6,32,72,1,sar,20.4998,88.4175,-90.0,8.3989,69.4090,0.344130,auto,0,120,20.0,129.7510,73.8916,6.6495,0.95
train_000892,Train-Target-000892,point,16.69795121,116.85673109,6,82,210,1,optical,4.8533,15.6328,8.0,5.4511,88.7291,0.293599,sequential,2,120,5.0,,,,
train_002233,Train-Target-002233,area,-2.47653116,-111.36479218,8,44,116,1,optical,5.7045,32.2537,8.0,5.6117,33.6491,0.402606,auto,0,120,20.0,18.3799,40.3042,168.0705,0.95
train_001733,Train-Target-001733,area,-64.33166046,165.70669309,2,18,172,1,sar,14.3573,87.3287,-90.0,7.4293,41.8835,0.417115,auto,0,120,20.0,85.7190,81.6403,220.8106,0.95
train_002293,Train-Target-002293,area,58.13871748,-53.33021187,6,132,182,1,optical,7.4815,55.5518,8.0,5.8649,83.6578,0.263984,auto,0,120,20.0,233.1437,176.7450,170.5881,0.95
train_001217,Train-Target-001217,area,-24.59344480,137.21477997,3,154,201,1,optical,5.0658,37.9514,8.0,6.2511,35.5225,0.223117,auto,0,120,20.0,298.7961,259.3697,0.3411,0.95
train_003056,Train-Target-003056,point,-42.20475809,29.02036775,5,123,223,1,optical,2.0196,28.7289,8.0,5.7208,21.3423,0.222540,simultaneous,2,120,5.0,,,,
train_002255,Train-Target-002255,point,34.69381655,89.75913834,9,6,67,1,optical,6.1569,58.8545,8.0,5.5478,28.4972,0.431520,single,1,120,5.0,,,,
train_001186,Train-Target-001186,area,7.58226520,-146.19244222,8,128,216,1,sar,19.3128,31.7128,-90.0,5.8978,84.4388,0.204929,auto,0,120,20.0,160.8120,225.9602,39.9780,0.95
train_001876,Train-Target-001876,area,21.46373108,-49.51533692,7,75,172,1,optical,4.2212,44.8903,8.0,6.6463,73.6797,0.421357,auto,0,120,20.0,20.7249,46.7370,181.0780,0.95
train_000327,Train-Target-000327,point,-34.27759286,31.19456693,1,55,121,1,optical,8.9538,35.2781,8.0,7.9740,23.8721,0.406843,sequential,2,120,5.0,,,,
train_000854,Train-Target-000854,area,65.53662055,134.98084137,2,84,231,1,sar,16.3369,36.0206,-90.0,5.3410,26.1462,0.397176,auto,0,120,20.0,218.1336,248.3106,259.4078,0.95
train_002585,Train-Target-002585,area,4.22601916,-66.98840819,8,126,238,1,optical,8.6299,35.3828,8.0,7.6970,24.8041,0.273902,auto,0,120,20.0,83.8340,117.2252,106.7240,0.95
train_001729,Train-Target-001729,area,63.20715104,-48.16755008,6,18,174,1,optical,3.8076,55.9340,8.0,8.1485,82.7876,0.343270,auto,0,120,20.0,44.9622,41.6267,145.4566,0.95
train_000636,Train-Target-000636,point,-68.44796485,-14.08311875,7,75,211,1,optical,8.8477,21.3999,8.0,8.2977,65.4345,0.443545,single,1,120,5.0,,,,
train_000334,Train-Target-000334,area,-5.51457391,-153.72235793,3,32,134,1,optical,8.4271,56.0445,8.0,8.0038,68.8914,0.252448,auto,0,120,20.0,237.5837,143.9151,222.3882,0.95
train_000665,Train-Target-000665,point,31.14850737,3.61263489,8,61,191,1,optical,2.2555,28.1471,8.0,6.1555,44.2235,0.357011,single,1,120,5.0,,,,
train_000709,Train-Target-000709,area,-19.05483563,83.63813013,8,54,208,1,optical,4.6728,36.9908,8.0,8.0395,87.0329,0.215675,auto,0,120,20.0,42.5339,17.5758,157.1361,0.95
train_000971,Train-Target-000971,area,-3.59234713,137.58276386,5,6,161,1,optical,2.2964,38.9162,8.0,5.4937,36.4106,0.199239,auto,0,120,20.0,50.5692,93.3337,82.3595,0.95
train_001357,Train-Target-001357,area,21.68828099,-3.60615057,2,45,141,1,optical,2.5043,21.9922,8.0,8.3575,75.2850,0.245854,auto,0,120,20.0,19.5992,48.8796,3.2703,0.95
train_001499,Train-Target-001499,area,-31.29339498,77.38869270,6,92,233,1,optical,7.6440,61.2497,8.0,5.3665,84.1135,0.409697,auto,0,120,20.0,295.0755,241.8259,272.6998,0.95
train_000369,Train-Target-000369,point,55.26119103,-99.63974580,3,77,191,1,optical,4.9776,15.0951,8.0,7.2640,44.2523,0.269043,single,1,120,5.0,,,,
train_000631,Train-Target-000631,area,-69.62836184,5.77215047,3,107,231,1,optical,4.0063,54.4548,8.0,8.0374,29.3717,0.239055,auto,0,120,20.0,41.9706,17.2890,359.3947,0.95
train_002615,Train-Target-002615,area,55.93098135,-81.08138486,8,51,195,1,optical,7.2074,10.2249,8.0,5.5564,41.3301,0.277408,auto,0,120,20.0,41.1916,15.5120,17.1275,0.95
train_001882,Train-Target-001882,area,0.18373087,75.35705231,1,58,163,1,optical,8.2049,32.2679,8.0,6.3184,31.3716,0.314074,auto,0,120,20.0,194.3009,201.2210,182.5647,0.95
train_000730,Train-Target-000730,area,50.60517089,-157.88959888,2,5,72,1,optical,8.1394,56.6647,8.0,6.8644,72.9066,0.322415,auto,0,120,20.0,156.2190,181.7391,39.3429,0.95
train_000433,Train-Target-000433,point,8.14596266,19.65676843,4,3,137,1,optical,8.0737,62.4129,8.0,7.7054,62.0965,0.246332,single,1,120,5.0,,,,
train_002202,Train-Target-002202,area,10.94139615,-0.81777016,4,12,73,1,sar,11.3866,40.0447,-90.0,5.1002,49.8407,0.392275,auto,0,120,20.0,102.2365,83.0344,229.8549,0.95
train_002395,Train-Target-002395,area,66.36282756,177.80167715,8,88,136,1,sar,18.1714,71.6084,-90.0,6.0604,77.3363,0.333327,auto,0,120,20.0,202.5150,294.6387,315.5525,0.95
train_000250,Train-Target-000250,area,-33.48548738,58.57419180,9,108,165,1,sar,15.9731,63.0018,-90.0,4.6370,37.1075,0.285659,auto,0,120,20.0,218.3914,202.1179,302.8811,0.95
train_002410,Train-Target-002410,point,-57.17545059,-146.56451518,8,133,182,1,sar,21.0492,97.0172,-90.0,8.0008,47.2086,0.407639,sequential,2,120,5.0,,,,
train_002351,Train-Target-002351,area,-34.03107814,77.97523152,7,19,174,1,optical,2.8774,18.7271,8.0,7.7246,22.3115,0.229675,auto,0,120,20.0,190.9273,204.6559,164.8261,0.95
train_000205,Train-Target-000205,area,69.34428391,67.90957581,7,84,222,1,optical,9.6009,54.8182,8.0,6.3599,44.7259,0.347496,auto,0,120,20.0,19.0023,36.5696,44.8894,0.95
train_002176,Train-Target-002176,area,8.06859686,-59.94408834,8,67,182,1,sar,8.7396,42.0632,-90.0,7.0276,31.4272,0.203775,auto,0,120,20.0,254.5500,157.2366,74.5930,0.95
train_000386,Train-Target-000386,area,54.54197325,-45.05549499,9,34,138,1,optical,9.4600,52.7379,8.0,7.1553,40.8764,0.225461,auto,0,120,20.0,30.0331,22.5896,34.7975,0.95
train_001381,Train-Target-001381,area,-27.83432679,-27.55767599,2,65,140,1,infrared,36.9727,59.8605,-90.0,5.1966,39.1368,0.322858,auto,0,120,20.0,293.6789,188.4992,99.7865,0.95
train_001580,Train-Target-001580,area,-14.66931682,-168.97756033,1,162,239,1,sar,8.9884,60.3079,-90.0,6.6208,45.3587,0.340764,auto,0,120,20.0,73.1192,84.3485,280.4790,0.95
train_002283,Train-Target-002283,point,61.12526917,158.83373072,5,102,219,1,optical,8.7135,48.9381,8.0,4.7266,75.8594,0.432524,single,1,120,5.0,,,,
train_002042,Train-Target-002042,area,21.68392889,-23.81695638,4,33,137,1,optical,2.8223,55.3002,8.0,6.7139,44.5042,0.448072,auto,0,120,20.0,195.5127,293.7624,89.4230,0.95
train_001847,Train-Target-001847,area,-42.62414818,-95.57515915,1,8,111,1,sar,10.0495,32.3566,-90.0,6.0828,44.9564,0.240792,auto,0,120,20.0,26.6468,25.6095,52.7331,0.95
train_001538,Train-Target-001538,area,32.70557785,124.76455192,8,30,106,1,sar,20.0098,61.1583,-90.0,5.7794,36.4820,0.237343,auto,0,120,20.0,26.5128,25.7242,343.4876,0.95
train_000227,Train-Target-000227,area,-9.69360956,-7.23877332,4,36,99,1,infrared,27.4196,74.0357,-90.0,4.7512,55.0160,0.437922,auto,0,120,20.0,61.1899,107.3322,13.3675,0.95
train_001156,Train-Target-001156,area,3.33657847,145.77487661,10,64,197,1,optical,5.2854,40.1592,8.0,7.9099,24.1422,0.397634,auto,0,120,20.0,92.8217,107.8858,35.9395,0.95
train_001736,Train-Target-001736,area,30.08103978,82.47483434,7,54,133,1,optical,9.8790,57.2995,8.0,6.3066,81.7849,0.345110,auto,0,120,20.0,155.0750,217.3848,176.1939,0.95
train_002598,Train-Target-002598,area,19.85659031,143.04704501,2,92,216,1,optical,7.0663,51.5912,8.0,4.7783,60.7459,0.192149,auto,0,120,20.0,20.7004,19.1986,25.3088,0.95
train_001022,Train-Target-001022,area,-20.63432641,-5.16574109,7,81,198,1,optical,3.0704,54.9183,8.0,8.1288,88.9069,0.378035,auto,0,120,20.0,82.1053,76.2898,127.3510,0.95
train_001010,Train-Target-001010,area,-17.32902757,-9.04571910,9,8,48,1,optical,2.7874,18.0494,8.0,7.0243,45.0038,0.288291,auto,0,120,20.0,81.8986,93.0111,233.5521,0.95
train_001786,Train-Target-001786,area,61.87759296,146.75826980,6,44,143,1,sar,8.1846,69.8931,-90.0,4.8800,54.4147,0.191762,auto,0,120,20.0,30.9186,46.8110,41.0174,0.95
train_002084,Train-Target-002084,area,30.10558430,-57.71559972,9,103,151,1,infrared,34.3287,80.3065,-90.0,8.3912,56.4219,0.297979,auto,0,120,20.0,43.3643,25.9190,243.7301,0.95
train_002194,Train-Target-002194,area,38.10324029,177.20067610,3,130,210,1,optical,8.4165,22.9428,8.0,7.7359,73.4871,0.312113,auto,0,120,20.0,299.6128,287.2768,104.5713,0.95
train_000561,Train-Target-000561,point,59.83948844,-167.77354847,5,87,223,1,infrared,30.7109,61.5565,-90.0,7.7404,66.0055,0.423189,single,1,120,5.0,,,,
train_000986,Train-Target-000986,area,-13.11841775,-95.22561790,10,83,193,1,infrared,35.1299,67.2707,-90.0,4.7362,58.5508,0.408769,auto,0,120,20.0,126.1841,67.8064,297.7296,0.95
train_001056,Train-Target-001056,area,28.95467880,179.30234200,9,29,189,1,optical,2.2810,62.1128,8.0,6.2499,74.9473,0.282612,auto,0,120,20.0,296.0997,281.8612,149.6487,0.95
train_002663,Train-Target-002663,point,-17.64059184,97.73942616,4,21,148,1,sar,8.1166,54.6723,-90.0,6.8509,55.2391,0.369788,single,1,120,5.0,,,,
train_000322,Train-Target-000322,area,-61.66335340,47.39073185,1,70,163,1,sar,10.6426,90.4888,-90.0,7.9705,43.6141,0.433314,auto,0,120,20.0,84.7196,115.6336,82.8384,0.95
train_003061,Train-Target-003061,area,-0.47686319,127.71697823,5,4,144,1,sar,18.8195,34.8514,-90.0,4.7424,42.9427,0.399942,auto,0,120,20.0,87.5526,63.8306,295.9112,0.95
train_002030,Train-Target-002030,point,9.13965454,-41.19488190,6,100,161,1,optical,6.2083,12.1725,8.0,7.2601,46.3507,0.365296,single,1,120,5.0,,,,
train_001460,Train-Target-001460,area,75.46582586,51.68673841,8,14,130,1,optical,8.2020,35.2386,8.0,4.5482,66.9023,0.431010,auto,0,120,20.0,12.9834,49.4671,146.6586,0.95
train_000476,Train-Target-000476,point,15.35853452,28.98999026,4,109,237,1,infrared,20.4375,118.7315,-90.0,4.8897,53.6243,0.393063,single,1,120,5.0,,,,
train_000145,Train-Target-000145,area,19.66814790,-114.18741223,6,60,151,1,optical,2.3035,15.3384,8.0,6.7334,45.9258,0.343669,auto,0,120,20.0,41.9954,12.4884,118.9315,0.95
train_002763,Train-Target-002763,area,-7.61825241,24.53618496,3,74,158,1,sar,15.7635,39.8923,-90.0,4.7360,57.0223,0.290272,auto,0,120,20.0,229.1623,145.2493,65.6129,0.95
train_000771,Train-Target-000771,point,-31.20256307,21.11333868,2,152,212,1,sar,17.9448,44.4855,-90.0,6.1858,45.9356,0.200482,single,1,120,5.0,,,,
train_002262,Train-Target-002262,area,-41.52226315,-108.85350007,2,21,90,1,optical,4.5183,38.7723,8.0,6.3644,33.4825,0.281814,auto,0,120,20.0,14.6246,29.1747,310.1965,0.95
train_000440,Train-Target-000440,point,-57.13608228,-144.71677450,8,139,197,1,optical,8.1587,23.0551,8.0,4.5667,85.1208,0.245815,single,1,120,5.0,,,,
train_002058,Train-Target-002058,area,42.91645128,-134.95615123,4,77,222,1,sar,12.1526,61.4296,-90.0,5.9717,20.5949,0.194115,auto,0,120,20.0,244.0075,278.3997,220.6026,0.95
train_000009,Train-Target-000009,area,-60.49050145,51.77671468,2,67,136,1,sar,14.4090,34.9788,-90.0,5.0163,67.5638,0.376286,auto,0,120,20.0,243.6799,274.9969,61.9891,0.95
train_001925,Train-Target-001925,area,4.49751565,-107.94660763,10,72,117,1,optical,8.9357,15.9325,8.0,6.1516,84.0078,0.408446,auto,0,120,20.0,30.8778,21.7868,205.3916,0.95
train_000644,Train-Target-000644,area,-18.17909583,-42.30124160,10,7,97,1,optical,8.7104,19.3117,8.0,6.7226,36.4513,0.323351,auto,0,120,20.0,192.1759,259.8451,216.5072,0.95
train_000504,Train-Target-000504,area,41.25627516,148.14637355,3,80,160,1,optical,2.4371,32.3316,8.0,5.1224,26.2045,0.198792,auto,0,120,20.0,98.2961,52.8734,1.4214,0.95
train_002339,Train-Target-002339,point,-68.17320495,-103.28158019,1,28,176,1,optical,7.5817,48.6805,8.0,7.4051,67.1064,0.380600,sequential,2,120,5.0,,,,
train_001113,Train-Target-001113,area,-1.05773090,5.91224847,1,145,232,1,optical,7.1399,51.0656,8.0,7.1069,73.7069,0.291853,auto,0,120,20.0,19.4813,23.0875,101.6398,0.95
train_002946,Train-Target-002946,point,1.68672994,94.59553232,2,161,215,1,optical,9.0414,14.7317,8.0,5.5216,65.3549,0.242775,sequential,2,120,5.0,,,,
train_000646,Train-Target-000646,area,-52.83444743,69.15620869,7,165,225,1,optical,9.3870,20.6355,8.0,6.8587,34.8564,0.276306,auto,0,120,20.0,226.6356,231.9100,308.1281,0.95
train_002974,Train-Target-002974,area,-47.01608324,-173.16333838,2,52,150,1,optical,5.0375,48.8517,8.0,7.0383,73.5742,0.427505,auto,0,120,20.0,13.6769,28.2892,201.7656,0.95
train_002901,Train-Target-002901,area,48.89328350,-89.05283168,1,75,164,1,infrared,26.6349,51.6607,-90.0,7.2526,55.5561,0.402902,auto,0,120,20.0,40.6572,23.8824,160.5562,0.95
train_000340,Train-Target-000340,point,-32.82487089,-139.64836892,6,28,160,1,optical,6.3441,22.6595,8.0,6.1782,46.5624,0.368951,single,1,120,5.0,,,,
train_002904,Train-Target-002904,area,24.15582852,-12.97872979,7,74,122,1,sar,9.1657,109.8094,-90.0,7.8556,58.1369,0.404344,auto,0,120,20.0,18.8045,42.8328,85.9727,0.95
train_001604,Train-Target-001604,area,-18.85135035,-67.75519424,1,0,89,1,optical,7.5606,35.0319,8.0,6.6535,26.6409,0.191418,auto,0,120,20.0,60.0809,62.7918,305.9764,0.95
train_002540,Train-Target-002540,point,27.39516327,115.35052333,3,98,233,1,sar,19.7576,74.8555,-90.0,7.1231,81.6816,0.419761,single,1,120,5.0,,,,
train_002421,Train-Target-002421,area,-5.23043544,11.64308711,7,85,214,1,sar,9.2282,50.2933,-90.0,6.7457,44.0617,0.361236,auto,0,120,20.0,266.7716,212.9914,333.3830,0.95
train_000836,Train-Target-000836,point,70.13926743,-23.89345725,1,57,150,1,optical,5.9608,11.5911,8.0,4.7096,40.1703,0.298239,sequential,2,120,5.0,,,,
train_001929,Train-Target-001929,point,53.49327511,-57.29904430,5,28,151,1,optical,7.8152,38.3618,8.0,7.6682,28.9229,0.293104,single,1,120,5.0,,,,
train_000238,Train-Target-000238,point,-9.74079399,-14.97801480,8,35,95,1,optical,4.8331,17.2355,8.0,7.8225,73.9402,0.364809,single,1,120,5.0,,,,
train_002340,Train-Target-002340,area,-71.09736916,101.56016547,7,88,155,1,optical,5.9962,21.5479,8.0,7.0280,74.4802,0.283735,auto,0,120,20.0,41.5849,33.1525,13.0475,0.95
train_000563,Train-Target-000563,point,-42.81071165,-128.12552626,1,126,202,1,optical,3.7765,21.1693,8.0,7.0472,45.5603,0.353059,sequential,2,120,5.0,,,,
train_002409,Train-Target-002409,area,61.09891332,-14.77694850,1,11,146,1,optical,5.2513,35.4929,8.0,6.8117,83.8565,0.318295,auto,0,120,20.0,84.3975,95.8623,158.8444,0.95
train_002344,Train-Target-002344,area,-66.10114953,97.23779913,6,76,231,1,optical,2.8083,16.0781,8.0,6.5310,39.5282,0.180864,auto,0,120,20.0,43.2662,40.1698,317.1924,0.95
train_000428,Train-Target-000428,area,-6.20350499,173.56966032,8,89,205,1,optical,9.6993,42.8501,8.0,5.5947,79.7766,0.332660,auto,0,120,20.0,111.9632,102.6275,125.0740,0.95
train_001547,Train-Target-001547,area,-74.76163371,29.79690134,7,143,203,1,sar,21.7266,80.9872,-90.0,5.2144,78.5285,0.230819,auto,0,120,20.0,32.9748,31.7189,346.0176,0.95
train_002451,Train-Target-002451,point,34.30270176,-15.69861242,3,29,78,1,optical,2.3647,47.0656,8.0,6.1244,55.6855,0.276761,single,1,120,5.0,,,,
train_000806,Train-Target-000806,point,-2.17103483,165.89376807,10,10,52,1,optical,6.9245,60.4244,8.0,7.8172,26.4469,0.207633,single,1,120,5.0,,,,
train_002405,Train-Target-002405,point,-44.04021721,57.38414537,3,113,229,1,infrared,31.0143,66.1606,-90.0,6.6477,64.1653,0.281463,single,1,120,5.0,,,,
train_001841,Train-Target-001841,area,7.88556122,37.91769167,6,38,187,1,optical,7.3122,33.2721,8.0,7.2167,84.5728,0.227929,auto,0,120,20.0,270.8787,166.8662,20.6423,0.95
train_000850,Train-Target-000850,area,39.48343325,134.51671801,2,126,233,1,sar,15.4374,96.4439,-90.0,4.8130,55.1963,0.224500,auto,0,120,20.0,180.9668,144.1677,344.1888,0.95
train_002765,Train-Target-002765,area,9.97790532,-18.84770974,6,89,212,1,sar,11.6226,31.1092,-90.0,6.7559,36.5609,0.230442,auto,0,120,20.0,65.4543,111.8645,24.8895,0.95
train_000720,Train-Target-000720,point,40.44959742,-165.39499259,10,26,184,1,sar,20.2408,43.4889,-90.0,5.2080,23.3180,0.229230,single,1,120,5.0,,,,
train_001004,Train-Target-001004,area,32.43276210,-93.47271792,4,136,227,1,optical,8.6467,42.1027,8.0,7.6353,81.1074,0.314155,auto,0,120,20.0,65.3196,80.6385,212.5095,0.95
train_001385,Train-Target-001385,area,9.68929887,-49.34384701,9,75,185,1,sar,19.1148,85.8210,-90.0,5.9807,49.6297,0.308927,auto,0,120,20.0,40.1294,32.1326,349.9143,0.95
train_001389,Train-Target-001389,area,-28.41193770,99.71593025,5,10,134,1,sar,20.0324,87.6989,-90.0,8.3839,81.8388,0.265623,auto,0,120,20.0,159.2531,235.6716,261.7134,0.95
train_002839,Train-Target-002839,area,18.56668921,-145.58158359,5,13,120,1,sar,12.5837,79.5237,-90.0,6.8166,72.6763,0.412106,auto,0,120,20.0,27.6149,28.0183,55.9088,0.95
train_001593,Train-Target-001593,point,47.24157641,148.37523462,9,48,203,1,optical,5.7169,12.3272,8.0,6.3516,79.3624,0.326741,sequential,2,120,5.0,,,,
train_002223,Train-Target-002223,area,12.83644677,-39.01739377,3,109,183,1,optical,9.4392,32.8645,8.0,8.0355,27.1942,0.424233,auto,0,120,20.0,280.0283,287.7633,357.2478,0.95
train_002961,Train-Target-002961,area,60.72796948,-12.90432251,6,127,197,1,sar,21.5979,31.0576,-90.0,6.8340,70.3205,0.315464,auto,0,120,20.0,102.7095,90.5511,315.2705,0.95
train_000821,Train-Target-000821,point,81.46347254,17.23800832,10,45,204,1,optical,4.8048,49.1061,8.0,5.4754,38.3128,0.314559,single,1,120,5.0,,,,
train_001539,Train-Target-001539,area,28.22652112,148.11605185,4,39,141,1,sar,17.7930,40.9021,-90.0,7.4574,38.1321,0.221092,auto,0,120,20.0,34.2367,35.9533,285.8915,0.95
train_000248,Train-Target-000248,area,-64.26189070,-175.67359225,10,145,238,1,sar,12.8964,80.0170,-90.0,6.1861,48.7260,0.201755,auto,0,120,20.0,167.8906,288.6052,80.3299,0.95
train_002646,Train-Target-002646,area,15.84906486,143.16324759,4,100,175,1,optical,2.9556,63.9949,8.0,4.6623,69.7338,0.207872,auto,0,120,20.0,214.0636,259.6429,112.0038,0.95
train_002691,Train-Target-002691,area,68.19314365,-67.58932733,9,37,195,1,infrared,31.4354,124.7091,-90.0,5.8781,82.1309,0.394433,auto,0,120,20.0,88.9431,89.6834,44.1320,0.95
train_002811,Train-Target-002811,area,-53.31570590,20.10154742,5,90,236,1,sar,13.7847,84.8992,-90.0,5.4158,62.3056,0.356498,auto,0,120,20.0,203.2190,266.9651,74.0563,0.95
train_002503,Train-Target-002503,area,53.75525819,-19.23043562,3,156,226,1,sar,14.5713,58.5234,-90.0,5.0700,28.7882,0.363402,auto,0,120,20.0,283.2482,252.7138,30.2620,0.95
train_001223,Train-Target-001223,point,55.61939706,-85.94470790,7,66,184,1,sar,18.5935,71.2598,-90.0,7.7271,55.3247,0.441352,single,1,120,5.0,,,,
train_000011,Train-Target-000011,area,19.34513860,118.19278213,9,18,124,1,optical,9.9953,25.0532,8.0,7.6497,65.6295,0.365653,auto,0,120,20.0,92.0093,124.8536,54.6746,0.95
train_001624,Train-Target-001624,area,24.65273051,38.70142109,4,63,194,1,sar,11.1777,59.6599,-90.0,8.3649,62.6657,0.288910,auto,0,120,20.0,93.8810,137.9407,261.8122,0.95
train_001455,Train-Target-001455,area,40.31355676,-123.62647082,10,90,143,1,sar,18.9118,29.4621,-90.0,7.7765,53.4223,0.261058,auto,0,120,20.0,44.7247,43.6984,217.2274,0.95
train_002402,Train-Target-002402,area,-52.02773314,30.29635569,6,35,188,1,sar,16.9987,104.2034,-90.0,7.3962,40.6359,0.202629,auto,0,120,20.0,31.3116,21.9658,118.8677,0.95
train_001700,Train-Target-001700,point,30.17302998,165.53308861,7,82,238,1,optical,7.2585,58.3189,8.0,5.7223,80.2000,0.355749,single,1,120,5.0,,,,
train_001339,Train-Target-001339,point,-31.43596175,101.42047117,7,96,181,1,sar,21.7095,65.1161,-90.0,5.6459,35.7660,0.211761,single,1,120,5.0,,,,
train_000027,Train-Target-000027,area,51.36326734,113.98795035,1,69,140,1,optical,2.7640,30.3612,8.0,5.5492,20.2188,0.333933,auto,0,120,20.0,165.1798,208.7589,44.6290,0.95
train_001293,Train-Target-001293,area,3.21656634,-124.78688036,6,28,159,1,optical,6.0692,45.4297,8.0,6.7327,53.7886,0.435975,auto,0,120,20.0,24.1116,43.8739,7.5945,0.95
train_001229,Train-Target-001229,area,-0.17557427,-85.30796366,1,157,217,1,sar,10.3614,71.1781,-90.0,7.3279,57.2695,0.304030,auto,0,120,20.0,67.3350,116.5010,202.6864,0.95
train_002770,Train-Target-002770,point,3.13597008,104.38826671,10,131,224,1,sar,9.3962,88.9328,-90.0,6.5574,56.1654,0.400533,single,1,120,5.0,,,,
train_002301,Train-Target-002301,point,55.84900471,61.24647193,9,134,185,1,optical,2.2625,31.4899,8.0,7.3562,57.7004,0.211357,single,1,120,5.0,,,,
train_000774,Train-Target-000774,point,-45.00154895,-116.83857011,4,103,183,1,optical,8.9483,30.8764,8.0,6.5256,74.2365,0.205252,single,1,120,5.0,,,,
train_000071,Train-Target-000071,area,50.95657584,-25.81532489,3,30,183,1,infrared,32.4518,61.7211,-90.0,8.3034,61.6205,0.376472,auto,0,120,20.0,107.0873,66.8100,172.3225,0.95
train_000893,Train-Target-000893,area,11.58516754,87.83037520,1,64,134,1,sar,12.3450,63.4725,-90.0,7.1280,35.3845,0.355008,auto,0,120,20.0,87.6903,108.9077,79.5879,0.95
train_001066,Train-Target-001066,area,40.61909174,-106.15567544,6,20,150,1,optical,9.6912,20.1570,8.0,4.8015,30.3997,0.215115,auto,0,120,20.0,113.4165,114.4800,215.0685,0.95
train_000075,Train-Target-000075,area,5.50877403,-87.37523249,10,48,144,1,infrared,39.1874,81.6897,-90.0,5.3115,68.3072,0.369251,auto,0,120,20.0,33.5563,16.6917,356.1554,0.95
train_000577,Train-Target-000577,point,3.18243943,113.38521955,3,65,172,1,infrared,20.1403,107.3350,-90.0,7.9389,53.7632,0.397275,single,1,120,5.0,,,,
train_000308,Train-Target-000308,area,-70.08006212,23.11674363,4,139,207,1,infrared,23.0482,58.7397,-90.0,6.2804,69.9887,0.426650,auto,0,120,20.0,106.7931,78.0292,340.6073,0.95
train_002002,Train-Target-002002,area,53.70012962,-130.88053902,9,2,155,1,optical,2.9109,47.0012,8.0,7.6107,44.5759,0.407336,auto,0,120,20.0,26.7581,41.7540,156.9129,0.95
train_000435,Train-Target-000435,area,-6.45880898,-7.46572129,9,173,237,1,sar,12.3675,103.9155,-90.0,6.2918,49.7609,0.244211,auto,0,120,20.0,43.4846,14.3283,5.8480,0.95
train_000500,Train-Target-000500,area,-7.63825082,165.26771302,1,2,136,1,infrared,34.5437,117.5744,-90.0,7.6541,36.3272,0.384480,auto,0,120,20.0,118.4906,58.9478,230.6564,0.95
train_000481,Train-Target-000481,point,-76.45510193,-8.05357963,10,42,189,1,sar,18.0113,91.2038,-90.0,8.0942,68.7616,0.329527,single,1,120,5.0,,,,
train_000509,Train-Target-000509,area,-7.97842952,-85.60227882,1,35,176,1,sar,15.8723,76.3285,-90.0,5.0019,55.3893,0.348381,auto,0,120,20.0,36.7295,47.9124,340.1899,0.95
train_002819,Train-Target-002819,area,-31.88804402,93.36263787,1,20,97,1,optical,4.1508,62.1538,8.0,8.2477,72.8717,0.407891,auto,0,120,20.0,30.2327,20.4759,268.8779,0.95
train_001747,Train-Target-001747,area,-1.91797745,-129.04310873,5,88,159,1,sar,21.4966,103.9015,-90.0,7.4024,89.2304,0.338311,auto,0,120,20.0,19.0338,44.2555,252.9355,0.95
train_002023,Train-Target-002023,area,-19.39468714,61.33908065,4,75,208,1,sar,20.3671,69.9762,-90.0,7.8255,42.1648,0.254437,auto,0,120,20.0,185.9901,250.4362,220.7180,0.95
train_001869,Train-Target-001869,point,-26.02301377,171.84846390,10,29,186,1,optical,6.5836,29.5863,8.0,6.5475,86.0089,0.384320,single,1,120,5.0,,,,
train_002172,Train-Target-002172,area,70.44942326,-50.54058050,4,64,136,1,optical,8.6058,45.7097,8.0,7.7435,69.1702,0.237472,auto,0,120,20.0,287.4652,268.9801,330.4276,0.95
train_002618,Train-Target-002618,area,6.60558457,115.17670797,10,117,216,1,optical,2.6288,27.3188,8.0,5.9689,68.8570,0.198928,auto,0,120,20.0,79.6148,98.7464,158.5679,0.95
train_000618,Train-Target-000618,area,14.36258811,170.69233065,6,34,107,1,optical,9.3458,17.3531,8.0,5.1010,79.7665,0.273214,auto,0,120,20.0,219.0705,162.6764,355.5609,0.95
train_000826,Train-Target-000826,area,-61.76393926,-166.63642719,6,116,221,1,infrared,28.1154,89.0843,-90.0,6.2238,44.8634,0.408877,auto,0,120,20.0,59.9146,121.9210,312.6959,0.95
train_003064,Train-Target-003064,area,-41.47593046,-47.66931694,8,80,239,1,sar,8.9086,105.7463,-90.0,7.5233,27.5344,0.346423,auto,0,120,20.0,116.8066,94.1022,135.7459,0.95
train_002180,Train-Target-002180,area,-1.43142159,-37.29401994,9,131,218,1,optical,9.0124,64.5865,8.0,7.0769,46.0013,0.327306,auto,0,120,20.0,273.9204,268.6409,94.3927,0.95
train_002304,Train-Target-002304,area,-18.44352856,-53.20993789,5,149,194,1,optical,7.9539,21.5812,8.0,6.3781,44.0327,0.209815,auto,0,120,20.0,37.0961,15.9725,49.9509,0.95
train_000766,Train-Target-000766,area,-31.36961291,15.71098641,6,62,123,1,optical,5.6661,53.7739,8.0,7.9407,41.7706,0.401347,auto,0,120,20.0,207.8535,154.9504,280.9191,0.95
train_002718,Train-Target-002718,area,-3.47571806,-10.96237105,6,53,206,1,optical,7.7090,15.5793,8.0,5.0049,78.1089,0.345372,auto,0,120,20.0,157.0028,210.6472,61.2703,0.95
train_001141,Train-Target-001141,point,-56.63086902,-117.10941084,6,73,192,1,optical,6.6608,63.6426,8.0,4.6895,28.2174,0.311832,simultaneous,2,120,5.0,,,,
train_001699,Train-Target-001699,area,67.58531107,23.27487390,10,30,158,1,optical,7.5085,11.1397,8.0,5.9993,89.6119,0.362480,auto,0,120,20.0,252.8535,283.9566,45.3653,0.95
train_001297,Train-Target-001297,area,-41.43757842,60.85567122,9,9,125,1,optical,9.7313,16.2675,8.0,5.7122,75.4930,0.358506,auto,0,120,20.0,165.3535,170.3151,306.4630,0.95
train_002017,Train-Target-002017,area,-26.66686309,18.08904663,1,85,217,1,optical,6.4805,42.2318,8.0,7.0921,22.6154,0.274706,auto,0,120,20.0,227.2519,286.8921,30.9348,0.95
train_002731,Train-Target-002731,area,6.06016534,-3.70312742,7,106,170,1,optical,5.4220,53.0921,8.0,6.3772,33.1288,0.328920,auto,0,120,20.0,116.3196,77.2020,246.1212,0.95
train_002353,Train-Target-002353,point,-8.29279321,-61.53082317,10,75,214,1,infrared,21.2477,56.9350,-90.0,6.7788,32.5333,0.181015,sequential,2,120,5.0,,,,
train_001267,Train-Target-001267,point,36.51625477,-157.16136526,4,3,92,1,optical,8.2659,57.9822,8.0,5.7417,65.0166,0.304430,single,1,120,5.0,,,,
train_001210,Train-Target-001210,area,-6.31501658,-18.96441470,6,24,69,1,sar,12.2267,66.7686,-90.0,8.3696,85.8167,0.322474,auto,0,120,20.0,114.5720,117.9002,171.4238,0.95
train_001338,Train-Target-001338,point,51.02655666,53.37411874,5,74,202,1,optical,2.3588,19.4714,8.0,7.5095,21.2269,0.209214,single,1,120,5.0,,,,
train_000978,Train-Target-000978,area,62.03889228,-77.48576553,2,165,225,1,sar,18.8306,39.2250,-90.0,8.1900,71.2767,0.191319,auto,0,120,20.0,143.9567,201.2821,31.4560,0.95
train_002135,Train-Target-002135,area,60.89521123,-113.36859364,3,0,128,1,optical,3.6714,31.4031,8.0,8.1435,53.5402,0.279190,auto,0,120,20.0,93.3636,134.5959,170.2067,0.95
train_002449,Train-Target-002449,area,-33.77740033,-5.18420167,5,89,234,1,optical,8.9661,37.9705,8.0,8.3822,44.8096,0.302970,auto,0,120,20.0,23.5001,46.1649,165.6009,0.95
train_001503,Train-Target-001503,point,-23.80241659,-31.18400032,7,175,217,1,optical,5.9906,17.0446,8.0,6.2259,29.2311,0.326916,single,1,120,5.0,,,,
train_001627,Train-Target-001627,point,12.55973842,90.77375663,10,18,100,1,optical,2.6448,23.4094,8.0,8.3869,65.1484,0.383862,sequential,2,120,5.0,,,,
train_001893,Train-Target-001893,area,-7.52773123,-69.08157385,4,6,144,1,sar,21.2549,49.0102,-90.0,5.6914,37.2910,0.320664,auto,0,120,20.0,47.0980,14.2309,315.4052,0.95
train_001526,Train-Target-001526,area,-19.40926009,-65.63093072,9,100,204,1,optical,7.5878,62.3320,8.0,7.3411,51.4930,0.321915,auto,0,120,20.0,46.6312,49.2311,44.3854,0.95
train_003013,Train-Target-003013,area,59.80392138,66.96929542,2,93,192,1,optical,4.1307,30.1841,8.0,6.7864,56.2438,0.312357,auto,0,120,20.0,51.2966,62.0523,98.1530,0.95
train_001061,Train-Target-001061,area,4.62766025,-2.00120323,1,159,222,1,sar,15.9487,68.0390,-90.0,8.0677,29.5443,0.244468,auto,0,120,20.0,111.7308,116.3098,290.6435,0.95
train_002645,Train-Target-002645,area,-12.12329164,155.07279498,6,1,81,1,optical,4.2911,43.1154,8.0,6.7655,76.2667,0.426871,auto,0,120,20.0,221.7941,173.3504,6.5204,0.95
train_001708,Train-Target-001708,area,-18.96554434,-28.49401759,3,70,185,1,optical,6.7051,13.1838,8.0,7.1890,50.3037,0.235635,auto,0,120,20.0,240.5783,166.2362,16.7316,0.95
train_000542,Train-Target-000542,area,-1.79818576,-2.78021044,1,4,111,1,optical,9.9409,54.6702,8.0,5.3827,89.7462,0.321012,auto,0,120,20.0,87.0512,101.1309,73.3512,0.95
train_001347,Train-Target-001347,area,57.61773303,3.30221082,8,19,116,1,sar,20.5648,72.8504,-90.0,7.7057,22.2101,0.239821,auto,0,120,20.0,134.3213,119.0667,144.5695,0.95
train_000499,Train-Target-000499,point,35.55203389,42.43451320,6,24,147,1,optical,3.9516,16.2081,8.0,6.2630,50.6811,0.375947,sequential,2,120,5.0,,,,
train_003032,Train-Target-003032,point,36.01353813,170.81522493,4,119,211,1,sar,9.8062,52.5223,-90.0,7.2804,39.3497,0.435478,single,1,120,5.0,,,,
train_001330,Train-Target-001330,area,-31.00185207,64.96782270,1,16,72,1,optical,9.7630,42.6697,8.0,6.3350,26.4844,0.428930,auto,0,120,20.0,48.2875,32.4911,27.5286,0.95
train_002537,Train-Target-002537,area,-18.79562277,-164.39312613,5,111,235,1,optical,2.1000,16.1803,8.0,8.2857,30.9313,0.293398,auto,0,120,20.0,285.1708,264.0276,276.4926,0.95
train_002950,Train-Target-002950,area,-44.58684638,-79.07633702,2,135,236,1,sar,19.8233,71.7423,-90.0,5.6001,27.7299,0.416154,auto,0,120,20.0,124.6139,97.3887,151.8010,0.95
train_001470,Train-Target-001470,point,9.08714543,-153.29092846,6,34,138,1,optical,5.6631,41.7009,8.0,5.0903,25.4911,0.292542,single,1,120,5.0,,,,
train_001024,Train-Target-001024,area,-6.67342455,-111.13612420,3,46,130,1,optical,7.6712,58.4052,8.0,5.6707,40.5014,0.352105,auto,0,120,20.0,13.5934,30.2371,328.1244,0.95
train_000632,Train-Target-000632,point,-0.84181906,-9.25797889,9,92,226,1,optical,2.1539,38.5315,8.0,7.2468,61.3323,0.389789,single,1,120,5.0,,,,
train_001423,Train-Target-001423,area,15.99801634,157.94268840,9,94,186,1,infrared,34.8321,83.5104,-90.0,5.0419,81.0179,0.259657,auto,0,120,20.0,42.3383,42.2769,96.6300,0.95
train_002070,Train-Target-002070,area,-25.57671139,-24.03385250,2,89,174,1,sar,13.1475,28.1278,-90.0,5.6037,80.0649,0.193525,auto,0,120,20.0,193.0116,189.4138,320.9570,0.95
train_000776,Train-Target-000776,area,-52.85142413,-136.87337628,10,43,165,1,optical,3.9416,17.5564,8.0,8.1754,34.6445,0.313769,auto,0,120,20.0,125.9248,87.9785,146.3225,0.95
train_000601,Train-Target-000601,area,60.22850345,173.80350191,6,21,143,1,sar,13.3001,43.8227,-90.0,6.4941,35.2030,0.264504,auto,0,120,20.0,108.8420,104.6579,262.3076,0.95
train_001097,Train-Target-001097,area,-19.65460035,-87.18499230,8,84,220,1,optical,7.5200,64.0607,8.0,7.3588,59.4429,0.272137,auto,0,120,20.0,111.2725,67.1718,267.8304,0.95
train_000864,Train-Target-000864,area,-23.09459999,132.53711179,4,45,192,1,sar,18.4819,97.2331,-90.0,6.1396,63.7363,0.318080,auto,0,120,20.0,86.7178,70.6396,143.6627,0.95
train_001077,Train-Target-001077,point,18.17381196,-71.03117015,6,80,216,1,sar,20.3082,47.7115,-90.0,6.7564,26.7329,0.196427,single,1,120,5.0,,,,
train_002564,Train-Target-002564,area,-42.08035354,60.38194781,1,96,216,1,optical,9.3333,36.6535,8.0,6.1329,87.6182,0.281900,auto,0,120,20.0,70.6726,70.9573,270.2730,0.95
train_002411,Train-Target-002411,area,82.57420087,-75.15606156,8,20,146,1,optical,3.1359,60.3079,8.0,6.2939,23.7753,0.214193,auto,0,120,20.0,35.6927,12.9421,75.8969,0.95
train_002198,Train-Target-002198,area,24.83909220,71.78587720,5,32,121,1,infrared,21.8713,64.8063,-90.0,7.0024,73.0211,0.441924,auto,0,120,20.0,90.9666,100.9091,44.8186,0.95
train_002544,Train-Target-002544,area,-5.17425761,-95.96624166,9,137,189,1,optical,4.7359,35.7403,8.0,7.1119,42.7417,0.414925,auto,0,120,20.0,36.8267,40.0454,181.7412,0.95
train_002741,Train-Target-002741,area,82.39794463,42.04794099,5,77,208,1,optical,3.2082,46.7374,8.0,7.3177,26.5634,0.216126,auto,0,120,20.0,12.8235,36.7876,18.1562,0.95
train_000634,Train-Target-000634,area,76.01210769,143.34349341,1,67,214,1,sar,18.2925,69.5075,-90.0,7.5352,69.6250,0.363950,auto,0,120,20.0,181.4003,205.0597,265.4282,0.95
train_002151,Train-Target-002151,area,-3.41443705,58.75461913,3,30,89,1,optical,6.4195,32.6403,8.0,8.1219,85.6988,0.307883,auto,0,120,20.0,119.8632,85.1105,246.4643,0.95
train_000523,Train-Target-000523,area,10.95272095,-63.68419330,8,12,106,1,sar,21.6835,52.1037,-90.0,4.6926,54.2018,0.352768,auto,0,120,20.0,101.8241,56.6044,129.8675,0.95
train_000473,Train-Target-000473,area,12.69087644,-113.78556218,5,88,203,1,optical,6.7542,40.6584,8.0,7.5575,87.6780,0.432480,auto,0,120,20.0,26.9425,43.0045,352.4599,0.95
train_002345,Train-Target-002345,area,-44.11225843,45.97092911,10,168,220,1,optical,6.7894,53.3020,8.0,7.1352,52.9250,0.321271,auto,0,120,20.0,17.2049,23.5113,192.0237,0.95
train_002214,Train-Target-002214,area,-21.29514169,36.31952616,8,50,156,1,optical,5.8965,36.5821,8.0,7.7278,34.7508,0.250215,auto,0,120,20.0,200.8039,215.4483,126.5366,0.95
train_000242,Train-Target-000242,point,-18.32885303,126.43690629,7,107,184,1,sar,11.6001,37.5629,-90.0,7.2657,86.0601,0.422850,sequential,2,120,5.0,,,,
train_002542,Train-Target-002542,area,86.03340187,-59.30510140,3,75,224,1,optical,4.9672,10.6807,8.0,8.3206,80.6981,0.434865,auto,0,120,20.0,26.4700,25.7726,285.0495,0.95
train_001436,Train-Target-001436,point,3.27893520,50.12918476,3,86,215,1,sar,10.4800,46.5189,-90.0,5.1564,20.3777,0.287449,sequential,2,120,5.0,,,,
train_001353,Train-Target-001353,area,-42.87531652,38.10561749,2,120,195,1,sar,20.6174,94.4133,-90.0,6.8794,63.4192,0.189835,auto,0,120,20.0,47.8780,14.8696,2.8788,0.95
train_001105,Train-Target-001105,area,21.81812198,-128.12871193,6,161,239,1,sar,8.6366,94.2343,-90.0,5.8580,73.4617,0.406972,auto,0,120,20.0,17.3533,24.5906,244.0480,0.95
train_001232,Train-Target-001232,point,14.56998425,-153.97420885,7,42,142,1,optical,3.4946,30.0006,8.0,5.7333,74.1666,0.287052,single,1,120,5.0,,,,
train_001748,Train-Target-001748,area,-27.98387624,64.05202025,6,84,238,1,optical,9.5402,30.0874,8.0,6.4687,56.4682,0.287284,auto,0,120,20.0,23.7579,45.5386,110.2447,0.95
train_002795,Train-Target-002795,area,10.27132424,-143.21895922,2,76,174,1,sar,13.9048,33.4014,-90.0,5.6479,23.0352,0.358246,auto,0,120,20.0,58.0577,51.1653,211.2027,0.95
train_002850,Train-Target-002850,point,-68.35526130,-157.65689652,7,104,158,1,optical,5.7549,13.1276,8.0,6.4506,25.3599,0.406510,sequential,2,120,5.0,,,,
train_001819,Train-Target-001819,point,27.68207408,107.13630113,4,90,137,1,optical,8.7402,50.6030,8.0,4.7452,42.8453,0.331062,simultaneous,2,120,5.0,,,,
train_000975,Train-Target-000975,point,-84.04482094,108.45070470,6,26,172,1,optical,5.4032,11.3622,8.0,7.8820,53.7435,0.256543,single,1,120,5.0,,,,
train_001633,Train-Target-001633,point,57.39562722,9.58915299,4,22,157,1,sar,16.6945,94.6308,-90.0,5.1925,87.3632,0.446320,simultaneous,2,120,5.0,,,,
train_001101,Train-Target-001101,point,-3.16396831,89.98199142,6,60,123,1,optical,6.5165,16.1644,8.0,7.2187,59.4574,0.379032,sequential,2,120,5.0,,,,
train_001314,Train-Target-001314,area,-39.72665005,112.71815195,6,79,174,1,optical,9.4541,56.1782,8.0,5.8505,47.5648,0.357917,auto,0,120,20.0,93.4772,99.8269,342.9600,0.95
train_002941,Train-Target-002941,area,-41.44309918,-60.44126460,8,32,134,1,sar,10.1556,52.5895,-90.0,4.6393,31.6131,0.251129,auto,0,120,20.0,94.8022,121.4740,138.6581,0.95
train_001041,Train-Target-001041,area,29.06383365,174.06783091,7,63,167,1,sar,8.7930,68.0736,-90.0,4.9327,79.6520,0.241609,auto,0,120,20.0,42.1711,30.6902,200.3057,0.95
train_000087,Train-Target-000087,point,-63.29542170,31.24160360,5,79,123,1,optical,5.4961,39.7411,8.0,7.6960,43.6930,0.369409,single,1,120,5.0,,,,
train_001638,Train-Target-001638,area,66.43409936,128.37982401,1,197,238,1,optical,6.3842,62.6220,8.0,5.5667,64.6716,0.356572,auto,0,120,20.0,107.5364,138.6376,119.5939,0.95
train_000552,Train-Target-000552,area,17.22521809,160.01170412,9,103,215,1,sar,8.8919,50.1770,-90.0,6.8842,69.3864,0.231368,auto,0,120,20.0,20.8958,33.6424,358.1002,0.95
train_002246,Train-Target-002246,area,26.38396286,91.90857770,2,107,234,1,optical,5.5718,50.1830,8.0,4.8547,22.3004,0.241318,auto,0,120,20.0,28.6114,49.8875,350.8890,0.95
train_000918,Train-Target-000918,area,22.27153831,-163.64559630,8,0,74,1,optical,7.0162,57.5820,8.0,7.9840,71.7130,0.209137,auto,0,120,20.0,291.9652,149.3337,90.6094,0.95
train_000558,Train-Target-000558,area,40.50519842,-120.53640934,6,16,66,1,optical,3.3903,24.5521,8.0,4.6492,22.0215,0.251771,auto,0,120,20.0,18.3194,47.2035,221.2284,0.95
train_001514,Train-Target-001514,point,-44.87997474,-90.43583870,4,51,208,1,optical,8.9580,35.7782,8.0,5.3149,70.6691,0.405445,single,1,120,5.0,,,,
train_002368,Train-Target-002368,area,-57.26971968,-168.50980783,2,37,127,1,sar,16.6469,102.6417,-90.0,7.9285,22.9938,0.340943,auto,0,120,20.0,121.7900,110.0365,41.9905,0.95
train_001516,Train-Target-001516,area,-28.64580987,81.60178878,9,183,225,1,optical,8.1691,13.4027,8.0,6.8657,27.3146,0.216639,auto,0,120,20.0,125.1201,85.4097,269.9825,0.95
train_000126,Train-Target-000126,area,8.09446359,71.16390052,6,20,127,1,optical,6.7944,21.6610,8.0,5.3708,75.8087,0.236728,auto,0,120,20.0,266.3819,198.5490,259.9868,0.95
train_001865,Train-Target-001865,area,-45.71976002,-66.78482405,7,45,171,1,infrared,24.0673,100.7873,-90.0,6.1960,47.0548,0.295659,auto,0,120,20.0,68.3419,100.0653,303.6625,0.95
train_001984,Train-Target-001984,point,-17.23500773,78.11132005,2,34,125,1,optical,4.5558,64.4781,8.0,7.5693,67.6204,0.190148,single,1,120,5.0,,,,
train_001743,Train-Target-001743,area,0.89846674,-121.11384708,7,64,153,1,optical,4.9578,41.8182,8.0,4.8147,78.8148,0.186150,auto,0,120,20.0,141.0642,148.8535,271.2959,0.95
train_001549,Train-Target-001549,area,54.63164158,-168.15806316,10,20,103,1,optical,6.8545,20.8043,8.0,7.0350,66.4011,0.373696,auto,0,120,20.0,196.5845,263.6907,80.1810,0.95
train_002797,Train-Target-002797,area,-25.16957438,-28.55547160,9,139,239,1,infrared,19.8474,103.2060,-90.0,5.1302,35.3293,0.265903,auto,0,120,20.0,242.5941,228.7406,142.8168,0.95
train_001899,Train-Target-001899,area,63.40827027,-21.60267255,9,100,224,1,sar,15.4075,83.2121,-90.0,4.9380,38.3262,0.271053,auto,0,120,20.0,25.9933,19.8097,112.1239,0.95
train_002980,Train-Target-002980,point,8.58538008,84.90552039,10,10,121,1,optical,2.0675,54.8642,8.0,8.1642,45.2850,0.347111,single,1,120,5.0,,,,
train_001990,Train-Target-001990,area,32.09010808,-159.39274054,6,83,132,1,sar,12.8035,65.9495,-90.0,5.0078,84.4912,0.329263,auto,0,120,20.0,245.3474,292.5407,134.0804,0.95
train_000093,Train-Target-000093,area,-26.04485042,-4.66121526,9,27,68,1,sar,13.3467,88.2643,-90.0,7.4103,45.0550,0.372763,auto,0,120,20.0,82.5720,74.9883,150.4145,0.95
train_001843,Train-Target-001843,area,-67.92677275,-174.09587967,3,43,192,1,optical,5.8455,11.2579,8.0,5.2424,53.1567,0.387426,auto,0,120,20.0,16.4065,41.6674,156.3387,0.95
train_000410,Train-Target-000410,point,-2.97276884,-168.04538284,1,70,208,1,sar,18.1830,45.8563,-90.0,5.7070,33.2612,0.380501,sequential,2,120,5.0,,,,
train_000100,Train-Target-000100,area,-53.73721040,-65.87919924,7,33,177,1,sar,10.3191,80.4879,-90.0,5.1330,79.9196,0.278808,auto,0,120,20.0,21.4370,34.2041,29.0803,0.95
train_001023,Train-Target-001023,area,-22.67582379,-155.15589596,9,35,176,1,optical,8.0124,24.2381,8.0,5.8751,24.9917,0.343192,auto,0,120,20.0,93.1970,65.1804,79.4217,0.95
train_000406,Train-Target-000406,area,-14.83693108,-148.51296372,1,57,184,1,optical,4.0248,20.9736,8.0,7.9126,31.3173,0.184202,auto,0,120,20.0,47.9540,36.3832,214.9342,0.95
train_001103,Train-Target-001103,area,17.19127837,101.64159615,1,114,231,1,sar,15.7152,71.4946,-90.0,5.2952,54.5394,0.419572,auto,0,120,20.0,48.8126,30.8268,301.9677,0.95
train_000035,Train-Target-000035,area,-16.33472286,174.24789976,2,14,153,1,optical,8.3549,11.8366,8.0,7.1363,85.2801,0.196173,auto,0,120,20.0,97.7350,59.9919,109.3613,0.95
train_001936,Train-Target-001936,area,51.51015887,-118.52852299,1,99,158,1,optical,2.7580,21.3493,8.0,6.6824,59.5582,0.424593,auto,0,120,20.0,21.0931,35.5349,52.4153,0.95
train_000617,Train-Target-000617,point,-11.62959139,17.63614553,4,1,133,1,optical,7.9826,62.9502,8.0,6.0552,82.6182,0.360625,single,1,120,5.0,,,,
train_000702,Train-Target-000702,area,50.00149682,125.73318138,10,96,191,1,optical,4.1628,44.2571,8.0,8.2064,44.1183,0.228285,auto,0,120,20.0,134.7366,61.7336,206.4223,0.95
train_001761,Train-Target-001761,area,2.01426596,66.52235264,4,146,227,1,sar,20.9194,66.6502,-90.0,5.2810,81.4517,0.290318,auto,0,120,20.0,28.8438,24.8823,279.8890,0.95
train_001411,Train-Target-001411,area,-0.89988759,-12.08289850,8,70,203,1,optical,6.3306,59.5642,8.0,8.2425,78.3465,0.422653,auto,0,120,20.0,56.7204,58.1271,303.9405,0.95
train_001001,Train-Target-001001,area,-29.65902395,-88.18653398,10,66,179,1,optical,7.8281,56.5068,8.0,6.1906,35.0176,0.280040,auto,0,120,20.0,34.9593,38.3687,198.0350,0.95
train_000773,Train-Target-000773,point,50.79107497,-35.71200561,2,32,167,1,optical,5.5214,44.0958,8.0,6.0112,37.7220,0.359162,single,1,120,5.0,,,,
train_000316,Train-Target-000316,area,8.70412930,-162.50551155,3,6,90,1,sar,19.6284,90.2365,-90.0,4.8964,25.7613,0.351359,auto,0,120,20.0,47.1906,24.1742,315.0313,0.95
train_000118,Train-Target-000118,area,15.42079362,-170.69573617,9,78,191,1,optical,3.0226,38.4438,8.0,7.8510,59.7268,0.227405,auto,0,120,20.0,70.8736,131.8046,101.2985,0.95
train_000686,Train-Target-000686,point,-2.98635321,169.17479712,5,57,175,1,optical,4.1772,44.9519,8.0,6.2211,73.4499,0.408564,single,1,120,5.0,,,,
train_002527,Train-Target-002527,area,21.38957635,-171.54785268,7,138,227,1,infrared,30.3880,119.7042,-90.0,6.7892,62.6165,0.392148,auto,0,120,20.0,63.3958,79.5674,240.2367,0.95
train_001075,Train-Target-001075,area,-9.71071318,178.46782119,10,80,129,1,optical,4.1683,54.5067,8.0,8.0642,86.6358,0.323663,auto,0,120,20.0,163.8688,286.5147,143.5558,0.95
train_001808,Train-Target-001808,area,37.54690899,50.49464482,7,19,98,1,infrared,38.7889,53.6722,-90.0,6.9510,28.5706,0.385234,auto,0,120,20.0,130.3121,129.7248,62.1732,0.95
train_000856,Train-Target-000856,point,20.29663529,29.97872932,1,76,146,1,sar,11.5514,36.1446,-90.0,6.6714,60.0805,0.292704,single,1,120,5.0,,,,
train_001367,Train-Target-001367,area,-11.79393724,-113.12681139,1,6,71,1,optical,9.0554,63.0384,8.0,5.8054,71.8241,0.293490,auto,0,120,20.0,36.9664,28.8460,97.9689,0.95
train_001087,Train-Target-001087,area,-11.49731894,-81.50955354,7,49,194,1,infrared,23.6000,87.3483,-90.0,7.3543,46.7743,0.188508,auto,0,120,20.0,154.4002,190.5008,196.5595,0.95
train_000299,Train-Target-000299,point,29.98681807,-29.26749752,7,156,233,1,optical,2.3762,59.1555,8.0,5.0213,87.9674,0.242524,single,1,120,5.0,,,,
train_001388,Train-Target-001388,area,-12.24118352,-30.08286627,7,18,177,1,optical,7.1446,15.9690,8.0,4.8609,37.7049,0.352486,auto,0,120,20.0,33.3185,30.5872,32.5338,0.95
train_000973,Train-Target-000973,area,-31.60545399,-123.83538338,2,56,197,1,sar,19.1495,87.8451,-90.0,4.7951,82.3904,0.285852,auto,0,120,20.0,286.0752,172.2210,274.1038,0.95
train_001989,Train-Target-001989,area,-34.56565875,158.16146582,7,90,223,1,sar,20.1109,90.3227,-90.0,5.1249,79.0325,0.194679,auto,0,120,20.0,31.6497,26.3072,349.2787,0.95
train_000669,Train-Target-000669,area,-16.38643232,123.70766620,7,24,69,1,optical,4.7172,58.6035,8.0,6.4969,67.8197,0.400713,auto,0,120,20.0,46.3785,36.2959,81.9309,0.95
train_002461,Train-Target-002461,area,42.57551548,21.31484514,9,120,174,1,optical,3.5119,26.5533,8.0,5.4559,74.7423,0.377795,auto,0,120,20.0,62.2609,97.9016,183.4777,0.95
train_000290,Train-Target-000290,area,31.63119097,37.72993853,9,13,122,1,sar,20.5759,32.8650,-90.0,4.8056,86.7881,0.306016,auto,0,120,20.0,80.6498,51.9753,208.3457,0.95
train_001698,Train-Target-001698,point,-3.14363994,-131.14334819,10,127,237,1,optical,6.5420,19.3039,8.0,4.7649,50.5634,0.432387,sequential,2,120,5.0,,,,
train_002066,Train-Target-002066,area,52.76296469,-117.07703840,5,73,215,1,sar,15.3183,47.2345,-90.0,5.2837,89.6705,0.267535,auto,0,120,20.0,214.3482,284.1167,313.8721,0.95
train_001879,Train-Target-001879,point,-26.16167180,-161.24110247,8,85,232,1,infrared,36.8211,86.2570,-90.0,8.0819,68.5382,0.386896,single,1,120,5.0,,,,
train_000321,Train-Target-000321,area,-33.08025086,152.35204546,3,57,117,1,optical,8.2691,62.8601,8.0,8.3281,84.9459,0.251986,auto,0,120,20.0,29.7440,41.9642,240.5390,0.95
train_002289,Train-Target-002289,point,-8.85676400,-92.04445790,4,138,191,1,sar,15.6916,30.1446,-90.0,6.8005,70.6267,0.217542,single,1,120,5.0,,,,
train_000968,Train-Target-000968,point,28.04404256,-69.70813558,8,81,138,1,optical,5.2154,44.7295,8.0,4.7500,81.5626,0.210467,single,1,120,5.0,,,,
train_002753,Train-Target-002753,area,4.90316868,86.03175632,3,120,227,1,sar,20.4717,70.1249,-90.0,6.4232,22.6403,0.351934,auto,0,120,20.0,34.4001,18.9152,6.2008,0.95
train_001628,Train-Target-001628,area,-51.36138772,55.32283639,5,66,192,1,optical,3.9113,62.0431,8.0,7.6080,47.9887,0.243010,auto,0,120,20.0,172.5713,226.9713,17.7123,0.95
train_001519,Train-Target-001519,area,56.33785552,166.96669888,6,20,113,1,sar,11.8952,79.7242,-90.0,7.3054,32.1321,0.240473,auto,0,120,20.0,34.0817,48.6626,59.7711,0.95
train_001166,Train-Target-001166,area,-4.63522093,-46.46277659,8,74,208,1,optical,7.9913,14.3703,8.0,7.9983,88.0354,0.449173,auto,0,120,20.0,29.1800,13.4056,169.3675,0.95
train_002637,Train-Target-002637,area,64.90581632,152.86750881,7,119,216,1,optical,2.1912,22.9154,8.0,7.1260,22.3424,0.297271,auto,0,120,20.0,154.7192,295.8407,188.9043,0.95
train_000515,Train-Target-000515,area,-69.19814631,128.80716584,8,157,230,1,optical,4.4518,26.6816,8.0,7.0669,75.6253,0.197149,auto,0,120,20.0,157.3963,208.2847,121.9779,0.95
train_001659,Train-Target-001659,area,5.68427284,-138.63999290,3,56,180,1,optical,8.7999,47.8558,8.0,6.9008,55.2094,0.314752,auto,0,120,20.0,178.2709,204.4243,98.3125,0.95
train_000055,Train-Target-000055,point,12.08393403,-74.14464289,7,51,151,1,optical,3.4663,59.0849,8.0,5.2407,41.9664,0.403764,single,1,120,5.0,,,,
train_001668,Train-Target-001668,area,34.73841712,176.10904182,3,0,114,1,infrared,20.3684,139.1593,-90.0,6.0511,29.5950,0.398275,auto,0,120,20.0,176.3484,168.6259,210.6674,0.95
train_002187,Train-Target-002187,area,-2.15196966,-58.48813087,8,44,196,1,optical,5.2398,50.1180,8.0,6.5071,76.6125,0.434289,auto,0,120,20.0,14.4291,25.2849,300.0882,0.95
train_001257,Train-Target-001257,point,30.75626909,-26.36870191,5,21,71,1,sar,12.2083,56.2124,-90.0,4.7399,20.5284,0.313216,single,1,120,5.0,,,,
train_002487,Train-Target-002487,area,12.12486052,-57.84674533,1,97,236,1,infrared,35.6065,84.8462,-90.0,8.3560,55.2650,0.396328,auto,0,120,20.0,24.3837,41.1733,267.6061,0.95
train_003062,Train-Target-003062,area,-13.75113551,78.79181484,4,46,194,1,optical,6.4995,18.4325,8.0,5.4674,41.3112,0.247779,auto,0,120,20.0,262.1685,189.1834,263.2797,0.95
train_000696,Train-Target-000696,area,-40.30297211,31.57056053,7,29,123,1,optical,6.1435,13.5128,8.0,6.1487,21.7757,0.334528,auto,0,120,20.0,75.5953,86.8886,76.8755,0.95
train_002982,Train-Target-002982,area,52.72383954,13.64781009,5,101,159,1,optical,7.8610,34.0835,8.0,5.2067,49.6162,0.384961,auto,0,120,20.0,44.3360,29.8958,330.1470,0.95
train_001752,Train-Target-001752,point,-22.71175144,73.67413184,8,78,181,1,optical,7.2040,12.0390,8.0,4.7728,71.4760,0.388274,single,1,120,5.0,,,,
train_001484,Train-Target-001484,area,-50.04119441,154.39005179,9,93,186,1,optical,4.7657,51.8538,8.0,6.1178,42.3350,0.219314,auto,0,120,20.0,37.7690,20.6289,286.2824,0.95
train_000903,Train-Target-000903,area,43.87330242,98.44705675,7,119,201,1,optical,8.8918,14.9300,8.0,6.4453,71.8926,0.322167,auto,0,120,20.0,280.3168,286.3407,332.1383,0.95
train_002333,Train-Target-002333,area,-24.06327425,-133.30208792,8,134,221,1,infrared,19.5733,68.0351,-90.0,6.8827,53.6362,0.402887,auto,0,120,20.0,26.2709,48.0208,129.1420,0.95
train_000738,Train-Target-000738,area,-9.41503636,-122.62320120,4,13,173,1,sar,9.1469,86.0437,-90.0,5.6972,82.2241,0.384963,auto,0,120,20.0,154.8991,242.3688,173.0231,0.95
train_001760,Train-Target-001760,area,23.08851949,45.64899560,10,26,143,1,optical,2.2691,25.5703,8.0,4.8464,57.5926,0.210311,auto,0,120,20.0,29.0495,15.0231,160.0869,0.95
train_002323,Train-Target-002323,area,3.06591048,14.84117275,7,80,212,1,optical,6.7770,42.1531,8.0,5.7054,30.5459,0.271666,auto,0,120,20.0,145.3948,183.8600,338.8749,0.95
train_002749,Train-Target-002749,area,-13.02049421,-40.87067546,8,64,184,1,optical,2.8125,14.8689,8.0,4.9844,59.6116,0.285316,auto,0,120,20.0,133.4714,103.2555,253.2164,0.95
train_000005,Train-Target-000005,area,-58.54540408,95.42162433,5,41,172,1,sar,15.5997,101.3358,-90.0,5.4127,23.7417,0.445403,auto,0,120,20.0,54.0032,79.1684,243.3584,0.95
train_001680,Train-Target-001680,point,54.89414856,-174.14040187,1,65,192,1,infrared,34.6916,73.7570,-90.0,7.3733,57.4097,0.335693,sequential,2,120,5.0,,,,
train_001220,Train-Target-001220,area,37.76980988,-166.93612171,9,74,204,1,infrared,26.0639,125.0956,-90.0,5.7273,54.1493,0.308703,auto,0,120,20.0,102.8101,50.9351,305.7859,0.95
train_000102,Train-Target-000102,area,62.06505276,-66.94276847,2,10,87,1,optical,2.6868,42.8898,8.0,4.7008,53.8115,0.377311,auto,0,120,20.0,34.9228,24.5065,25.3611,0.95
train_002932,Train-Target-002932,area,48.03740755,-129.99292968,7,160,214,1,optical,8.3605,25.0093,8.0,5.7583,63.7090,0.396641,auto,0,120,20.0,215.8317,182.6549,83.6617,0.95
train_000252,Train-Target-000252,area,-24.19157243,-101.64050157,7,15,81,1,optical,9.7766,62.5111,8.0,6.9877,59.9243,0.289675,auto,0,120,20.0,145.7266,222.4149,333.5158,0.95
train_000788,Train-Target-000788,area,13.85763849,-33.11733718,7,108,221,1,sar,19.2723,106.2034,-90.0,5.5786,82.9778,0.267439,auto,0,120,20.0,177.1957,156.6413,46.9533,0.95
train_000196,Train-Target-000196,area,-65.72189446,80.59258641,4,4,53,1,optical,6.0439,57.9919,8.0,7.5662,85.5444,0.308342,auto,0,120,20.0,39.4359,20.8521,248.5665,0.95
train_000124,Train-Target-000124,area,-4.66245568,-134.71419330,9,125,220,1,sar,11.8800,76.5029,-90.0,4.5145,22.8827,0.225825,auto,0,120,20.0,246.7216,273.9008,227.6188,0.95
train_000753,Train-Target-000753,area,-39.02125473,13.30646986,1,50,158,1,sar,13.2355,66.3186,-90.0,5.1621,82.6015,0.246486,auto,0,120,20.0,195.2976,145.8064,159.3129,0.95
train_002528,Train-Target-002528,area,4.24025009,-91.45206169,8,160,226,1,optical,2.2917,59.1066,8.0,4.9169,70.5901,0.365472,auto,0,120,20.0,120.5864,131.4542,190.1262,0.95
train_001326,Train-Target-001326,area,26.87849098,-121.30967999,2,118,206,1,sar,17.5839,76.9868,-90.0,5.7128,78.1896,0.355182,auto,0,120,20.0,41.0763,15.9073,31.1423,0.95
train_001485,Train-Target-001485,area,52.20136865,-50.12573758,7,42,156,1,sar,21.1699,64.9827,-90.0,4.9712,38.0688,0.275406,auto,0,120,20.0,31.8135,16.2595,83.3712,0.95
train_002952,Train-Target-002952,area,-25.92852181,132.64392246,2,47,149,1,optical,5.7370,21.8551,8.0,6.5973,27.5063,0.412836,auto,0,120,20.0,108.1595,83.1513,46.3347,0.95
train_000067,Train-Target-000067,area,32.17250531,-150.36781525,4,41,154,1,optical,4.4939,37.6446,8.0,4.5592,53.3688,0.247947,auto,0,120,20.0,251.9949,282.7434,305.3473,0.95
train_002430,Train-Target-002430,area,9.07825743,-38.13676421,3,61,212,1,sar,11.1360,52.2876,-90.0,6.6965,71.7386,0.180145,auto,0,120,20.0,261.0666,191.1258,33.6471,0.95
train_002248,Train-Target-002248,point,36.30531546,-9.60837881,8,49,194,1,sar,12.0581,87.1896,-90.0,7.5968,64.1869,0.370618,single,1,120,5.0,,,,
train_001407,Train-Target-001407,area,-49.06911872,17.18803177,8,36,165,1,infrared,30.4656,54.9691,-90.0,4.5092,80.4799,0.253940,auto,0,120,20.0,47.0126,47.5804,309.8731,0.95
train_002816,Train-Target-002816,point,-65.07606315,119.92588465,4,145,207,1,optical,3.8692,57.8871,8.0,8.3441,69.3369,0.275771,sequential,2,120,5.0,,,,
train_002867,Train-Target-002867,area,-59.80955316,-4.35417256,10,74,197,1,sar,14.3045,28.3596,-90.0,5.2352,46.8345,0.355567,auto,0,120,20.0,296.4381,196.1129,68.0147,0.95
train_000723,Train-Target-000723,point,10.44404953,-128.22619581,7,22,110,1,sar,9.3675,82.6795,-90.0,4.5868,86.9196,0.368666,simultaneous,2,120,5.0,,,,
train_003011,Train-Target-003011,area,-28.65310914,62.42689868,7,94,143,1,optical,8.1864,42.4903,8.0,7.4760,39.5039,0.392589,auto,0,120,20.0,135.4350,122.8176,82.3265,0.95
train_002640,Train-Target-002640,point,65.75596652,-96.48906011,3,19,70,1,infrared,18.1374,118.9888,-90.0,5.9881,41.6873,0.409516,single,1,120,5.0,,,,
train_001230,Train-Target-001230,area,-20.05000178,-63.98470777,1,8,106,1,sar,12.7224,69.0189,-90.0,6.4191,79.0104,0.230759,auto,0,120,20.0,288.4802,203.6391,268.5737,0.95
train_001115,Train-Target-001115,area,-3.22408238,74.83791793,5,115,182,1,optical,6.4680,23.3857,8.0,6.2469,25.6435,0.298989,auto,0,120,20.0,161.4399,151.8640,203.9355,0.95
train_000443,Train-Target-000443,area,-29.27844947,129.49355157,4,82,212,1,optical,7.9037,36.2234,8.0,7.9646,26.8769,0.367752,auto,0,120,20.0,27.7883,20.0096,317.6522,0.95
train_000090,Train-Target-000090,area,22.58221815,-113.42054231,4,133,212,1,optical,9.1217,64.9304,8.0,5.6857,38.4192,0.265239,auto,0,120,20.0,153.9878,232.7268,350.5248,0.95
train_001157,Train-Target-001157,area,-56.65804000,-74.54173244,6,26,95,1,sar,16.7858,88.1034,-90.0,5.5300,61.4908,0.264981,auto,0,120,20.0,102.5022,84.5402,305.6505,0.95
train_000251,Train-Target-000251,area,11.99162502,-178.21430792,7,154,196,1,sar,19.5392,92.7302,-90.0,6.5714,47.6758,0.259733,auto,0,120,20.0,27.3362,24.1174,76.6729,0.95
train_000958,Train-Target-000958,area,9.90593803,17.73096734,9,3,69,1,optical,8.2388,31.7278,8.0,7.9417,68.6087,0.265298,auto,0,120,20.0,115.4600,137.3964,109.7428,0.95
train_001560,Train-Target-001560,area,77.42256945,152.63240513,8,60,117,1,sar,19.7507,76.7159,-90.0,7.4535,30.5991,0.242650,auto,0,120,20.0,98.6670,126.5191,107.5427,0.95
train_000762,Train-Target-000762,point,-69.63464868,-147.36883207,9,10,110,1,optical,7.0305,48.0687,8.0,6.6708,87.9809,0.415983,single,1,120,5.0,,,,
train_002945,Train-Target-002945,area,8.42762781,166.53195448,4,102,232,1,sar,12.0102,98.0504,-90.0,5.4716,60.4503,0.422374,auto,0,120,20.0,28.6805,16.5669,245.5456,0.95
train_002833,Train-Target-002833,area,50.17828828,-146.71231807,4,76,188,1,optical,6.9318,38.2481,8.0,6.6899,32.3683,0.358045,auto,0,120,20.0,141.3057,204.8688,75.4922,0.95
train_000869,Train-Target-000869,area,-19.01073195,-47.95598482,6,105,186,1,optical,3.9084,16.6726,8.0,5.6414,50.6268,0.406731,auto,0,120,20.0,94.6703,124.5086,154.9487,0.95
train_001258,Train-Target-001258,area,-25.76861869,-108.11851471,10,127,205,1,infrared,26.2226,103.4557,-90.0,4.9612,59.9896,0.360164,auto,0,120,20.0,55.8552,125.3729,87.1753,0.95
train_001919,Train-Target-001919,point,29.30258684,58.04092981,1,32,161,1,optical,7.3914,58.0873,8.0,5.4198,56.9619,0.270847,sequential,2,120,5.0,,,,
train_001751,Train-Target-001751,area,5.56593220,142.22596445,8,50,206,1,optical,8.6981,43.1557,8.0,8.1144,64.6084,0.217619,auto,0,120,20.0,54.4092,84.0172,311.2093,0.95
train_001175,Train-Target-001175,area,53.57989031,-62.05458416,10,0,156,1,sar,17.9692,85.0260,-90.0,5.3597,77.9298,0.421084,auto,0,120,20.0,47.0553,18.7989,357.7346,0.95
train_001384,Train-Target-001384,area,-38.06417055,55.18777662,7,89,143,1,optical,6.2803,12.6400,8.0,7.0486,23.1344,0.212568,auto,0,120,20.0,126.1635,78.5778,293.6792,0.95
train_001462,Train-Target-001462,area,-16.86421419,-78.48531261,9,17,177,1,optical,6.5917,46.4409,8.0,7.0970,40.8985,0.239582,auto,0,120,20.0,132.4361,98.5701,97.7109,0.95
train_000819,Train-Target-000819,area,52.37247282,5.12040575,6,158,212,1,sar,11.4694,50.6886,-90.0,7.4208,67.7483,0.365196,auto,0,120,20.0,273.0552,249.9510,127.7269,0.95
train_000218,Train-Target-000218,point,59.50134097,141.60436150,9,61,209,1,sar,19.2482,76.1182,-90.0,6.5844,32.1591,0.348451,single,1,120,5.0,,,,
train_002406,Train-Target-002406,area,55.37663344,26.08517652,7,102,201,1,optical,7.2845,45.8189,8.0,5.9369,45.1776,0.276202,auto,0,120,20.0,144.5409,289.9122,65.2591,0.95
train_002265,Train-Target-002265,area,-74.34538853,-162.52677470,2,163,216,1,optical,6.5701,19.9134,8.0,7.5046,59.7653,0.448168,auto,0,120,20.0,282.6836,189.1274,94.9854,0.95
train_002597,Train-Target-002597,area,51.60130376,146.03013368,8,16,141,1,optical,2.5179,13.5331,8.0,6.1501,71.3803,0.404741,auto,0,120,20.0,49.3277,38.7004,22.8477,0.95
train_001770,Train-Target-001770,area,-14.20803696,28.59890552,3,123,170,1,optical,8.0501,36.6897,8.0,7.0933,60.2919,0.387239,auto,0,120,20.0,104.9969,54.8259,95.8067,0.95
train_000939,Train-Target-000939,area,37.07090649,-117.16377880,9,32,147,1,optical,3.3300,10.3499,8.0,4.8386,68.5665,0.195757,auto,0,120,20.0,23.7806,40.3609,320.7915,0.95
train_000979,Train-Target-000979,area,-18.81449546,34.27712051,8,78,202,1,optical,8.6173,33.9503,8.0,7.2783,88.8279,0.192522,auto,0,120,20.0,281.6322,262.8716,168.9901,0.95
train_002864,Train-Target-002864,area,30.61248647,-154.36000446,4,143,201,1,optical,4.4912,18.5798,8.0,7.9961,86.5392,0.218742,auto,0,120,20.0,220.9840,203.4154,128.4079,0.95
train_002539,Train-Target-002539,area,41.30118613,84.12219870,10,85,232,1,optical,4.5047,24.9186,8.0,6.5829,51.8480,0.288372,auto,0,120,20.0,115.2666,113.4676,237.7928,0.95
train_000472,Train-Target-000472,point,-3.02891552,-109.51421303,5,23,137,1,infrared,28.0506,53.9798,-90.0,7.1489,27.3973,0.369756,sequential,2,120,5.0,,,,
train_002011,Train-Target-002011,area,-33.62212305,-113.08814365,1,160,204,1,sar,9.9178,44.1667,-90.0,7.2125,61.2407,0.301818,auto,0,120,20.0,216.2981,193.4730,286.5198,0.95
train_002571,Train-Target-002571,area,-2.27216543,65.94828739,8,18,102,1,optical,3.1205,24.4773,8.0,7.4631,20.2705,0.394469,auto,0,120,20.0,19.6305,32.7967,192.0852,0.95
train_001656,Train-Target-001656,area,11.25269769,-129.89289585,3,105,214,1,optical,4.3516,58.7721,8.0,5.1880,67.1480,0.412003,auto,0,120,20.0,113.7671,85.8945,222.1265,0.95
train_001227,Train-Target-001227,area,6.40216569,17.03074300,2,19,166,1,optical,8.9233,28.2847,8.0,7.1592,63.6161,0.337797,auto,0,120,20.0,249.4354,293.1834,255.4339,0.95
train_002469,Train-Target-002469,point,-14.11130395,-53.74476401,2,85,227,1,sar,19.2139,92.2746,-90.0,6.1975,54.5703,0.255699,single,1,120,5.0,,,,
train_000642,Train-Target-000642,area,22.25761269,18.01615217,1,86,140,1,sar,21.7360,31.8851,-90.0,6.6921,78.5098,0.292806,auto,0,120,20.0,285.2132,192.5664,344.8556,0.95
train_001688,Train-Target-001688,point,-56.61107490,-127.66668692,10,9,101,1,optical,8.1370,49.1568,8.0,7.7040,45.2612,0.280308,simultaneous,2,120,5.0,,,,
train_000797,Train-Target-000797,area,-57.29829204,-68.52060619,1,52,175,1,optical,9.9855,36.4738,8.0,4.7819,22.9317,0.422448,auto,0,120,20.0,216.4954,189.9706,135.5522,0.95
train_003004,Train-Target-003004,point,20.20866088,-131.09428339,9,39,166,1,optical,5.5968,43.9872,8.0,5.0963,36.1950,0.199489,single,1,120,5.0,,,,
train_001559,Train-Target-001559,point,-54.52545490,11.75438260,5,88,213,1,optical,7.6083,14.4493,8.0,7.4659,49.5347,0.209636,single,1,120,5.0,,,,
train_000653,Train-Target-000653,area,34.12906217,-36.34338944,3,150,193,1,sar,15.0953,92.4031,-90.0,7.2574,26.9071,0.233095,auto,0,120,20.0,40.2335,45.8354,244.8085,0.95
train_002274,Train-Target-002274,point,25.91644026,130.38566876,8,126,184,1,optical,7.9862,46.9690,8.0,6.9729,79.5555,0.425738,single,1,120,5.0,,,,
train_001833,Train-Target-001833,area,73.61401955,103.31432052,4,45,94,1,optical,5.5264,35.5271,8.0,8.2710,89.5264,0.272457,auto,0,120,20.0,14.7529,12.8515,57.3298,0.95
train_000157,Train-Target-000157,area,-46.07872555,-109.59128240,4,105,215,1,optical,6.0811,48.5065,8.0,6.6602,63.9642,0.372096,auto,0,120,20.0,254.1527,142.5124,214.0977,0.95
train_000432,Train-Target-000432,point,2.72892962,54.36962377,7,96,231,1,optical,7.1902,39.5385,8.0,5.4138,35.4529,0.200468,sequential,2,120,5.0,,,,
train_001653,Train-Target-001653,area,-14.60974937,-69.72377935,5,20,129,1,sar,18.1364,28.4448,-90.0,6.3140,73.6235,0.281274,auto,0,120,20.0,144.5838,279.4967,107.6938,0.95
train_002156,Train-Target-002156,area,-72.15085320,29.24521304,6,46,148,1,optical,7.7385,11.7456,8.0,7.0064,22.4171,0.312441,auto,0,120,20.0,95.5708,89.9170,100.4152,0.95
train_000695,Train-Target-000695,area,0.95703485,10.00534131,7,93,168,1,optical,4.1919,16.2397,8.0,5.0559,87.4740,0.413894,auto,0,120,20.0,14.2933,40.7260,248.7789,0.95
train_002744,Train-Target-002744,area,3.41791931,-118.24558144,1,9,93,1,optical,5.1739,64.3111,8.0,5.4027,37.3779,0.381364,auto,0,120,20.0,100.3572,124.6101,120.5964,0.95
train_000492,Train-Target-000492,area,19.20613115,-168.61522018,3,38,190,1,sar,14.8194,65.7027,-90.0,6.6813,87.8109,0.328736,auto,0,120,20.0,145.8773,144.8026,106.2027,0.95
train_001459,Train-Target-001459,area,38.32356181,-128.78634404,1,51,208,1,sar,15.4446,51.4316,-90.0,5.9191,42.3276,0.272333,auto,0,120,20.0,273.4707,234.4723,316.8517,0.95
train_001081,Train-Target-001081,area,16.06367213,83.88534653,2,8,55,1,optical,9.0530,42.6178,8.0,8.0910,49.7295,0.392077,auto,0,120,20.0,13.5440,40.6260,50.9646,0.95
train_001277,Train-Target-001277,point,44.32064040,-14.16523783,5,49,109,1,sar,8.1446,78.7442,-90.0,8.3360,84.2529,0.253604,single,1,120,5.0,,,,
train_000837,Train-Target-000837,area,12.65183241,-159.73161464,1,126,231,1,sar,9.6625,81.3657,-90.0,7.5287,87.3280,0.374509,auto,0,120,20.0,59.7079,105.2596,40.3271,0.95
train_002854,Train-Target-002854,point,27.36546464,140.93322110,4,35,105,1,optical,4.8827,46.7769,8.0,5.3982,49.7416,0.302271,single,1,120,5.0,,,,
train_001207,Train-Target-001207,area,-43.29389007,84.06993444,6,12,156,1,optical,7.8815,16.9259,8.0,4.7150,84.8019,0.373204,auto,0,120,20.0,134.9400,66.7469,92.7062,0.95
train_000769,Train-Target-000769,area,-29.89443247,-125.36389438,10,57,158,1,optical,2.8482,39.3748,8.0,4.9654,44.8352,0.319716,auto,0,120,20.0,13.0851,30.7765,277.7367,0.95
train_000831,Train-Target-000831,area,24.69276764,-22.27199645,7,60,208,1,optical,4.4652,46.0960,8.0,5.7447,40.7331,0.201296,auto,0,120,20.0,165.9560,271.1517,137.2052,0.95
train_002150,Train-Target-002150,point,57.85486504,124.76390144,4,47,165,1,sar,18.3705,91.0044,-90.0,5.8618,83.6016,0.366002,simultaneous,2,120,5.0,,,,
train_000877,Train-Target-000877,area,61.85332223,-175.56734073,2,58,147,1,optical,2.3968,13.8249,8.0,4.9266,23.3358,0.187174,auto,0,120,20.0,39.5356,15.3155,335.5686,0.95
train_001613,Train-Target-001613,area,-15.10538762,22.42738304,6,4,102,1,optical,8.4765,50.0062,8.0,5.2053,86.6632,0.262479,auto,0,120,20.0,17.0040,22.5856,55.0588,0.95
train_002483,Train-Target-002483,area,-11.62805940,-17.89108621,9,60,168,1,sar,19.5247,31.4386,-90.0,6.5341,86.5597,0.428667,auto,0,120,20.0,182.5806,278.0969,7.2951,0.95
train_001686,Train-Target-001686,area,-34.29515481,-54.64154418,8,46,146,1,optical,4.4828,61.0953,8.0,7.5793,39.2005,0.321445,auto,0,120,20.0,44.0972,34.3120,275.0996,0.95
train_000925,Train-Target-000925,area,-23.21743189,-47.81386310,9,40,111,1,optical,3.4421,18.0866,8.0,4.8405,58.9868,0.329622,auto,0,120,20.0,45.7385,40.4402,354.3420,0.95
train_001363,Train-Target-001363,area,-46.63043635,72.53500554,1,89,202,1,sar,20.5535,103.5726,-90.0,4.7934,59.2600,0.371104,auto,0,120,20.0,84.1150,109.0427,213.0465,0.95
train_001546,Train-Target-001546,point,-12.64501010,59.49435144,2,14,99,1,optical,5.7769,40.2957,8.0,4.7320,27.6055,0.401688,single,1,120,5.0,,,,
train_000655,Train-Target-000655,area,-10.16936269,101.28074937,4,115,238,1,optical,2.2849,60.9576,8.0,6.0926,22.0544,0.354692,auto,0,120,20.0,132.5656,107.4557,340.1104,0.95
train_000098,Train-Target-000098,area,-69.27013768,175.22755616,10,130,211,1,optical,3.2769,56.0723,8.0,5.6220,48.4409,0.290885,auto,0,120,20.0,98.9647,103.8608,283.2314,0.95
train_000188,Train-Target-000188,point,-53.54064531,168.79583134,5,15,168,1,optical,3.3543,37.0650,8.0,6.3212,72.1544,0.232089,single,1,120,5.0,,,,
train_002316,Train-Target-002316,area,-3.45415695,-166.79071221,7,169,219,1,optical,5.0504,36.0592,8.0,4.9245,25.9152,0.222255,auto,0,120,20.0,209.9636,243.8109,276.3828,0.95
train_002498,Train-Target-002498,area,31.54514417,-123.50538782,5,50,103,1,optical,5.8799,32.1332,8.0,7.9439,37.7605,0.373297,auto,0,120,20.0,199.0170,283.3672,251.0212,0.95
train_002568,Train-Target-002568,area,37.19935481,-139.11712326,2,73,231,1,sar,11.2882,48.9590,-90.0,5.5640,39.4392,0.234876,auto,0,120,20.0,242.4697,148.7348,277.3289,0.95
train_001878,Train-Target-001878,point,-36.44127953,87.56607898,2,53,94,1,sar,16.6648,40.5241,-90.0,8.0326,20.5875,0.421544,single,1,120,5.0,,,,
train_000573,Train-Target-000573,area,-24.56578580,80.94936967,7,27,96,1,optical,3.6470,53.1792,8.0,5.7092,32.9825,0.362676,auto,0,120,20.0,38.3426,19.8241,308.4434,0.95
train_002294,Train-Target-002294,area,9.58105041,-21.09920527,1,18,144,1,optical,6.4657,51.7122,8.0,5.5827,63.5756,0.382693,auto,0,120,20.0,80.0042,125.9215,193.8244,0.95
train_000689,Train-Target-000689,point,-37.88588536,-82.46674469,9,49,100,1,optical,8.4454,14.0712,8.0,6.9953,86.9869,0.315244,single,1,120,5.0,,,,
train_002696,Train-Target-002696,area,66.31992408,33.33801699,9,6,159,1,infrared,23.0114,96.5410,-90.0,6.3707,77.1286,0.352016,auto,0,120,20.0,214.8542,224.7322,15.2687,0.95
train_001304,Train-Target-001304,area,-3.90711416,-178.12597905,8,79,216,1,optical,5.1905,60.7312,8.0,6.7274,61.5114,0.355495,auto,0,120,20.0,29.7807,45.7412,280.3910,0.95
train_000626,Train-Target-000626,area,-16.51813974,-15.78259566,3,45,171,1,optical,3.9864,52.3218,8.0,6.0098,79.7018,0.191612,auto,0,120,20.0,121.7085,133.2610,141.5563,0.95
train_001176,Train-Target-001176,point,32.42259200,96.16559613,3,122,195,1,optical,2.7164,64.6507,8.0,8.1802,51.6278,0.266431,single,1,120,5.0,,,,
train_001766,Train-Target-001766,point,-68.08207352,-99.66103825,5,142,188,1,optical,4.5261,24.5065,8.0,4.9573,60.1297,0.376922,sequential,2,120,5.0,,,,
train_000675,Train-Target-000675,area,-63.80443099,54.36209618,2,81,154,1,optical,4.9802,50.0308,8.0,7.0138,75.8410,0.274895,auto,0,120,20.0,260.7782,170.4265,204.8068,0.95
train_000932,Train-Target-000932,point,27.29503618,-87.03803854,7,66,166,1,sar,16.3908,96.7383,-90.0,8.2548,31.4826,0.248647,single,1,120,5.0,,,,
train_000409,Train-Target-000409,area,64.47716621,73.50178527,6,179,221,1,infrared,19.2522,127.0486,-90.0,4.8907,53.8333,0.257253,auto,0,120,20.0,171.2869,169.7887,20.5086,0.95
train_000216,Train-Target-000216,area,-15.30842182,137.38979105,5,71,226,1,optical,8.6555,35.1409,8.0,6.6545,79.2510,0.383159,auto,0,120,20.0,175.4881,217.9481,102.2038,0.95
train_000697,Train-Target-000697,area,-59.81907663,122.59097052,2,30,170,1,sar,17.5662,47.8369,-90.0,6.3222,43.8187,0.358176,auto,0,120,20.0,126.3098,116.0964,251.4769,0.95
train_003003,Train-Target-003003,area,27.03246662,46.63168883,4,154,202,1,sar,11.6842,40.8457,-90.0,5.2792,55.4435,0.289519,auto,0,120,20.0,160.4284,148.5415,336.4747,0.95
train_002207,Train-Target-002207,area,77.74266815,-89.35319533,1,69,197,1,optical,5.1562,62.4454,8.0,5.6336,72.6009,0.338016,auto,0,120,20.0,21.3514,24.1473,104.1011,0.95
train_001824,Train-Target-001824,point,1.20462805,126.77333336,3,53,136,1,optical,3.0868,26.7292,8.0,8.3257,45.8997,0.218037,sequential,2,120,5.0,,,,
train_002884,Train-Target-002884,area,15.81085262,-118.85662746,4,75,214,1,optical,9.2069,29.6204,8.0,8.0315,64.5888,0.378740,auto,0,120,20.0,51.8443,88.5429,136.6277,0.95
train_000376,Train-Target-000376,area,31.41892715,179.78971900,6,159,238,1,optical,9.5931,64.8184,8.0,7.6040,70.5751,0.324954,auto,0,120,20.0,75.6720,68.4795,299.2608,0.95
train_001241,Train-Target-001241,area,-19.07999286,27.85479743,4,92,185,1,sar,13.7504,32.0535,-90.0,7.3229,57.3535,0.435719,auto,0,120,20.0,25.8944,42.4412,163.6572,0.95
train_003022,Train-Target-003022,area,-27.70183635,-110.60384383,4,74,208,1,infrared,21.3946,134.7791,-90.0,4.5135,62.7379,0.327166,auto,0,120,20.0,18.9140,45.9004,143.1055,0.95
train_000044,Train-Target-000044,point,53.21378615,113.86567039,4,40,111,1,optical,3.3883,49.3046,8.0,4.6571,51.0471,0.313102,sequential,2,120,5.0,,,,
train_002865,Train-Target-002865,area,45.97010507,-4.54732984,9,18,128,1,optical,3.3993,55.1418,8.0,5.2021,74.7879,0.312925,auto,0,120,20.0,102.1181,112.9414,40.8964,0.95
train_002536,Train-Target-002536,point,-35.96645330,15.64637359,8,32,154,1,optical,2.8997,19.9721,8.0,6.3465,25.8897,0.247489,single,1,120,5.0,,,,
train_002227,Train-Target-002227,point,47.38968472,170.92416562,10,69,114,1,optical,3.6886,64.7390,8.0,5.4319,56.6443,0.290810,simultaneous,2,120,5.0,,,,
train_002714,Train-Target-002714,area,-36.07282276,24.09553198,10,78,208,1,sar,8.7735,32.6936,-90.0,4.8204,28.1920,0.244824,auto,0,120,20.0,48.7073,28.9934,262.0685,0.95
train_002380,Train-Target-002380,area,30.14339682,171.90746361,4,47,198,1,optical,7.3042,47.6547,8.0,8.3479,77.8840,0.434172,auto,0,120,20.0,58.5877,58.4209,236.7846,0.95
train_001717,Train-Target-001717,area,0.69767019,-20.89337391,10,75,219,1,optical,9.2529,22.6906,8.0,5.1717,69.6997,0.335583,auto,0,120,20.0,105.9661,52.2559,50.5292,0.95
train_002937,Train-Target-002937,area,48.36842783,22.18684456,8,129,196,1,optical,7.8972,20.2916,8.0,8.2353,46.1160,0.356817,auto,0,120,20.0,26.1114,31.0588,71.1488,0.95
train_000467,Train-Target-000467,point,83.41487125,-170.50513674,6,55,170,1,optical,7.9264,50.4384,8.0,6.0662,68.4979,0.190948,single,1,120,5.0,,,,
train_002563,Train-Target-002563,area,4.34186426,70.68367946,4,11,112,1,optical,3.8375,44.5761,8.0,6.4860,56.6755,0.204171,auto,0,120,20.0,22.6999,31.4057,291.0867,0.95
train_000385,Train-Target-000385,area,-34.33422999,128.17089553,8,28,159,1,optical,4.5010,35.8259,8.0,5.7298,43.7167,0.423295,auto,0,120,20.0,200.4776,282.0601,49.0702,0.95
train_002881,Train-Target-002881,area,47.22690371,-49.18703770,1,43,117,1,optical,4.0399,20.5105,8.0,6.7410,22.7061,0.339308,auto,0,120,20.0,68.5056,95.8040,171.6568,0.95
train_001515,Train-Target-001515,area,19.19746754,112.92841640,7,41,170,1,sar,12.1086,55.0076,-90.0,8.0024,85.4713,0.258459,auto,0,120,20.0,188.1868,275.7413,199.8836,0.95
train_002407,Train-Target-002407,area,-35.83866368,-9.92499534,2,92,238,1,optical,5.8990,23.8906,8.0,8.1026,33.1796,0.307977,auto,0,120,20.0,198.0785,187.5681,125.9573,0.95
train_000779,Train-Target-000779,area,-16.97192739,142.55095710,7,94,151,1,optical,7.2554,19.5605,8.0,6.0026,77.2034,0.426427,auto,0,120,20.0,175.3903,202.6799,114.7659,0.95
train_000974,Train-Target-000974,area,53.92223298,-74.68883849,2,141,237,1,sar,15.1240,85.9718,-90.0,7.4887,54.9615,0.246400,auto,0,120,20.0,121.3495,121.2147,287.4563,0.95
train_000586,Train-Target-000586,area,-38.87465678,63.26209338,1,42,192,1,infrared,31.3241,120.7359,-90.0,5.0372,33.5104,0.443892,auto,0,120,20.0,79.6633,62.6481,59.4284,0.95
train_002825,Train-Target-002825,area,-8.35346265,133.90940832,4,20,127,1,optical,9.0489,35.3296,8.0,6.5977,29.7236,0.329054,auto,0,120,20.0,212.6249,140.2558,162.2312,0.95
train_000630,Train-Target-000630,area,71.67194138,56.22447385,4,101,189,1,optical,8.6280,10.6197,8.0,6.3582,45.0328,0.436744,auto,0,120,20.0,39.4710,26.7043,213.3977,0.95
train_000113,Train-Target-000113,point,-47.58122797,-58.99496795,10,21,160,1,optical,5.6735,61.7299,8.0,5.0612,84.2625,0.385315,single,1,120,5.0,,,,
train_002515,Train-Target-002515,area,-29.26032529,57.15681234,9,80,219,1,sar,10.4395,100.6990,-90.0,7.5940,38.3991,0.304204,auto,0,120,20.0,50.4218,116.9755,177.2782,0.95
train_001271,Train-Target-001271,area,27.48117822,-95.70859198,4,56,206,1,optical,6.9537,19.5980,8.0,5.1189,52.2564,0.211942,auto,0,120,20.0,236.0585,208.9756,218.2670,0.95
train_000649,Train-Target-000649,area,6.82297340,21.44522561,7,2,134,1,optical,8.8432,47.4162,8.0,6.9716,72.0714,0.292027,auto,0,120,20.0,199.2455,272.2838,74.6911,0.95
train_002188,Train-Target-002188,area,10.05646188,149.35470618,5,138,187,1,optical,3.2470,17.5416,8.0,8.0134,27.6222,0.299505,auto,0,120,20.0,33.5023,46.3612,41.8039,0.95
train_000658,Train-Target-000658,area,-29.71476529,24.04516677,9,36,184,1,optical,9.7971,24.8853,8.0,4.6010,53.1828,0.383592,auto,0,120,20.0,133.0306,90.0463,66.6064,0.95
train_002920,Train-Target-002920,area,3.84692850,-38.28865591,1,93,169,1,optical,8.0332,38.0389,8.0,6.7669,46.8787,0.373839,auto,0,120,20.0,15.7848,24.6266,320.4567,0.95
train_002168,Train-Target-002168,area,-19.40134001,-117.73669586,5,64,163,1,sar,17.1671,75.9908,-90.0,4.5564,83.0610,0.379464,auto,0,120,20.0,161.5185,276.0032,306.2248,0.95
train_002282,Train-Target-002282,area,70.84069135,87.60470043,3,24,81,1,optical,7.7539,47.5613,8.0,5.0496,38.7833,0.245196,auto,0,120,20.0,241.1969,146.4166,87.9982,0.95
train_002971,Train-Target-002971,area,-82.98817459,-100.05751835,4,6,123,1,optical,3.8586,55.4631,8.0,6.5103,73.8327,0.275930,auto,0,120,20.0,130.5742,94.3865,338.3097,0.95
train_002238,Train-Target-002238,area,42.26568653,158.87797753,10,126,206,1,optical,8.5914,33.3378,8.0,5.2707,89.9925,0.319292,auto,0,120,20.0,15.1602,24.7761,163.1264,0.95
train_002174,Train-Target-002174,area,-48.89546503,-131.13301109,9,11,109,1,optical,7.2110,58.2633,8.0,6.3365,32.1983,0.263297,auto,0,120,20.0,56.0169,74.7676,347.5131,0.95
train_002337,Train-Target-002337,area,-13.60119978,-123.96707231,5,131,199,1,sar,20.1181,28.6291,-90.0,7.9484,68.4313,0.331410,auto,0,120,20.0,140.6420,293.6211,34.6591,0.95
train_002733,Train-Target-002733,area,-19.72888440,61.14571396,1,43,175,1,optical,8.9760,20.0784,8.0,7.0602,65.8396,0.273488,auto,0,120,20.0,43.7149,42.4840,336.8269,0.95
train_002814,Train-Target-002814,area,-75.26661292,-46.84008996,2,55,198,1,sar,12.2049,48.6676,-90.0,4.7289,67.1683,0.249859,auto,0,120,20.0,90.0399,55.0856,307.4893,0.95
train_002397,Train-Target-002397,area,-62.17330318,158.20984973,5,4,105,1,optical,8.1309,39.3136,8.0,4.7988,81.2170,0.377319,auto,0,120,20.0,16.8465,34.3979,128.2565,0.95
train_000017,Train-Target-000017,point,4.08962307,-112.67002805,5,36,173,1,optical,5.9036,40.5912,8.0,6.4216,64.6871,0.416498,single,1,120,5.0,,,,
train_002742,Train-Target-002742,area,42.16065993,-84.07627345,3,135,216,1,infrared,18.1960,105.7101,-90.0,5.0862,52.4236,0.231307,auto,0,120,20.0,270.7150,296.1528,81.1713,0.95
train_001716,Train-Target-001716,area,-6.79777896,78.24978798,9,3,113,1,optical,2.7747,48.1841,8.0,6.2486,42.4332,0.385678,auto,0,120,20.0,211.6203,230.6545,23.3547,0.95
train_000889,Train-Target-000889,area,-13.78543304,122.52331151,7,162,217,1,sar,17.2156,75.6134,-90.0,6.9388,36.6046,0.307415,auto,0,120,20.0,28.6253,29.5559,228.6958,0.95
train_001153,Train-Target-001153,area,-5.35766756,-65.76892087,9,1,88,1,sar,15.6167,35.1884,-90.0,8.1571,57.6271,0.415431,auto,0,120,20.0,233.8857,143.5200,234.0472,0.95
train_002302,Train-Target-002302,area,18.58157691,-35.59453263,7,160,233,1,optical,2.4722,20.3333,8.0,6.2058,26.1784,0.424993,auto,0,120,20.0,259.3739,218.8477,243.5326,0.95
train_002330,Train-Target-002330,point,-7.08458860,18.79419335,4,64,208,1,optical,3.0453,30.9271,8.0,4.6421,52.2263,0.197602,sequential,2,120,5.0,,,,
train_000493,Train-Target-000493,area,-68.63325441,-124.67440603,1,66,215,1,optical,3.1629,39.1371,8.0,7.0076,84.3952,0.324902,auto,0,120,20.0,44.2343,43.3491,189.1537,0.95
train_001062,Train-Target-001062,point,9.20181824,-51.46692122,1,15,169,1,optical,5.3879,10.7848,8.0,6.0304,62.9581,0.277740,sequential,2,120,5.0,,,,
train_002935,Train-Target-002935,area,6.54503443,137.49360746,4,38,193,1,optical,9.3754,54.5585,8.0,7.0045,42.7025,0.337493,auto,0,120,20.0,274.8540,235.3155,60.8118,0.95
train_001650,Train-Target-001650,area,-75.51977155,-51.23525836,8,58,105,1,optical,8.4661,28.8664,8.0,7.3910,82.0853,0.411472,auto,0,120,20.0,17.9222,13.4554,227.3282,0.95
train_000430,Train-Target-000430,area,33.19761992,-28.64629576,10,25,173,1,optical,4.5920,27.9658,8.0,6.8000,38.7053,0.445923,auto,0,120,20.0,89.4278,80.3803,7.9129,0.95
train_002039,Train-Target-002039,area,-3.74997870,67.15451594,3,85,236,1,sar,21.5606,35.9063,-90.0,7.9561,36.6640,0.369015,auto,0,120,20.0,16.7373,41.8842,185.2583,0.95
train_000881,Train-Target-000881,area,-36.52120347,-57.67455509,3,50,176,1,optical,9.9778,55.6158,8.0,6.3983,80.6007,0.196583,auto,0,120,20.0,32.0690,33.1892,131.7824,0.95
train_001036,Train-Target-001036,area,29.04680972,74.91186560,7,63,209,1,optical,2.3240,49.9410,8.0,5.3378,56.6193,0.389823,auto,0,120,20.0,289.3687,255.3779,190.9615,0.95
train_002427,Train-Target-002427,area,-16.45567476,-90.36885413,9,177,222,1,optical,2.3120,58.1561,8.0,6.1004,80.4005,0.222144,auto,0,120,20.0,90.2022,113.2850,289.7402,0.95
train_000254,Train-Target-000254,point,-36.93093329,157.12165435,3,0,118,1,optical,6.4733,40.6326,8.0,4.7598,50.4369,0.216386,single,1,120,5.0,,,,
train_002807,Train-Target-002807,point,42.83019414,-143.00307755,6,65,192,1,optical,5.5090,11.0599,8.0,5.5719,23.0753,0.311420,single,1,120,5.0,,,,
train_002392,Train-Target-002392,area,-0.15633836,59.46023027,10,10,161,1,sar,13.0332,43.2078,-90.0,8.1697,69.1210,0.357885,auto,0,120,20.0,134.4399,116.8829,359.9299,0.95
train_001072,Train-Target-001072,area,-10.48015222,92.70078211,10,74,134,1,optical,3.8473,33.1765,8.0,6.6291,62.5718,0.363685,auto,0,120,20.0,147.3373,147.2977,174.7115,0.95
train_000279,Train-Target-000279,area,52.12051924,-153.40504019,3,62,199,1,sar,19.0977,62.3824,-90.0,7.6927,70.6804,0.225139,auto,0,120,20.0,100.7599,93.6179,357.0342,0.95
train_001047,Train-Target-001047,point,7.09308718,-81.31683055,1,79,233,1,optical,9.0001,15.2408,8.0,7.6176,61.8164,0.314694,single,1,120,5.0,,,,
train_000241,Train-Target-000241,point,-30.91891219,146.68078249,2,8,145,1,sar,15.2181,57.9292,-90.0,7.0681,63.1965,0.232369,single,1,120,5.0,,,,
train_002401,Train-Target-002401,point,51.67198347,103.27925555,5,67,131,1,optical,9.8387,27.7872,8.0,6.4292,69.1987,0.218457,single,1,120,5.0,,,,
train_002931,Train-Target-002931,area,-74.80445990,-118.35336580,5,5,89,1,optical,8.6392,38.1019,8.0,6.6526,73.4095,0.416774,auto,0,120,20.0,162.0790,241.4129,141.0192,0.95
train_000332,Train-Target-000332,area,57.46547273,-105.93342684,3,15,157,1,optical,5.7100,37.4164,8.0,6.1360,70.5083,0.184666,auto,0,120,20.0,37.2580,37.4488,302.2812,0.95
train_001913,Train-Target-001913,area,14.01111706,74.13605600,8,76,133,1,sar,14.6216,80.3864,-90.0,6.6161,30.4579,0.286442,auto,0,120,20.0,139.8761,89.5873,148.6247,0.95
train_000092,Train-Target-000092,area,-57.31624007,134.48684007,5,56,128,1,sar,15.4727,101.5037,-90.0,7.5327,34.1111,0.314377,auto,0,120,20.0,32.4509,23.2489,205.9984,0.95
train_001299,Train-Target-001299,point,43.65575880,113.07040432,5,45,202,1,optical,6.3600,51.9525,8.0,8.0862,35.3590,0.341810,single,1,120,5.0,,,,
train_002441,Train-Target-002441,area,43.46821122,73.35594363,4,84,200,1,sar,16.7626,57.3696,-90.0,5.2211,52.3077,0.181148,auto,0,120,20.0,209.2506,250.6797,51.8980,0.95
train_001433,Train-Target-001433,area,25.77625671,-29.31546768,6,127,198,1,sar,11.0032,68.6886,-90.0,4.5401,87.2688,0.370153,auto,0,120,20.0,25.6839,16.5286,354.5268,0.95
train_002719,Train-Target-002719,area,-17.65883275,-135.01285047,1,83,155,1,optical,8.5960,18.8618,8.0,8.1874,62.2389,0.188026,auto,0,120,20.0,136.1526,112.2634,168.4054,0.95
train_001776,Train-Target-001776,area,-18.89310975,90.48476619,4,127,225,1,sar,17.5646,77.2563,-90.0,7.6896,42.9191,0.348114,auto,0,120,20.0,296.5616,219.4082,241.3157,0.95
train_000150,Train-Target-000150,area,-28.85916810,-150.27030837,8,71,116,1,sar,15.6780,45.4345,-90.0,7.7026,49.6634,0.306887,auto,0,120,20.0,262.6488,183.3848,330.7283,0.95
train_001537,Train-Target-001537,area,18.04197122,142.79065420,8,78,179,1,sar,20.2161,108.5030,-90.0,6.1232,82.8985,0.434574,auto,0,120,20.0,106.1999,134.7225,315.7243,0.95
train_002505,Train-Target-002505,area,35.32211671,-5.93010706,5,84,196,1,optical,5.7634,41.8981,8.0,8.0657,37.0071,0.430925,auto,0,120,20.0,68.8315,139.6340,205.8540,0.95
train_001239,Train-Target-001239,point,-45.34530716,-99.46399839,10,26,182,1,optical,7.8330,35.6850,8.0,7.3437,39.1160,0.444606,sequential,2,120,5.0,,,,
train_002112,Train-Target-002112,point,2.92825585,179.44218121,1,164,220,1,optical,9.6242,34.2133,8.0,7.6409,38.0788,0.356886,single,1,120,5.0,,,,
train_002675,Train-Target-002675,point,-50.95919977,-106.37522615,1,11,102,1,infrared,25.2901,95.5665,-90.0,7.9276,67.2715,0.244077,single,1,120,5.0,,,,
train_001139,Train-Target-001139,area,56.20723340,-155.38565691,1,26,170,1,optical,6.1212,62.9211,8.0,7.4725,84.1670,0.414358,auto,0,120,20.0,43.0654,35.3578,212.7231,0.95
train_000256,Train-Target-000256,area,20.86471701,-85.07283978,1,183,231,1,optical,3.8238,12.2027,8.0,4.6271,63.1521,0.359381,auto,0,120,20.0,106.6868,94.5057,161.3605,0.95
train_001667,Train-Target-001667,area,-2.43325843,-67.71752992,7,117,239,1,optical,6.6812,31.1606,8.0,6.6376,45.6460,0.400246,auto,0,120,20.0,80.7346,80.8000,325.6453,0.95
train_001079,Train-Target-001079,area,-19.51654103,-81.46933616,3,37,196,1,optical,8.0778,57.5324,8.0,5.3071,84.6760,0.212244,auto,0,120,20.0,205.8941,194.0322,210.9446,0.95
train_001510,Train-Target-001510,area,25.73504748,-108.80040355,10,84,161,1,optical,2.6296,18.3957,8.0,5.5179,38.4795,0.373427,auto,0,120,20.0,45.4914,28.2159,276.1873,0.95
train_002708,Train-Target-002708,point,8.32399489,16.55513127,6,87,201,1,sar,18.5082,89.5168,-90.0,6.3549,47.0947,0.413576,single,1,120,5.0,,,,
train_002271,Train-Target-002271,area,-2.00380653,103.28285626,10,124,204,1,optical,4.5858,35.0510,8.0,6.5428,34.1032,0.437191,auto,0,120,20.0,24.5676,49.6113,240.3457,0.95
train_001054,Train-Target-001054,area,-67.82441965,69.02596570,9,115,201,1,optical,2.8754,59.2962,8.0,4.7794,20.6310,0.365449,auto,0,120,20.0,45.8171,13.5645,275.6396,0.95
train_002809,Train-Target-002809,area,11.89419378,168.42293917,5,32,116,1,optical,2.0296,35.8522,8.0,6.4758,81.6175,0.397564,auto,0,120,20.0,33.9748,42.5485,170.6429,0.95
train_000505,Train-Target-000505,area,-1.68407583,-22.63929615,2,93,213,1,sar,9.0616,74.6121,-90.0,4.9445,55.6398,0.449800,auto,0,120,20.0,131.4827,117.5154,271.8101,0.95
train_000034,Train-Target-000034,area,69.04149820,-118.39259360,4,1,76,1,optical,7.7580,22.4511,8.0,7.1403,57.7455,0.218595,auto,0,120,20.0,152.1976,234.2774,41.4969,0.95
train_002562,Train-Target-002562,area,-56.49517040,-48.73393842,3,132,188,1,infrared,23.1735,59.2392,-90.0,7.5466,49.9061,0.359275,auto,0,120,20.0,186.8402,199.4238,287.3116,0.95
train_002403,Train-Target-002403,area,-54.94407411,111.70580077,10,99,176,1,optical,9.0842,26.1851,8.0,6.5297,52.6987,0.444394,auto,0,120,20.0,77.2124,90.4003,115.3528,0.95
train_001774,Train-Target-001774,point,-2.38750978,-95.18367655,1,82,171,1,infrared,25.9958,91.0326,-90.0,4.9944,32.9049,0.362887,simultaneous,2,120,5.0,,,,
train_000984,Train-Target-000984,area,-21.85928765,170.35599670,3,60,108,1,infrared,37.8232,108.4151,-90.0,6.2671,29.0767,0.272064,auto,0,120,20.0,151.0688,162.4890,227.6983,0.95
train_000197,Train-Target-000197,point,48.96611388,101.45350755,1,65,216,1,sar,17.2173,67.7837,-90.0,5.2431,74.5954,0.383027,single,1,120,5.0,,,,
train_000916,Train-Target-000916,point,81.99971901,8.95939930,1,35,88,1,sar,10.5809,104.5337,-90.0,6.1606,89.3372,0.214881,single,1,120,5.0,,,,
train_001908,Train-Target-001908,area,1.79611906,-151.39079075,4,2,161,1,sar,17.2626,108.8025,-90.0,6.2897,21.0768,0.257514,auto,0,120,20.0,22.4547,42.7405,318.4320,0.95
train_002253,Train-Target-002253,area,-13.13579545,134.39370454,10,64,134,1,sar,20.9684,75.3742,-90.0,7.0693,58.5127,0.277101,auto,0,120,20.0,216.9768,198.9947,318.6117,0.95
train_000930,Train-Target-000930,area,-25.51719103,69.73402597,10,101,232,1,optical,4.2924,45.6011,8.0,7.8077,25.3895,0.372439,auto,0,120,20.0,36.8810,34.5663,29.4778,0.95
train_000848,Train-Target-000848,area,20.68623223,3.74634791,6,184,228,1,optical,9.2725,26.2724,8.0,6.2673,80.8809,0.428406,auto,0,120,20.0,19.9322,35.6245,47.9683,0.95
train_001393,Train-Target-001393,point,30.54268521,142.14881031,7,36,87,1,optical,5.1878,59.5950,8.0,6.3151,89.8939,0.426948,single,1,120,5.0,,,,
train_000362,Train-Target-000362,point,-4.25899348,-7.65588092,2,151,237,1,sar,12.9490,77.4320,-90.0,6.2599,71.3907,0.233021,sequential,2,120,5.0,,,,
train_002463,Train-Target-002463,point,23.99470793,-127.27342468,4,157,210,1,optical,3.7862,36.5167,8.0,6.6634,69.2742,0.256960,sequential,2,120,5.0,,,,
train_002472,Train-Target-002472,point,13.96164528,-145.25408648,4,30,179,1,optical,7.3438,20.4739,8.0,8.2380,25.2838,0.300160,single,1,120,5.0,,,,
train_001886,Train-Target-001886,area,0.75196383,-109.82961928,6,49,120,1,optical,2.0083,62.6662,8.0,6.8252,21.2863,0.323298,auto,0,120,20.0,13.7493,35.2838,286.9312,0.95
train_002926,Train-Target-002926,area,23.52308638,-25.18792891,5,33,179,1,sar,8.3632,39.6955,-90.0,4.8226,57.1097,0.339447,auto,0,120,20.0,36.3957,19.2478,83.8511,0.95
train_001366,Train-Target-001366,area,-22.65381099,89.43846845,2,53,189,1,optical,4.8961,49.9671,8.0,7.4218,24.2072,0.261937,auto,0,120,20.0,208.2807,260.0530,331.4206,0.95
train_002875,Train-Target-002875,area,-49.34529013,85.56891006,8,64,187,1,optical,8.0067,49.8018,8.0,7.4959,60.0088,0.207567,auto,0,120,20.0,38.9556,20.3312,290.4155,0.95
train_000490,Train-Target-000490,point,-9.86222836,-99.98743610,2,82,205,1,sar,12.1615,86.5355,-90.0,6.6609,42.1206,0.370330,simultaneous,2,120,5.0,,,,
train_002596,Train-Target-002596,area,-2.69010104,121.31171900,3,78,172,1,sar,8.6540,105.1907,-90.0,5.3110,68.5162,0.276010,auto,0,120,20.0,124.8609,119.8171,106.3871,0.95
train_001365,Train-Target-001365,point,55.26448483,89.67090886,4,97,161,1,optical,7.4774,27.3477,8.0,5.9211,47.4387,0.439852,single,1,120,5.0,,,,
train_002902,Train-Target-002902,area,23.25781041,-19.01545906,9,52,167,1,optical,3.0917,25.5019,8.0,5.0647,57.3172,0.218401,auto,0,120,20.0,218.6165,177.5201,214.2685,0.95
train_002208,Train-Target-002208,area,3.95487387,-167.83956531,7,113,168,1,sar,9.4126,26.2916,-90.0,5.6633,33.5185,0.291942,auto,0,120,20.0,208.4767,161.6317,276.0247,0.95
train_001248,Train-Target-001248,area,15.78932476,-130.40929488,5,40,140,1,sar,14.7105,89.7921,-90.0,5.6411,65.4005,0.241099,auto,0,120,20.0,135.2178,130.9449,298.6820,0.95
train_001961,Train-Target-001961,area,20.67790242,-17.08114626,4,28,158,1,optical,4.5985,16.3976,8.0,7.8771,34.2607,0.235191,auto,0,120,20.0,17.5723,12.4368,168.1556,0.95
train_001193,Train-Target-001193,area,25.04889881,-9.19145765,2,27,110,1,optical,9.8508,47.2906,8.0,6.3084,85.3909,0.409197,auto,0,120,20.0,45.2257,46.6250,84.9438,0.95
train_002882,Train-Target-002882,area,79.11601131,-148.40822417,7,116,239,1,sar,17.1728,37.7394,-90.0,6.4134,76.9576,0.219213,auto,0,120,20.0,170.0990,195.3904,113.0289,0.95
train_001273,Train-Target-001273,area,58.69068588,-95.77298717,3,98,177,1,optical,6.3053,24.3302,8.0,8.1587,60.6659,0.446683,auto,0,120,20.0,167.6620,281.5563,352.9440,0.95
train_001842,Train-Target-001842,area,44.78587009,-32.04863455,6,4,63,1,sar,17.8514,31.2371,-90.0,6.2130,37.3228,0.242287,auto,0,120,20.0,71.8212,112.1437,101.8629,0.95
train_001244,Train-Target-001244,area,-20.18220409,-49.91063959,2,11,74,1,sar,19.0560,41.5065,-90.0,7.8409,66.5334,0.448705,auto,0,120,20.0,120.8506,82.5302,55.3804,0.95
train_001703,Train-Target-001703,area,-15.74232450,-134.99306620,7,149,208,1,infrared,35.5113,53.3842,-90.0,8.3012,71.0433,0.408789,auto,0,120,20.0,198.7726,298.8170,154.3068,0.95
train_001681,Train-Target-001681,area,48.42829148,-152.90093285,2,78,230,1,sar,16.7009,84.0570,-90.0,6.8888,52.3146,0.233605,auto,0,120,20.0,243.8920,218.5469,254.8650,0.95
train_002954,Train-Target-002954,point,7.47360352,-79.37908228,6,49,157,1,optical,4.7042,42.9403,8.0,4.9538,31.2674,0.382450,single,1,120,5.0,,,,
train_001636,Train-Target-001636,area,68.39325197,3.06781984,4,9,52,1,sar,10.9598,32.9454,-90.0,7.6478,88.2757,0.302565,auto,0,120,20.0,228.1989,294.1101,294.2358,0.95
train_000296,Train-Target-000296,area,49.40065601,57.40059943,1,102,217,1,optical,7.8385,19.0409,8.0,5.4627,81.4277,0.215401,auto,0,120,20.0,45.7894,45.6454,274.2583,0.95
train_001926,Train-Target-001926,area,20.79606060,-32.77321798,5,69,195,1,sar,17.5076,58.8973,-90.0,5.8885,61.6402,0.190573,auto,0,120,20.0,116.1673,67.3845,291.1974,0.95
train_000981,Train-Target-000981,area,-73.29327429,-73.27835184,6,15,121,1,optical,8.1143,21.3019,8.0,5.7892,23.7131,0.226947,auto,0,120,20.0,131.2072,88.5567,215.4045,0.95
train_001782,Train-Target-001782,area,28.91428958,-157.96777446,6,126,211,1,optical,4.7961,11.2203,8.0,5.4458,87.1507,0.399700,auto,0,120,20.0,59.0867,108.2524,72.4681,0.95
train_000976,Train-Target-000976,area,-15.70681559,-119.49402049,1,74,156,1,optical,6.1030,59.4383,8.0,7.5569,85.6287,0.344493,auto,0,120,20.0,187.4879,160.8263,132.1649,0.95
train_002589,Train-Target-002589,area,-44.11828302,102.26027811,5,23,152,1,optical,9.8709,25.6465,8.0,7.8908,84.9880,0.341203,auto,0,120,20.0,57.0591,92.6905,63.7351,0.95
train_001092,Train-Target-001092,area,-34.30310563,-149.76607549,6,56,142,1,infrared,20.0057,76.4949,-90.0,7.7626,88.5482,0.375640,auto,0,120,20.0,109.0012,97.7823,328.4511,0.95
train_001068,Train-Target-001068,area,6.81226977,-104.70548105,3,16,157,1,optical,8.7890,32.0639,8.0,5.7972,82.8797,0.402711,auto,0,120,20.0,297.6225,216.6622,221.8898,0.95
train_000882,Train-Target-000882,area,32.72225089,-48.38581992,7,86,211,1,infrared,35.0030,50.2956,-90.0,4.8742,34.1635,0.296800,auto,0,120,20.0,142.1773,248.0409,221.3437,0.95
train_001130,Train-Target-001130,area,47.22139416,-149.37910145,8,142,239,1,optical,7.1362,48.3388,8.0,5.8597,44.1032,0.296211,auto,0,120,20.0,76.8269,106.7813,282.0413,0.95
train_000209,Train-Target-000209,area,-11.68588834,-167.45031468,3,67,226,1,optical,7.4505,51.5697,8.0,4.7998,38.5835,0.385128,auto,0,120,20.0,279.5354,213.3628,237.1445,0.95
train_001548,Train-Target-001548,area,-12.76605430,-90.35701959,8,67,121,1,optical,6.5134,24.0035,8.0,4.9101,87.7671,0.193033,auto,0,120,20.0,194.8969,242.1466,184.8088,0.95
train_002862,Train-Target-002862,area,-28.89089745,-177.69279087,8,35,141,1,sar,15.0468,30.8885,-90.0,7.7643,55.6692,0.235564,auto,0,120,20.0,12.7879,37.5267,291.9085,0.95
train_002553,Train-Target-002553,area,6.92292315,-108.52543803,10,2,125,1,optical,6.8398,17.1055,8.0,6.0907,86.9944,0.200353,auto,0,120,20.0,45.9431,27.5246,193.6480,0.95
train_002080,Train-Target-002080,area,59.81683640,-93.97292118,7,88,179,1,sar,19.1854,97.8641,-90.0,4.5622,58.0843,0.360310,auto,0,120,20.0,34.2660,40.9104,255.6929,0.95
train_002694,Train-Target-002694,area,33.10581879,25.36952025,2,47,88,1,sar,18.4193,101.1542,-90.0,7.9822,82.4311,0.447754,auto,0,120,20.0,275.7934,143.9967,130.6096,0.95
train_001705,Train-Target-001705,point,-60.17999569,76.01032311,3,89,235,1,sar,9.2805,25.0768,-90.0,7.7802,61.4628,0.303164,sequential,2,120,5.0,,,,
train_001397,Train-Target-001397,area,-9.28956407,73.70645151,3,35,168,1,sar,21.8306,67.1601,-90.0,5.2122,20.0185,0.353638,auto,0,120,20.0,44.9255,16.4607,164.8996,0.95
train_002149,Train-Target-002149,area,-47.50612783,173.05746640,1,65,174,1,optical,9.6797,29.9801,8.0,7.4517,79.6796,0.419188,auto,0,120,20.0,90.1552,60.4313,154.7602,0.95
train_000557,Train-Target-000557,area,-44.90678368,-138.71743109,9,40,116,1,optical,5.1410,11.7167,8.0,4.7690,77.6477,0.406226,auto,0,120,20.0,251.2682,198.0813,130.8417,0.95
train_001027,Train-Target-001027,area,27.46460332,-64.21981037,3,60,142,1,infrared,35.8996,93.9727,-90.0,6.4629,49.4123,0.252086,auto,0,120,20.0,292.7273,236.9345,254.0316,0.95
train_001379,Train-Target-001379,area,-23.94083846,-170.57909210,5,56,158,1,sar,12.4083,78.0669,-90.0,6.5946,78.4123,0.428040,auto,0,120,20.0,44.4637,14.4948,228.8876,0.95
train_001513,Train-Target-001513,area,1.45124892,-100.04405608,5,13,149,1,optical,3.4489,41.7644,8.0,7.3423,74.2830,0.287751,auto,0,120,20.0,48.7545,25.4941,149.0854,0.95
train_001888,Train-Target-001888,area,-69.99259556,162.48253990,4,92,207,1,sar,16.1655,76.4187,-90.0,4.5959,29.2155,0.337267,auto,0,120,20.0,29.0764,15.3979,23.6396,0.95
train_000722,Train-Target-000722,area,31.58035352,-27.20750568,2,97,204,1,optical,7.5660,61.5757,8.0,8.3061,89.1753,0.234551,auto,0,120,20.0,44.7802,34.6981,281.5434,0.95
train_002785,Train-Target-002785,point,-83.25553665,88.67009699,8,35,146,1,sar,14.6382,51.6111,-90.0,7.8915,74.5655,0.250231,single,1,120,5.0,,,,
train_002171,Train-Target-002171,area,21.01427569,168.83691814,6,149,224,1,sar,12.8751,93.6433,-90.0,7.0232,55.7798,0.395862,auto,0,120,20.0,150.7810,228.1535,234.2911,0.95
train_000403,Train-Target-000403,area,-23.39802428,26.18745879,3,185,237,1,sar,9.2653,96.3147,-90.0,4.8340,84.9146,0.317094,auto,0,120,20.0,54.2316,117.7656,199.2899,0.95
train_001881,Train-Target-001881,area,-42.14695426,-117.93951990,6,165,226,1,infrared,20.8677,126.3825,-90.0,4.7472,79.5270,0.345591,auto,0,120,20.0,188.3357,181.2574,229.0965,0.95
train_002652,Train-Target-002652,point,-60.63205945,-161.69878291,1,101,183,1,optical,9.8079,64.4100,8.0,4.5305,69.2478,0.340922,single,1,120,5.0,,,,
train_002688,Train-Target-002688,point,19.90423347,118.41348248,3,138,195,1,sar,19.1339,97.4458,-90.0,7.8886,26.7493,0.345878,single,1,120,5.0,,,,
train_001013,Train-Target-001013,area,-66.39289114,139.53181720,9,85,181,1,sar,20.9875,30.6779,-90.0,7.0334,53.3549,0.192610,auto,0,120,20.0,92.5574,107.2192,201.0321,0.95
train_001813,Train-Target-001813,area,61.22546256,-136.16987669,3,104,210,1,optical,2.0412,48.5877,8.0,4.6887,26.8863,0.448362,auto,0,120,20.0,113.9122,115.4781,291.3877,0.95
train_001418,Train-Target-001418,point,-47.02655823,106.54783130,4,42,161,1,sar,14.4797,80.8734,-90.0,7.7288,57.5637,0.187972,single,1,120,5.0,,,,
train_001682,Train-Target-001682,area,28.86707221,161.80437611,1,57,100,1,optical,8.2795,34.1818,8.0,5.5187,40.9758,0.319045,auto,0,120,20.0,62.9015,129.6300,16.3698,0.95
train_002285,Train-Target-002285,point,-20.68600786,-59.15287271,9,72,223,1,optical,7.4228,40.8670,8.0,5.4706,55.8588,0.430488,sequential,2,120,5.0,,,,
train_000529,Train-Target-000529,area,-80.38879104,-103.78736169,6,21,153,1,infrared,36.4415,93.6895,-90.0,8.3774,78.5396,0.193558,auto,0,120,20.0,263.4799,246.2230,296.0190,0.95
train_000898,Train-Target-000898,area,-44.25564648,-16.37109413,9,3,62,1,optical,3.3020,21.7108,8.0,8.2250,82.4559,0.298793,auto,0,120,20.0,12.9991,16.0987,264.4510,0.95
train_000742,Train-Target-000742,area,-64.73810410,-130.64414591,10,2,83,1,sar,18.6137,49.3183,-90.0,7.3519,68.2266,0.313464,auto,0,120,20.0,122.2715,57.5312,72.3288,0.95
train_001399,Train-Target-001399,area,43.56542389,12.70932626,6,24,158,1,optical,8.0082,24.5955,8.0,4.8062,58.0056,0.391607,auto,0,120,20.0,123.9183,131.7105,167.5029,0.95
train_000204,Train-Target-000204,area,52.61475071,121.43882888,10,113,223,1,optical,5.7673,12.2574,8.0,5.9582,68.3542,0.231202,auto,0,120,20.0,294.7227,229.4078,119.4857,0.95
train_002229,Train-Target-002229,area,-17.92922522,6.20938040,3,124,219,1,optical,5.3206,37.8449,8.0,7.3646,66.1373,0.216978,auto,0,120,20.0,105.5320,134.9176,181.2094,0.95
train_002408,Train-Target-002408,point,-52.97085368,144.34189738,5,34,111,1,optical,5.4554,30.4276,8.0,5.9083,63.9535,0.371005,simultaneous,2,120,5.0,,,,
train_001098,Train-Target-001098,area,0.25637578,104.32569256,10,6,119,1,sar,16.0080,80.8487,-90.0,5.9121,20.3055,0.388790,auto,0,120,20.0,28.5473,35.7539,122.6838,0.95
train_000287,Train-Target-000287,point,-80.67253404,36.22643722,8,85,237,1,optical,7.9021,24.1842,8.0,6.8776,29.5478,0.389202,single,1,120,5.0,,,,
train_000222,Train-Target-000222,area,-46.72474232,-77.79291828,9,137,189,1,sar,11.0319,48.5303,-90.0,6.0693,82.7707,0.433714,auto,0,120,20.0,14.0731,25.8930,346.4784,0.95
train_002044,Train-Target-002044,area,-41.00379562,103.20036806,1,2,124,1,sar,21.0350,33.9474,-90.0,7.2146,58.3720,0.317229,auto,0,120,20.0,70.8489,136.3564,199.5668,0.95
train_002817,Train-Target-002817,area,35.99677576,-110.29844022,9,131,186,1,optical,9.2178,19.4097,8.0,4.9569,47.0264,0.373169,auto,0,120,20.0,172.8139,292.8599,105.8572,0.95
train_000543,Train-Target-000543,area,-10.43297828,-168.84452652,3,119,181,1,optical,4.2605,52.1345,8.0,7.3395,58.4433,0.345680,auto,0,120,20.0,175.8628,184.3279,37.8880,0.95
train_001317,Train-Target-001317,area,33.75413428,118.96778963,4,136,222,1,sar,13.5856,35.5867,-90.0,4.9396,62.8987,0.183258,auto,0,120,20.0,38.5852,44.0250,317.4188,0.95
train_001225,Train-Target-001225,area,-25.15014764,-89.93102697,8,42,124,1,sar,8.4195,62.9741,-90.0,6.6453,46.6269,0.364939,auto,0,120,20.0,137.7452,95.9713,145.7812,0.95
train_000970,Train-Target-000970,point,29.40383805,-91.19350892,7,5,57,1,sar,14.6775,39.1083,-90.0,6.5394,29.7884,0.440842,single,1,120,5.0,,,,
train_002997,Train-Target-002997,area,-22.21231967,-91.60172685,9,9,165,1,optical,4.1060,50.9719,8.0,5.4835,32.4953,0.316441,auto,0,120,20.0,207.9617,294.5679,280.6511,0.95
train_001970,Train-Target-001970,area,26.39837428,-126.39934478,8,4,154,1,sar,13.7091,82.3824,-90.0,8.0930,74.3218,0.306790,auto,0,120,20.0,16.6131,21.0679,170.8455,0.95
train_000319,Train-Target-000319,area,-48.71778774,-173.82084143,5,9,117,1,infrared,39.7829,49.2773,-90.0,6.7912,38.3432,0.427901,auto,0,120,20.0,16.0148,42.0076,189.8899,0.95
train_002509,Train-Target-002509,area,-38.19629614,115.24773991,3,79,200,1,optical,3.1264,59.7611,8.0,6.4697,83.2011,0.365890,auto,0,120,20.0,101.4013,50.6596,0.1303,0.95
train_002591,Train-Target-002591,area,-26.67952310,9.75625901,7,60,175,1,optical,7.5395,29.0853,8.0,7.1045,39.0723,0.279930,auto,0,120,20.0,279.2685,142.9481,150.1356,0.95
train_001188,Train-Target-001188,area,33.22050754,-106.16493718,4,90,184,1,optical,7.6337,26.9244,8.0,4.8372,50.1999,0.264555,auto,0,120,20.0,21.2897,29.7167,294.8059,0.95
train_002336,Train-Target-002336,area,17.68845261,-76.21781296,9,75,173,1,optical,2.4246,15.8612,8.0,6.8394,54.2263,0.361516,auto,0,120,20.0,40.3150,33.2417,51.8689,0.95
train_000620,Train-Target-000620,area,32.50368250,27.03780620,9,154,226,1,infrared,21.5619,62.0898,-90.0,8.1687,50.0877,0.319963,auto,0,120,20.0,52.4846,69.8807,104.2381,0.95
train_003012,Train-Target-003012,area,27.57267844,-169.85573990,5,35,174,1,optical,9.9712,35.9385,8.0,4.9439,76.0181,0.321158,auto,0,120,20.0,23.3556,18.2612,256.4534,0.95
train_000590,Train-Target-000590,area,-17.92771903,-26.12407215,3,33,131,1,optical,7.6785,25.3912,8.0,6.3866,22.6561,0.405537,auto,0,120,20.0,12.6710,44.8010,302.7295,0.95
train_000223,Train-Target-000223,area,17.26151055,17.62450494,10,19,176,1,optical,8.8117,63.1074,8.0,4.6661,25.6209,0.438126,auto,0,120,20.0,144.0271,176.1314,78.0065,0.95
train_002746,Train-Target-002746,area,32.92140056,95.88016337,10,192,238,1,infrared,30.2248,55.8927,-90.0,6.7040,28.6468,0.186491,auto,0,120,20.0,45.3436,33.7078,275.5775,0.95
train_001812,Train-Target-001812,area,56.69266108,100.37984133,9,103,144,1,optical,7.3218,26.3797,8.0,4.9406,80.6661,0.268380,auto,0,120,20.0,23.0985,23.3935,40.4988,0.95
train_001793,Train-Target-001793,area,20.04095048,110.11902610,1,155,222,1,optical,3.2164,38.4324,8.0,7.6339,70.1475,0.426769,auto,0,120,20.0,207.2599,155.6006,210.1739,0.95
train_003010,Train-Target-003010,area,78.36588902,-140.20832774,4,46,200,1,optical,9.3210,56.1441,8.0,6.0746,41.0535,0.411203,auto,0,120,20.0,251.7278,294.2508,311.4649,0.95
train_000058,Train-Target-000058,area,-60.23000451,174.32838968,6,143,219,1,optical,6.6705,22.2905,8.0,6.1272,88.3088,0.207169,auto,0,120,20.0,27.2319,45.3524,92.8351,0.95
train_002452,Train-Target-002452,point,-0.77155160,34.88600263,7,46,155,1,optical,3.6397,21.4585,8.0,4.5707,49.4536,0.374106,single,1,120,5.0,,,,
train_002891,Train-Target-002891,area,-28.63606938,-40.75349662,7,79,120,1,optical,5.4385,54.2387,8.0,5.7472,82.7223,0.286629,auto,0,120,20.0,256.1450,233.8458,279.2090,0.95
train_001282,Train-Target-001282,area,-20.38203039,-25.51846947,1,48,129,1,optical,6.9068,13.8976,8.0,7.4093,77.2943,0.417714,auto,0,120,20.0,31.1276,35.0035,190.5451,0.95
train_002787,Train-Target-002787,area,30.75382572,-133.83433081,4,0,121,1,optical,8.1194,53.3320,8.0,5.4502,26.6899,0.285280,auto,0,120,20.0,68.5447,64.7737,199.0709,0.95
train_002061,Train-Target-002061,area,28.37562977,143.48633805,10,94,234,1,optical,8.3257,59.3406,8.0,6.4181,62.1163,0.388442,auto,0,120,20.0,40.9608,49.8111,225.6114,0.95
train_000253,Train-Target-000253,point,12.04746872,50.31886692,3,121,164,1,sar,8.8471,79.3345,-90.0,7.2995,72.4143,0.230331,single,1,120,5.0,,,,
train_000579,Train-Target-000579,area,60.74262131,-66.13832204,10,28,136,1,optical,6.6421,63.5222,8.0,5.2687,25.8187,0.183189,auto,0,120,20.0,112.0540,54.4484,353.1333,0.95
train_001832,Train-Target-001832,area,-48.89127760,168.35992480,8,124,197,1,optical,2.8517,41.7439,8.0,8.3610,40.1101,0.356113,auto,0,120,20.0,91.0223,83.4455,148.8493,0.95
train_002254,Train-Target-002254,area,9.35881330,110.32561275,4,58,194,1,optical,3.5327,17.3877,8.0,5.0673,80.0795,0.429863,auto,0,120,20.0,187.7204,258.0841,20.9552,0.95
train_001999,Train-Target-001999,point,-25.12009281,29.69138011,5,26,177,1,optical,3.0947,14.5112,8.0,4.8979,48.0329,0.328841,single,1,120,5.0,,,,
train_001820,Train-Target-001820,area,-70.27905832,75.66988343,8,15,156,1,infrared,24.6603,99.4980,-90.0,7.4193,74.9822,0.193132,auto,0,120,20.0,83.0684,77.6566,278.0907,0.95
train_000663,Train-Target-000663,point,-51.67542114,-158.22304833,10,111,238,1,optical,8.7429,16.9129,8.0,6.8784,40.2116,0.248829,single,1,120,5.0,,,,
train_002051,Train-Target-002051,area,-18.69491981,18.62589623,10,150,201,1,infrared,30.0309,67.6746,-90.0,6.4885,45.4704,0.402042,auto,0,120,20.0,68.0375,56.8013,350.0034,0.95
train_002748,Train-Target-002748,area,-60.20497435,17.70807242,4,57,136,1,optical,3.1856,56.7572,8.0,8.1129,26.0832,0.398090,auto,0,120,20.0,88.8494,101.5532,101.5499,0.95
train_001117,Train-Target-001117,point,31.24532082,116.88797730,10,157,221,1,optical,5.4878,11.8508,8.0,7.1680,74.5468,0.363847,single,1,120,5.0,,,,
train_000895,Train-Target-000895,area,4.55262516,-165.78600652,5,111,225,1,optical,4.3928,46.5378,8.0,4.9133,72.9779,0.423215,auto,0,120,20.0,104.5047,89.4405,290.1881,0.95
train_002709,Train-Target-002709,area,64.07804367,-62.77111648,10,35,99,1,optical,8.5771,40.0101,8.0,7.5746,48.9288,0.339611,auto,0,120,20.0,111.1646,81.9051,232.4751,0.95
train_000554,Train-Target-000554,area,-39.37860010,40.41020131,6,118,168,1,optical,9.9016,37.5071,8.0,5.3632,38.1447,0.354750,auto,0,120,20.0,34.2101,26.8212,144.5292,0.95
train_001601,Train-Target-001601,area,-68.07412301,8.43067571,3,16,130,1,optical,5.7913,47.1599,8.0,5.4992,47.9004,0.279069,auto,0,120,20.0,137.0769,51.2915,21.1146,0.95
train_000309,Train-Target-000309,area,61.81006225,-115.99421243,2,2,119,1,sar,21.7642,60.8510,-90.0,7.5878,22.3672,0.410360,auto,0,120,20.0,102.8729,136.6270,63.1040,0.95
train_001325,Train-Target-001325,area,22.89585673,-91.39363091,2,164,235,1,optical,4.8225,35.9830,8.0,5.8958,48.2848,0.393374,auto,0,120,20.0,115.3275,62.4387,204.9413,0.95
train_002559,Train-Target-002559,point,73.20457119,153.84465213,3,98,152,1,optical,6.8950,10.3027,8.0,7.5930,72.7853,0.267552,single,1,120,5.0,,,,
train_001154,Train-Target-001154,area,28.81393777,0.24182960,2,57,165,1,sar,10.5374,62.2321,-90.0,6.3044,52.0549,0.309227,auto,0,120,20.0,33.0643,45.9900,321.8028,0.95
train_003007,Train-Target-003007,area,38.74114168,138.83169507,10,114,172,1,optical,6.4304,63.1609,8.0,4.7443,76.9349,0.410228,auto,0,120,20.0,86.4139,102.8971,175.0384,0.95
train_002635,Train-Target-002635,point,-18.94568943,162.43320054,8,36,108,1,optical,2.8714,28.5182,8.0,7.4740,76.3367,0.409881,sequential,2,120,5.0,,,,
train_002037,Train-Target-002037,area,-3.77854718,-61.13068622,9,108,197,1,sar,8.2431,99.0021,-90.0,6.0578,47.5202,0.346959,auto,0,120,20.0,119.0163,82.6715,13.8509,0.95
train_002314,Train-Target-002314,area,-35.37762438,-164.37759266,1,111,239,1,sar,12.2827,61.5963,-90.0,6.7745,48.5091,0.416518,auto,0,120,20.0,91.4298,50.9592,345.9117,0.95
train_000111,Train-Target-000111,area,2.08879343,133.72392390,4,50,146,1,optical,5.1358,47.3163,8.0,6.7235,57.6655,0.288602,auto,0,120,20.0,76.6731,102.3865,159.1378,0.95
train_002594,Train-Target-002594,area,-10.45496815,-57.57154690,8,113,218,1,optical,5.9866,50.2667,8.0,8.2265,75.8947,0.279557,auto,0,120,20.0,157.1025,299.0554,231.5657,0.95
train_001170,Train-Target-001170,point,-15.38030585,-58.94704623,10,65,115,1,sar,19.6596,51.0252,-90.0,5.5841,69.8671,0.327553,single,1,120,5.0,,,,
train_000949,Train-Target-000949,point,-40.98362202,0.76836902,7,107,233,1,optical,5.3387,58.5047,8.0,8.3163,79.5044,0.347543,single,1,120,5.0,,,,
train_001481,Train-Target-001481,area,-25.91690238,164.51958395,8,5,124,1,sar,9.6115,97.6085,-90.0,6.2046,51.9712,0.394998,auto,0,120,20.0,54.9270,98.2472,57.4281,0.95
train_002358,Train-Target-002358,area,32.52216052,76.79196683,5,44,104,1,optical,9.8550,14.3928,8.0,7.8976,89.8316,0.280688,auto,0,120,20.0,112.7169,79.9593,304.6552,0.95
train_001387,Train-Target-001387,point,9.40726774,178.49382567,8,38,173,1,optical,7.5974,14.7570,8.0,6.8451,60.7256,0.386426,sequential,2,120,5.0,,,,
train_000091,Train-Target-000091,area,-76.30456094,68.76389515,4,20,137,1,sar,14.4277,81.1559,-90.0,4.9726,83.4641,0.272205,auto,0,120,20.0,131.3585,129.8404,118.6869,0.95
train_002513,Train-Target-002513,area,43.28891764,-128.49535971,7,77,165,1,sar,21.8721,26.8019,-90.0,5.5533,26.5558,0.284163,auto,0,120,20.0,147.5274,235.9883,134.7766,0.95
train_002948,Train-Target-002948,area,-72.94184438,115.94331094,2,63,186,1,sar,14.6172,105.2137,-90.0,7.8188,32.3184,0.260485,auto,0,120,20.0,61.6336,112.7194,324.0231,0.95
train_000777,Train-Target-000777,area,-0.35291943,-162.49561021,4,128,206,1,infrared,26.9865,113.3891,-90.0,5.2578,34.4692,0.275148,auto,0,120,20.0,85.9292,83.2230,162.0784,0.95
train_001112,Train-Target-001112,point,-7.62049904,-155.77049498,6,62,161,1,sar,12.4868,43.6349,-90.0,7.8372,48.0172,0.279346,single,1,120,5.0,,,,
train_000610,Train-Target-000610,point,2.98842540,-175.25832865,10,10,106,1,optical,4.5132,49.2481,8.0,5.7933,69.1871,0.275882,single,1,120,5.0,,,,
train_002848,Train-Target-002848,area,-45.79388549,36.40532893,3,28,86,1,optical,2.2721,35.1074,8.0,5.6358,74.1241,0.419872,auto,0,120,20.0,14.1903,43.2615,28.7587,0.95
train_002225,Train-Target-002225,area,-3.79429270,-161.74480995,8,151,238,1,sar,9.9533,36.4646,-90.0,7.4439,45.4055,0.301407,auto,0,120,20.0,111.0246,78.3259,152.7037,0.95
train_000894,Train-Target-000894,point,-35.00926585,170.49890071,8,35,188,1,optical,5.8196,46.6484,8.0,5.5628,36.2356,0.231026,single,1,120,5.0,,,,
train_001735,Train-Target-001735,point,49.23254268,-75.45331503,2,10,152,1,optical,5.4658,16.0329,8.0,8.0569,24.9061,0.211631,single,1,120,5.0,,,,
train_001883,Train-Target-001883,area,-5.70865698,-147.00025757,5,38,180,1,optical,9.3659,46.7174,8.0,7.2455,23.9123,0.307295,auto,0,120,20.0,92.4117,123.0679,229.6180,0.95
train_000518,Train-Target-000518,area,-64.10951513,-144.51393054,7,70,187,1,optical,6.9754,28.6225,8.0,6.7149,36.3696,0.320959,auto,0,120,20.0,43.6485,17.7091,99.1132,0.95
train_000796,Train-Target-000796,point,-26.42331014,-16.54465612,4,72,139,1,optical,3.6635,57.2130,8.0,7.9331,76.9919,0.225963,single,1,120,5.0,,,,
train_000191,Train-Target-000191,area,44.72541411,-93.76265616,10,22,176,1,optical,8.5610,15.2675,8.0,6.4515,22.0885,0.264425,auto,0,120,20.0,13.4469,23.2093,188.6556,0.95
train_002134,Train-Target-002134,area,-58.29313399,104.16086319,2,73,183,1,sar,15.8522,66.7313,-90.0,8.1788,42.6140,0.258654,auto,0,120,20.0,23.1559,49.4388,257.6384,0.95
train_002162,Train-Target-002162,area,9.22378143,159.20208010,1,95,195,1,sar,9.4952,31.6255,-90.0,5.3808,35.6931,0.434360,auto,0,120,20.0,248.7868,290.4348,68.7123,0.95
train_000512,Train-Target-000512,area,-11.67919335,157.95675013,1,136,229,1,sar,21.1168,73.5521,-90.0,4.6512,83.7394,0.199255,auto,0,120,20.0,131.2884,107.0027,8.4297,0.95
train_001634,Train-Target-001634,area,-23.77473741,59.31743257,10,16,112,1,optical,9.3511,64.9539,8.0,7.3088,64.7522,0.191187,auto,0,120,20.0,43.8380,26.5656,197.2030,0.95
train_002692,Train-Target-002692,area,-48.59539758,-123.53513254,1,25,136,1,optical,4.0701,46.0382,8.0,7.3322,35.6581,0.220818,auto,0,120,20.0,15.3318,17.8304,343.3237,0.95
train_002893,Train-Target-002893,area,78.29773126,-88.82956251,10,91,202,1,optical,8.0881,39.2229,8.0,6.1824,30.0250,0.371671,auto,0,120,20.0,46.1702,46.3306,253.1033,0.95
train_002710,Train-Target-002710,area,-7.19371517,101.20570588,2,50,104,1,sar,19.4154,67.4133,-90.0,5.7545,70.4072,0.326094,auto,0,120,20.0,103.8120,107.6054,203.5909,0.95
train_002821,Train-Target-002821,area,-33.60564808,-62.49343450,4,153,214,1,optical,5.0531,60.8258,8.0,6.8570,21.4677,0.305091,auto,0,120,20.0,60.4844,131.4240,6.8721,0.95
train_000080,Train-Target-000080,point,58.62040483,-30.60264099,9,148,207,1,sar,13.6532,53.0493,-90.0,6.6326,47.8739,0.192419,single,1,120,5.0,,,,
train_000249,Train-Target-000249,point,-18.17466837,147.66259683,3,125,175,1,sar,17.8620,93.8636,-90.0,7.3622,32.7280,0.290946,single,1,120,5.0,,,,
train_000283,Train-Target-000283,area,-46.98277915,99.15893802,6,112,156,1,optical,9.3301,18.1952,8.0,6.1875,62.6952,0.326579,auto,0,120,20.0,126.9471,120.1227,216.7167,0.95
train_001351,Train-Target-001351,area,61.62008527,-164.61274573,7,125,235,1,infrared,18.9112,123.2067,-90.0,6.8058,74.8950,0.268134,auto,0,120,20.0,294.9172,262.3481,356.6512,0.95
train_000825,Train-Target-000825,area,17.25047402,68.96685557,9,131,188,1,optical,3.1298,22.9805,8.0,6.6113,65.4797,0.252525,auto,0,120,20.0,51.1287,135.4429,298.2049,0.95
train_002272,Train-Target-002272,point,74.62196621,83.44030726,4,96,225,1,sar,19.7224,57.6020,-90.0,5.6505,56.5143,0.288686,single,1,120,5.0,,,,
train_002493,Train-Target-002493,area,-38.15407715,-139.96600689,9,127,172,1,optical,6.9803,41.6545,8.0,5.4966,51.4168,0.387637,auto,0,120,20.0,38.2668,44.5028,248.7162,0.95
train_002613,Train-Target-002613,area,-79.75210962,125.22458025,7,38,196,1,optical,4.2712,32.5166,8.0,6.3501,81.3518,0.446937,auto,0,120,20.0,28.4838,15.7154,241.9498,0.95
train_001655,Train-Target-001655,area,-38.56255242,174.16481933,10,45,104,1,optical,6.5044,20.8468,8.0,6.6007,26.9343,0.413358,auto,0,120,20.0,71.5367,104.9273,120.3154,0.95
train_001039,Train-Target-001039,area,22.96929928,124.91846530,10,124,194,1,optical,9.9289,51.3722,8.0,6.0420,61.2981,0.235314,auto,0,120,20.0,34.4681,28.3492,211.7247,0.95
train_001975,Train-Target-001975,point,7.15372094,163.15312516,3,10,105,1,optical,9.2367,49.8317,8.0,4.6130,49.0836,0.240581,single,1,120,5.0,,,,
train_001849,Train-Target-001849,area,-12.78794812,167.57101593,1,53,190,1,infrared,25.8683,95.3443,-90.0,5.7482,80.5095,0.263459,auto,0,120,20.0,126.7845,51.8275,149.4034,0.95
train_003029,Train-Target-003029,area,-44.03357497,124.63586737,9,77,233,1,optical,3.2393,58.6891,8.0,5.6226,40.6137,0.311932,auto,0,120,20.0,117.1990,75.6151,305.6190,0.95
train_001437,Train-Target-001437,area,-27.30146903,20.68801278,7,45,185,1,infrared,33.0484,141.4661,-90.0,8.1197,52.1724,0.388575,auto,0,120,20.0,24.3310,48.0709,111.0232,0.95
train_001311,Train-Target-001311,area,-35.60837060,-178.24187012,5,74,160,1,infrared,35.0635,143.4085,-90.0,5.9600,27.2473,0.297480,auto,0,120,20.0,127.0338,75.7499,342.1194,0.95
train_001119,Train-Target-001119,area,-15.13423703,78.08894211,4,158,203,1,infrared,38.7589,66.4592,-90.0,4.6602,77.0320,0.292123,auto,0,120,20.0,285.6865,165.2388,239.7849,0.95
train_000591,Train-Target-000591,area,51.85240326,-163.20388307,10,105,196,1,optical,2.1510,51.8777,8.0,6.9777,47.7468,0.247862,auto,0,120,20.0,43.4139,47.7869,291.4109,0.95
train_001654,Train-Target-001654,area,-66.97417144,-91.72536859,10,66,128,1,optical,3.8755,28.4043,8.0,6.9051,80.7528,0.362183,auto,0,120,20.0,25.0593,28.7307,296.5109,0.95
train_001556,Train-Target-001556,area,-2.49532344,34.69382705,10,36,150,1,optical,5.9774,25.6915,8.0,7.5780,72.8014,0.423605,auto,0,120,20.0,35.3975,20.5252,169.6175,0.95
train_001533,Train-Target-001533,point,-6.91388652,133.75546199,4,39,145,1,optical,2.1758,45.3850,8.0,6.2463,32.3806,0.271396,single,1,120,5.0,,,,
train_002155,Train-Target-002155,point,-39.35324705,-97.04236908,5,32,74,1,optical,6.8595,10.9723,8.0,4.7627,89.6457,0.329707,single,1,120,5.0,,,,
train_002846,Train-Target-002846,area,7.75486730,-11.33370748,6,99,144,1,optical,2.7407,52.9541,8.0,6.7775,57.5520,0.256007,auto,0,120,20.0,179.8678,226.8240,18.0932,0.95
train_000337,Train-Target-000337,area,-79.52858368,165.98152996,10,6,163,1,optical,7.4115,13.3290,8.0,6.0863,85.4457,0.284790,auto,0,120,20.0,33.2685,36.4407,314.1360,0.95
train_002547,Train-Target-002547,area,9.25188449,-72.93620014,2,49,92,1,infrared,28.7116,125.9969,-90.0,7.7679,31.9178,0.235454,auto,0,120,20.0,149.0141,150.7398,341.0135,0.95
train_002349,Train-Target-002349,area,-19.07053660,157.54760551,2,33,134,1,optical,2.5122,58.6466,8.0,6.3393,82.2002,0.312572,auto,0,120,20.0,284.5132,178.9879,284.8937,0.95
train_002575,Train-Target-002575,area,43.99065936,0.81068549,1,76,124,1,optical,2.8009,37.3339,8.0,5.4927,70.3733,0.206214,auto,0,120,20.0,65.7485,60.9706,87.8649,0.95
train_001728,Train-Target-001728,area,-34.60739481,28.10889802,8,21,157,1,optical,2.3631,39.1632,8.0,5.2529,57.1433,0.396771,auto,0,120,20.0,48.3218,39.7005,302.5723,0.95
train_002192,Train-Target-002192,area,-71.02447830,-7.04970512,3,29,150,1,sar,12.4577,45.5455,-90.0,6.0801,39.7706,0.282679,auto,0,120,20.0,276.9555,147.6810,250.7991,0.95
train_001099,Train-Target-001099,area,-34.46237712,36.40452959,10,26,82,1,optical,9.7144,13.7684,8.0,5.3753,72.2006,0.429455,auto,0,120,20.0,239.9639,221.1948,106.4828,0.95
train_001345,Train-Target-001345,area,53.24919220,-100.35942917,8,114,229,1,optical,7.3983,56.2142,8.0,7.1325,65.1645,0.334308,auto,0,120,20.0,226.8748,291.2913,326.0941,0.95
train_001987,Train-Target-001987,point,3.57248375,-100.04480656,1,44,134,1,optical,8.5107,40.4501,8.0,6.7813,32.4712,0.436326,single,1,120,5.0,,,,
train_000874,Train-Target-000874,area,24.56259711,70.04124078,5,73,194,1,optical,6.8466,25.7850,8.0,7.6770,83.3055,0.286412,auto,0,120,20.0,250.8095,168.8682,322.0982,0.95
train_002068,Train-Target-002068,area,23.24312242,-136.20438634,5,29,169,1,optical,4.6196,53.2685,8.0,5.9542,84.0582,0.207857,auto,0,120,20.0,50.7537,125.7410,31.7296,0.95
train_000382,Train-Target-000382,area,7.58610825,104.13271773,2,111,213,1,sar,21.5449,98.6680,-90.0,6.9027,83.9469,0.247293,auto,0,120,20.0,60.6287,59.8739,69.2413,0.95
train_001898,Train-Target-001898,point,-31.17659180,-86.86449833,3,0,143,1,optical,2.0148,61.7592,8.0,4.7166,48.7675,0.234259,simultaneous,2,120,5.0,,,,
train_002209,Train-Target-002209,area,35.36814857,-167.10341517,4,129,230,1,optical,6.0356,38.5958,8.0,6.4319,37.8203,0.266545,auto,0,120,20.0,265.9866,280.8975,82.1856,0.95
train_001690,Train-Target-001690,point,1.63905876,-57.91203987,5,113,208,1,optical,4.0567,55.1984,8.0,6.9738,77.7291,0.447335,single,1,120,5.0,,,,
train_000424,Train-Target-000424,area,-76.24742095,162.45034862,9,59,197,1,infrared,38.2145,138.4092,-90.0,7.8380,82.6512,0.318224,auto,0,120,20.0,234.2080,218.2391,113.7303,0.95
train_002560,Train-Target-002560,area,23.67411510,28.03426018,7,60,214,1,sar,16.9481,33.2537,-90.0,6.9169,24.2420,0.239412,auto,0,120,20.0,197.7423,282.3561,22.6492,0.95
train_002125,Train-Target-002125,area,-11.33078904,-145.36847542,3,51,188,1,optical,9.3125,27.0126,8.0,7.1628,40.2370,0.328449,auto,0,120,20.0,17.6348,13.8702,135.2675,0.95
train_000078,Train-Target-000078,point,33.31792843,57.68909683,1,62,210,1,sar,10.2421,70.2984,-90.0,5.2753,30.7758,0.235064,single,1,120,5.0,,,,
train_002437,Train-Target-002437,area,48.70102811,16.45114287,6,26,158,1,infrared,39.9684,142.0416,-90.0,5.3200,75.4420,0.384688,auto,0,120,20.0,115.5701,57.8040,324.3662,0.95
train_001200,Train-Target-001200,point,14.43321457,141.17013919,6,114,225,1,sar,11.8596,47.4433,-90.0,7.3986,33.5623,0.378193,sequential,2,120,5.0,,,,
train_002933,Train-Target-002933,area,18.75195737,94.28491622,3,108,213,1,optical,4.2653,12.1250,8.0,5.8816,61.8852,0.436840,auto,0,120,20.0,290.7153,195.5209,341.5285,0.95
train_000982,Train-Target-000982,area,-64.03675280,6.47981731,10,94,225,1,optical,4.1343,52.1066,8.0,7.6516,23.6081,0.272975,auto,0,120,20.0,148.8485,279.7639,229.2305,0.95
train_000487,Train-Target-000487,area,46.84106358,116.24386411,5,34,182,1,sar,18.4973,54.0434,-90.0,5.4302,45.3381,0.406618,auto,0,120,20.0,228.5257,168.3108,45.5049,0.95
train_001663,Train-Target-001663,area,12.08554313,-152.53269368,4,79,215,1,optical,6.8305,38.0198,8.0,5.6179,87.8612,0.418460,auto,0,120,20.0,15.4642,47.3421,150.5641,0.95
train_001409,Train-Target-001409,area,-22.48819276,-120.88445127,5,56,140,1,optical,8.8197,64.9832,8.0,7.4801,45.5841,0.370282,auto,0,120,20.0,90.5981,117.3933,54.2774,0.95
train_002676,Train-Target-002676,point,36.21037740,84.00491507,4,161,237,1,sar,12.7710,27.6893,-90.0,4.6627,85.2372,0.273113,single,1,120,5.0,,,,
train_000494,Train-Target-000494,area,-30.39836218,-33.89968606,5,97,232,1,optical,3.6330,41.4561,8.0,6.6431,36.0953,0.277382,auto,0,120,20.0,41.4360,43.5542,153.4799,0.95
train_001562,Train-Target-001562,area,-21.87873463,32.12754124,8,80,204,1,optical,9.8933,32.7508,8.0,8.0119,40.4218,0.256409,auto,0,120,20.0,87.9828,127.7584,330.2135,0.95
train_001343,Train-Target-001343,area,-72.24175916,147.71199618,3,26,79,1,optical,4.0017,31.7588,8.0,5.6269,48.8442,0.261826,auto,0,120,20.0,293.8841,257.5482,225.6711,0.95
train_002329,Train-Target-002329,point,-2.33978115,134.69312264,9,69,128,1,optical,2.1417,48.4725,8.0,7.2485,77.5541,0.281011,single,1,120,5.0,,,,
train_000602,Train-Target-000602,area,39.87742881,16.39978440,7,63,140,1,optical,3.7740,51.8388,8.0,8.1169,29.4593,0.415727,auto,0,120,20.0,22.0428,30.7031,341.2328,0.95
train_000685,Train-Target-000685,area,15.14620320,-108.24968491,5,61,116,1,sar,9.7623,27.1501,-90.0,4.5993,20.3259,0.385651,auto,0,120,20.0,85.7884,99.7534,10.8218,0.95
train_000875,Train-Target-000875,point,-7.48183857,-8.90219684,10,76,203,1,optical,2.9948,44.0036,8.0,5.1346,78.0281,0.439727,single,1,120,5.0,,,,
train_001430,Train-Target-001430,area,-23.61366452,-137.10687142,5,110,224,1,sar,19.4480,94.0661,-90.0,7.7114,86.2683,0.444545,auto,0,120,20.0,71.6682,61.2411,28.0490,0.95
train_001333,Train-Target-001333,area,5.72352307,-89.54809769,4,3,159,1,optical,2.9266,51.4250,8.0,7.9682,73.1683,0.433411,auto,0,120,20.0,33.8483,41.1373,0.8938,0.95
train_003044,Train-Target-003044,area,-12.63618446,-133.83915278,1,73,173,1,optical,3.4309,45.9396,8.0,7.9291,65.2748,0.409313,auto,0,120,20.0,117.2692,138.5136,253.6193,0.95
train_000085,Train-Target-000085,area,42.56933609,-149.40384045,8,28,161,1,sar,14.2222,107.1332,-90.0,7.1752,41.0000,0.217376,auto,0,120,20.0,231.3142,252.9383,287.1204,0.95
train_001301,Train-Target-001301,area,-42.22162588,-28.54055090,8,22,151,1,optical,4.9504,20.0049,8.0,5.4289,31.0685,0.220912,auto,0,120,20.0,207.4244,254.7760,313.4977,0.95
train_001600,Train-Target-001600,area,-0.36750654,-118.85485328,7,57,147,1,optical,5.1230,24.7735,8.0,4.5821,50.7812,0.352582,auto,0,120,20.0,86.1991,116.7856,194.0797,0.95
train_002870,Train-Target-002870,point,38.61995808,-146.25539151,6,52,121,1,optical,2.1353,31.5726,8.0,5.5006,72.5641,0.386059,simultaneous,2,120,5.0,,,,
train_002431,Train-Target-002431,area,64.79896470,81.72206441,8,19,125,1,optical,9.4260,57.4382,8.0,6.7678,76.7329,0.371840,auto,0,120,20.0,247.3328,223.4773,26.5632,0.95
train_002425,Train-Target-002425,area,-21.40854063,163.75680404,9,56,121,1,optical,7.5308,50.2546,8.0,7.5341,77.1487,0.369848,auto,0,120,20.0,182.0004,209.8281,195.0315,0.95
train_002612,Train-Target-002612,area,4.80247821,-143.80150492,5,146,232,1,sar,14.0379,77.9880,-90.0,6.0973,40.5195,0.294972,auto,0,120,20.0,99.2856,84.1414,265.2975,0.95
train_000259,Train-Target-000259,area,-28.49192772,41.55701293,9,30,180,1,sar,9.8251,104.3427,-90.0,5.5813,21.9905,0.315537,auto,0,120,20.0,57.5469,82.7478,288.0132,0.95
train_000007,Train-Target-000007,area,-25.67194177,102.67639682,3,16,131,1,optical,7.8468,12.3402,8.0,4.7181,34.7298,0.297733,auto,0,120,20.0,87.8911,56.0121,18.3356,0.95
train_002838,Train-Target-002838,point,54.90407731,-89.50885534,1,71,197,1,sar,20.1452,85.4612,-90.0,5.8466,45.8698,0.319851,single,1,120,5.0,,,,
train_002656,Train-Target-002656,point,-48.05753234,80.78138871,4,154,234,1,optical,2.4190,40.0595,8.0,4.6938,57.4371,0.343901,sequential,2,120,5.0,,,,
train_002863,Train-Target-002863,area,11.81839569,-77.50075023,10,36,147,1,optical,4.8299,63.6959,8.0,7.6422,89.4028,0.284437,auto,0,120,20.0,25.6506,15.5734,279.6786,0.95
train_002491,Train-Target-002491,area,34.64316262,79.86162368,1,76,235,1,sar,16.3729,80.6860,-90.0,7.4929,25.5880,0.323192,auto,0,120,20.0,12.5104,29.0630,91.8448,0.95
train_001135,Train-Target-001135,point,22.68947902,-53.18910838,7,74,217,1,infrared,20.6900,50.9443,-90.0,6.0652,31.1493,0.192249,simultaneous,2,120,5.0,,,,
train_000271,Train-Target-000271,area,46.79994354,-81.03098608,5,104,162,1,sar,18.3536,56.4787,-90.0,5.8039,77.6517,0.370002,auto,0,120,20.0,19.4418,15.2817,29.9338,0.95
train_002526,Train-Target-002526,area,47.61625326,26.80368642,6,18,116,1,optical,2.4587,21.2320,8.0,8.3763,67.3192,0.415649,auto,0,120,20.0,30.6402,48.1716,182.7908,0.95
train_002183,Train-Target-002183,point,27.09125825,150.98805387,7,134,214,1,optical,2.8342,61.8600,8.0,5.4247,67.7859,0.411783,simultaneous,2,120,5.0,,,,
train_001492,Train-Target-001492,area,31.75604157,-41.67897542,5,87,168,1,optical,6.9585,49.8517,8.0,5.5262,87.3447,0.212906,auto,0,120,20.0,221.5423,299.7231,162.3966,0.95
train_000625,Train-Target-000625,point,76.91635313,113.37549517,7,50,131,1,sar,16.4775,109.1340,-90.0,4.9500,24.6061,0.398642,simultaneous,2,120,5.0,,,,
train_001134,Train-Target-001134,area,-20.33730720,145.64724311,6,147,204,1,optical,6.8751,16.1120,8.0,5.2193,27.3408,0.338622,auto,0,120,20.0,45.8699,16.7334,36.8332,0.95
train_001306,Train-Target-001306,area,-27.98056846,-61.30364454,4,168,227,1,optical,6.7418,48.7349,8.0,7.7545,63.9854,0.378567,auto,0,120,20.0,31.5463,43.1185,224.9375,0.95
train_001746,Train-Target-001746,area,15.60411949,-12.30391693,9,144,208,1,optical,8.7647,43.4320,8.0,7.9050,74.1438,0.288259,auto,0,120,20.0,187.0583,244.6556,246.8777,0.95
train_000724,Train-Target-000724,area,-24.57838315,163.01617372,10,165,223,1,optical,9.2335,32.8431,8.0,5.5154,43.5857,0.355101,auto,0,120,20.0,32.2602,25.2172,133.4844,0.95
train_001335,Train-Target-001335,point,-6.20010227,-58.68550129,9,56,162,1,sar,15.4946,45.7835,-90.0,6.8274,42.3578,0.438712,single,1,120,5.0,,,,
train_001361,Train-Target-001361,area,0.36654404,-135.62648596,6,172,233,1,optical,5.5903,32.6192,8.0,8.3215,52.3613,0.323597,auto,0,120,20.0,152.8984,260.7703,71.5386,0.95
train_001151,Train-Target-001151,point,31.02432401,56.98987556,5,102,208,1,infrared,28.6149,69.3242,-90.0,5.5389,49.4880,0.368318,sequential,2,120,5.0,,,,
train_000372,Train-Target-000372,area,-23.19494104,-59.23132153,3,39,149,1,optical,8.5176,27.1398,8.0,6.0546,65.1138,0.403805,auto,0,120,20.0,295.3320,200.7957,204.6485,0.95
train_002849,Train-Target-002849,area,40.92363895,126.06529707,6,177,223,1,sar,21.3739,88.7501,-90.0,5.0500,62.2659,0.392645,auto,0,120,20.0,261.9837,196.7199,137.0362,0.95
train_000401,Train-Target-000401,point,54.53619265,143.53629223,1,52,131,1,optical,9.4689,25.2344,8.0,5.3032,48.5406,0.286244,single,1,120,5.0,,,,
train_001201,Train-Target-001201,area,-59.92001205,130.24819553,9,62,197,1,optical,7.5497,29.8878,8.0,5.7191,30.7235,0.356297,auto,0,120,20.0,30.7292,40.5120,0.5447,0.95
train_000713,Train-Target-000713,area,2.63222514,9.19318204,2,37,81,1,optical,8.6905,14.1948,8.0,7.0647,58.4248,0.261169,auto,0,120,20.0,68.9878,138.9774,100.2964,0.95
train_000444,Train-Target-000444,point,-55.17453543,-96.63064529,3,108,225,1,sar,19.7960,64.1268,-90.0,5.7391,23.6313,0.196301,sequential,2,120,5.0,,,,
train_002712,Train-Target-002712,area,-68.85970213,-132.56798921,9,74,125,1,infrared,36.1204,93.0804,-90.0,8.3972,45.1053,0.298409,auto,0,120,20.0,78.9411,120.2950,35.9343,0.95
train_002488,Train-Target-002488,area,22.30705918,64.24965941,4,96,172,1,optical,3.9606,52.9304,8.0,5.0008,28.8901,0.426109,auto,0,120,20.0,33.8710,39.4958,123.0411,0.95
train_001029,Train-Target-001029,area,58.02675099,-44.80710890,10,29,167,1,optical,2.1226,52.7837,8.0,4.8960,83.0286,0.186281,auto,0,120,20.0,45.2845,40.1007,161.0917,0.95
train_002113,Train-Target-002113,area,-62.07314689,91.16540478,9,4,156,1,sar,10.6883,55.0797,-90.0,7.9066,57.4932,0.227641,auto,0,120,20.0,232.8122,206.6280,121.7766,0.95
train_001768,Train-Target-001768,point,72.34666295,100.39171532,3,82,235,1,optical,5.2047,58.2138,8.0,5.9071,27.8322,0.259182,single,1,120,5.0,,,,
train_001932,Train-Target-001932,point,75.13889787,-18.65416769,8,56,189,1,optical,3.4578,57.4555,8.0,5.4472,37.4452,0.209326,single,1,120,5.0,,,,
train_000710,Train-Target-000710,area,59.90671155,-143.62895768,1,57,155,1,optical,7.9697,37.7533,8.0,5.3291,40.0065,0.408648,auto,0,120,20.0,33.9512,43.6581,43.5675,0.95
train_002388,Train-Target-002388,point,-74.10529861,150.02436878,1,44,137,1,optical,7.4684,38.5006,8.0,7.1790,65.0455,0.227221,single,1,120,5.0,,,,
train_000347,Train-Target-000347,point,-46.99074998,33.99203989,4,11,163,1,optical,9.4951,22.0996,8.0,5.1139,36.7001,0.282061,single,1,120,5.0,,,,
train_000348,Train-Target-000348,area,-86.56610106,9.91089450,6,67,205,1,optical,7.1039,13.4597,8.0,5.0777,21.4222,0.423523,auto,0,120,20.0,260.1420,191.3982,295.3941,0.95
train_000298,Train-Target-000298,point,-14.91212344,41.60586770,3,166,219,1,sar,8.2330,38.6801,-90.0,8.1418,46.5122,0.267316,single,1,120,5.0,,,,
train_002284,Train-Target-002284,point,12.34630401,-169.08448263,5,33,155,1,sar,17.3897,42.1538,-90.0,4.6847,21.5873,0.338485,single,1,120,5.0,,,,
train_002267,Train-Target-002267,area,60.78702402,73.91274782,5,52,187,1,optical,6.0092,53.9004,8.0,8.0717,87.7063,0.345795,auto,0,120,20.0,162.3149,195.8943,247.7479,0.95
train_002755,Train-Target-002755,area,-48.35443297,51.30649134,3,16,159,1,optical,4.4043,61.1684,8.0,7.0193,42.0445,0.305059,auto,0,120,20.0,53.2794,56.7924,53.0607,0.95
train_001253,Train-Target-001253,area,75.70991663,-98.61468273,1,71,214,1,optical,2.4048,32.7933,8.0,4.7714,88.7796,0.315142,auto,0,120,20.0,29.6905,26.1793,330.5417,0.95
train_002577,Train-Target-002577,area,29.40001999,130.04635458,6,83,207,1,optical,5.9069,58.3029,8.0,7.6466,44.6399,0.260769,auto,0,120,20.0,197.6550,163.8197,207.4928,0.95
train_001625,Train-Target-001625,area,-4.64862165,-99.34241482,3,125,222,1,optical,8.6955,58.9241,8.0,7.9971,79.8793,0.426086,auto,0,120,20.0,66.6029,113.7275,222.5099,0.95
train_002532,Train-Target-002532,point,-20.19979766,-70.64818815,9,25,159,1,sar,8.4854,41.2702,-90.0,7.3954,77.6082,0.309892,single,1,120,5.0,,,,
train_001541,Train-Target-001541,point,13.63156394,2.48395630,9,53,193,1,optical,6.1295,36.7942,8.0,4.9926,67.6472,0.266660,single,1,120,5.0,,,,
train_002822,Train-Target-002822,point,32.05114600,-97.76334349,10,133,188,1,optical,2.0223,49.1452,8.0,6.5239,45.7136,0.303076,single,1,120,5.0,,,,
train_000928,Train-Target-000928,point,33.83935094,152.41741012,10,90,153,1,optical,4.0308,29.7129,8.0,6.2538,21.1525,0.240042,single,1,120,5.0,,,,
train_000910,Train-Target-000910,area,-28.35029544,121.94696066,7,104,228,1,sar,19.8806,88.5592,-90.0,7.5824,89.9591,0.369635,auto,0,120,20.0,286.3030,210.2004,201.4840,0.95
train_000572,Train-Target-000572,point,-36.26576345,65.00067394,5,9,167,1,infrared,27.2161,99.7694,-90.0,6.7265,89.3530,0.418788,single,1,120,5.0,,,,
train_000236,Train-Target-000236,point,10.52229316,102.15823000,2,49,167,1,optical,6.6295,15.3477,8.0,7.7505,31.1810,0.237124,sequential,2,120,5.0,,,,
train_002989,Train-Target-002989,point,0.95082054,-140.94175991,9,34,74,1,sar,19.6117,81.5678,-90.0,5.9138,48.9572,0.288804,sequential,2,120,5.0,,,,
train_001456,Train-Target-001456,area,-13.09498547,-18.19556487,2,143,226,1,optical,2.9488,31.8927,8.0,7.6065,20.6843,0.229500,auto,0,120,20.0,16.2444,39.4194,82.9863,0.95
train_002958,Train-Target-002958,area,-11.72537140,132.36812419,4,31,138,1,optical,6.4916,40.2804,8.0,8.2444,65.8024,0.382561,auto,0,120,20.0,221.3340,169.0937,143.8690,0.95
train_001161,Train-Target-001161,point,32.30038265,-104.61641006,7,107,227,1,optical,3.0402,62.8356,8.0,7.6651,40.0760,0.189026,sequential,2,120,5.0,,,,
train_001910,Train-Target-001910,area,3.63354303,4.41417008,7,122,165,1,optical,8.2887,63.7243,8.0,7.3205,43.7927,0.343783,auto,0,120,20.0,89.3317,119.2008,9.2236,0.95
train_002557,Train-Target-002557,area,4.13661616,-10.84993006,8,73,214,1,sar,19.1702,55.5853,-90.0,6.8734,36.2031,0.213242,auto,0,120,20.0,16.9531,13.3103,114.3889,0.95
train_001439,Train-Target-001439,area,-59.14305643,-150.94509149,2,16,84,1,sar,11.2137,29.7645,-90.0,5.7659,59.1490,0.198085,auto,0,120,20.0,12.7129,48.2830,130.9610,0.95
train_000690,Train-Target-000690,area,-56.60967706,30.77925215,8,90,163,1,optical,5.8086,14.8619,8.0,5.2902,89.6353,0.265863,auto,0,120,20.0,163.9972,165.6176,225.3075,0.95
train_000325,Train-Target-000325,area,54.06523605,103.64236762,6,70,196,1,optical,4.2443,35.3544,8.0,5.0124,31.3450,0.423055,auto,0,120,20.0,268.0608,178.8795,28.5152,0.95
train_001417,Train-Target-001417,point,-57.30579791,98.68278148,9,60,110,1,optical,7.0226,54.3292,8.0,6.2297,84.0977,0.343623,simultaneous,2,120,5.0,,,,
train_000950,Train-Target-000950,area,26.14625713,-155.15915614,7,94,167,1,optical,6.7857,38.1238,8.0,6.5756,86.7323,0.241936,auto,0,120,20.0,96.4688,90.2762,134.4750,0.95
train_002100,Train-Target-002100,point,-46.71323596,138.56359761,1,47,193,1,sar,8.7249,64.4992,-90.0,5.6933,45.1815,0.259089,sequential,2,120,5.0,,,,
train_000761,Train-Target-000761,area,-6.69539041,-119.79071043,7,10,154,1,optical,7.1350,50.7013,8.0,6.5860,60.1567,0.220041,auto,0,120,20.0,133.5926,74.1132,62.4413,0.95
train_001640,Train-Target-001640,area,10.64193449,48.54548064,3,16,97,1,optical,9.5631,52.6544,8.0,4.6693,53.5556,0.296421,auto,0,120,20.0,75.3828,53.3056,137.4148,0.95
train_001261,Train-Target-001261,area,28.16751475,-139.97664702,7,176,227,1,optical,5.1483,55.9737,8.0,7.8352,46.3096,0.316562,auto,0,120,20.0,162.1580,298.6156,151.3288,0.95
train_000815,Train-Target-000815,area,-50.19190640,-143.59340607,3,58,175,1,optical,3.4892,47.4380,8.0,4.6287,21.5502,0.404061,auto,0,120,20.0,163.4104,169.4626,310.0700,0.95
train_000701,Train-Target-000701,point,46.60294870,133.75299261,3,176,234,1,sar,19.2519,75.7087,-90.0,5.4337,20.3579,0.436667,simultaneous,2,120,5.0,,,,
train_001664,Train-Target-001664,area,67.31952184,-173.61764843,10,128,181,1,sar,13.6795,74.1097,-90.0,5.2670,76.7687,0.330016,auto,0,120,20.0,216.0921,256.1987,85.4487,0.95
train_000859,Train-Target-000859,area,-20.83176039,-35.43715019,5,70,165,1,optical,3.9931,31.6938,8.0,6.8515,65.0564,0.428244,auto,0,120,20.0,33.6115,34.4247,314.5776,0.95
train_000901,Train-Target-000901,area,61.76338616,64.20879154,8,38,116,1,sar,19.9486,48.3933,-90.0,6.3274,69.9396,0.427077,auto,0,120,20.0,121.1857,115.0738,201.6752,0.95
train_002523,Train-Target-002523,point,-1.55068510,-125.40319592,5,103,239,1,infrared,34.0297,104.6205,-90.0,6.3898,32.5174,0.182987,single,1,120,5.0,,,,
train_002616,Train-Target-002616,area,-42.36487098,104.88701920,10,119,164,1,sar,12.2748,78.1043,-90.0,5.0268,28.0145,0.235788,auto,0,120,20.0,251.0964,149.3951,72.1142,0.95
train_001187,Train-Target-001187,point,17.56633944,-47.47061491,1,26,129,1,optical,7.9295,35.4745,8.0,8.3191,21.6752,0.431660,single,1,120,5.0,,,,
train_000890,Train-Target-000890,point,-11.58688777,-173.65713327,8,60,115,1,sar,12.9776,85.7020,-90.0,4.5949,50.4500,0.384733,sequential,2,120,5.0,,,,
train_000483,Train-Target-000483,point,-16.51192141,113.92669010,2,66,153,1,optical,8.3077,60.1571,8.0,8.1331,29.1170,0.274757,single,1,120,5.0,,,,
train_002300,Train-Target-002300,area,-7.10556481,84.71878196,5,55,130,1,optical,6.1187,24.6778,8.0,8.0145,44.3276,0.286003,auto,0,120,20.0,96.5235,91.6201,300.7929,0.95
train_000178,Train-Target-000178,area,-44.37372936,-162.51872588,4,140,186,1,sar,17.9986,33.6324,-90.0,6.5131,74.7768,0.422209,auto,0,120,20.0,43.5760,32.7533,327.8114,0.95
train_001672,Train-Target-001672,point,-6.63438763,105.33020980,3,45,133,1,optical,5.3926,58.1117,8.0,5.8803,24.1693,0.412292,simultaneous,2,120,5.0,,,,
train_002757,Train-Target-002757,area,46.68000866,138.82501997,6,13,159,1,optical,7.3140,29.0666,8.0,5.1154,37.5559,0.370930,auto,0,120,20.0,23.0495,37.8359,176.9959,0.95
train_001111,Train-Target-001111,area,-35.86914255,-86.20836435,6,85,239,1,sar,18.9934,65.4278,-90.0,7.0574,81.9544,0.352298,auto,0,120,20.0,67.8234,59.1493,216.1573,0.95
train_000484,Train-Target-000484,point,-41.44706389,118.43910793,2,105,194,1,optical,4.6832,33.2999,8.0,6.5333,65.2313,0.235507,sequential,2,120,5.0,,,,
train_002883,Train-Target-002883,point,-43.61400404,168.13430288,7,64,188,1,sar,15.2738,67.6781,-90.0,6.6218,84.7195,0.395416,simultaneous,2,120,5.0,,,,
train_001167,Train-Target-001167,area,-29.02195400,5.61838891,7,22,138,1,optical,7.4592,24.1562,8.0,4.7873,33.5884,0.199586,auto,0,120,20.0,68.1396,67.8467,284.5693,0.95
train_001291,Train-Target-001291,area,-61.17263154,9.93787909,10,168,215,1,infrared,20.2324,103.8803,-90.0,5.5854,87.9104,0.317121,auto,0,120,20.0,129.0083,62.1902,64.6141,0.95
train_001245,Train-Target-001245,point,10.92523658,115.05613785,7,34,95,1,optical,8.9672,16.1453,8.0,5.3252,75.1986,0.340439,simultaneous,2,120,5.0,,,,
train_002286,Train-Target-002286,area,41.50158635,-30.60180200,10,87,230,1,infrared,30.5117,80.1536,-90.0,5.6656,82.3580,0.417517,auto,0,120,20.0,137.6102,108.4112,41.2678,0.95
train_002977,Train-Target-002977,area,-43.48833771,-158.62777353,8,7,75,1,optical,9.4069,23.5434,8.0,5.8226,67.8477,0.183881,auto,0,120,20.0,47.3046,44.4162,233.6960,0.95
train_002069,Train-Target-002069,area,-26.84422284,150.04305052,6,113,229,1,optical,3.1400,29.9135,8.0,7.2938,51.7863,0.325319,auto,0,120,20.0,104.9578,118.5906,97.1419,0.95
train_001804,Train-Target-001804,area,17.97883319,42.32753547,5,27,182,1,infrared,35.6642,113.5079,-90.0,4.6097,63.3829,0.359856,auto,0,120,20.0,48.5289,45.4823,251.9940,0.95
train_001587,Train-Target-001587,point,20.31938672,-92.17956112,10,70,214,1,sar,14.5953,89.2038,-90.0,6.2250,77.6017,0.385552,sequential,2,120,5.0,,,,
train_001181,Train-Target-001181,area,18.58872054,-60.36877431,10,106,232,1,optical,8.6445,52.6419,8.0,7.9900,69.2238,0.330235,auto,0,120,20.0,277.9363,225.7412,155.0072,0.95
train_003055,Train-Target-003055,area,58.00791342,-10.10357546,6,119,231,1,sar,9.9840,41.9894,-90.0,5.3619,55.6284,0.210566,auto,0,120,20.0,232.9553,243.5074,31.2811,0.95
train_002143,Train-Target-002143,area,-1.49636712,44.99332838,10,52,209,1,optical,5.3548,29.6916,8.0,6.9492,87.1612,0.244725,auto,0,120,20.0,25.1341,14.1205,202.2055,0.95
train_002913,Train-Target-002913,area,-16.33563401,-128.50566417,7,109,171,1,optical,7.9443,10.8777,8.0,6.0845,26.0064,0.409048,auto,0,120,20.0,166.7444,205.6289,315.9367,0.95
train_000469,Train-Target-000469,area,-81.48038510,-60.98545946,5,73,211,1,sar,15.2613,46.5826,-90.0,8.3591,55.1084,0.201810,auto,0,120,20.0,158.3219,214.5121,31.6683,0.95
train_001251,Train-Target-001251,area,-47.73297039,-94.46090011,6,101,164,1,infrared,34.4192,115.4252,-90.0,4.7777,66.8859,0.427595,auto,0,120,20.0,138.8717,54.3081,293.8953,0.95
train_001765,Train-Target-001765,area,34.56565995,-56.06253170,9,0,100,1,sar,19.6837,88.8705,-90.0,6.6083,73.7165,0.211179,auto,0,120,20.0,15.2954,32.4308,61.6045,0.95
train_000802,Train-Target-000802,area,-13.20626709,-148.10875311,8,67,175,1,sar,19.4876,45.6917,-90.0,8.1283,66.7894,0.344003,auto,0,120,20.0,243.4494,246.9277,208.9849,0.95
train_002590,Train-Target-002590,point,76.96078021,179.15187754,4,169,239,1,sar,17.4897,40.1299,-90.0,7.0818,88.6135,0.318777,single,1,120,5.0,,,,
train_001025,Train-Target-001025,area,-2.73886351,109.87490992,6,82,220,1,optical,5.9219,43.0040,8.0,8.1730,56.7263,0.187695,auto,0,120,20.0,83.8801,78.6128,113.1393,0.95
train_001040,Train-Target-001040,point,-36.37167990,-13.87340131,10,73,208,1,sar,15.7446,46.4356,-90.0,6.6011,85.4200,0.438253,single,1,120,5.0,,,,
train_001228,Train-Target-001228,area,-55.03287308,15.90492442,10,131,237,1,infrared,19.4991,56.3902,-90.0,7.2865,53.3200,0.326478,auto,0,120,20.0,22.7651,28.4320,73.6027,0.95
train_000392,Train-Target-000392,area,-2.38999440,17.15633487,7,34,154,1,infrared,23.1291,136.1918,-90.0,5.2236,24.3853,0.340619,auto,0,120,20.0,267.1472,156.1442,197.4554,0.95
train_000104,Train-Target-000104,area,-27.25462986,118.79640276,4,94,227,1,infrared,31.8360,87.7999,-90.0,7.0611,20.1291,0.217339,auto,0,120,20.0,124.1213,137.2878,277.1856,0.95
train_003028,Train-Target-003028,area,-29.64638545,-14.12337656,4,1,134,1,optical,2.1440,60.6748,8.0,6.4272,74.2039,0.441022,auto,0,120,20.0,80.5418,123.1873,84.0903,0.95
train_001780,Train-Target-001780,area,-49.24804771,137.62810324,7,138,234,1,optical,3.1703,20.1092,8.0,6.5322,34.6177,0.289215,auto,0,120,20.0,124.7188,110.6685,61.1130,0.95
train_003047,Train-Target-003047,area,-6.70152930,156.30390885,9,91,157,1,optical,5.6889,57.6657,8.0,5.1709,30.3335,0.381967,auto,0,120,20.0,244.4774,242.8825,304.9721,0.95
train_002352,Train-Target-002352,area,-56.19520443,-21.29303757,3,20,171,1,optical,8.3209,63.0065,8.0,4.5913,81.2537,0.363976,auto,0,120,20.0,50.0516,92.0232,126.8705,0.95
train_001565,Train-Target-001565,area,57.20749898,40.57970087,2,159,208,1,sar,12.0348,93.2415,-90.0,5.9893,27.9822,0.434734,auto,0,120,20.0,28.1590,20.5724,121.3093,0.95
train_000361,Train-Target-000361,point,-15.35543411,-156.46836560,8,133,223,1,sar,8.0100,109.4367,-90.0,7.1767,50.6181,0.310488,simultaneous,2,120,5.0,,,,
train_002549,Train-Target-002549,area,-20.70343014,16.91197378,1,112,183,1,sar,19.8364,95.6114,-90.0,6.9474,40.5833,0.202117,auto,0,120,20.0,76.5584,64.3833,60.0140,0.95
train_002602,Train-Target-002602,point,80.15635402,2.42014508,2,5,91,1,sar,9.1127,41.6753,-90.0,4.8662,58.8436,0.422011,sequential,2,120,5.0,,,,
train_000548,Train-Target-000548,area,30.67946235,125.76029868,5,25,153,1,sar,17.1476,29.9878,-90.0,6.3828,76.9020,0.263386,auto,0,120,20.0,184.2032,146.1718,275.9316,0.95
train_002522,Train-Target-002522,area,-60.82412189,-103.58560417,10,119,218,1,infrared,32.1715,53.0268,-90.0,6.6839,36.2794,0.282295,auto,0,120,20.0,17.2896,27.2701,213.8343,0.95
train_000006,Train-Target-000006,area,-5.66679248,-46.40887562,3,49,207,1,optical,8.0599,34.4979,8.0,7.7655,87.5266,0.436617,auto,0,120,20.0,12.4741,36.2535,195.3769,0.95
train_002840,Train-Target-002840,area,-18.16873704,48.76465013,8,35,192,1,sar,18.3101,95.6455,-90.0,7.0447,87.1746,0.181975,auto,0,120,20.0,64.6076,100.8189,48.4802,0.95
train_000748,Train-Target-000748,area,-25.92539597,57.80439656,6,7,68,1,sar,21.3926,45.2846,-90.0,6.7937,37.0467,0.309686,auto,0,120,20.0,13.2048,42.8104,314.8233,0.95
train_002350,Train-Target-002350,area,8.88216642,-126.99020588,10,123,187,1,optical,6.7317,34.4227,8.0,5.4279,61.5283,0.349384,auto,0,120,20.0,292.9407,289.0894,114.2782,0.95
train_000022,Train-Target-000022,area,38.16258067,-32.37711528,3,17,67,1,optical,9.9818,15.8188,8.0,6.8479,81.7240,0.411706,auto,0,120,20.0,254.8149,179.9659,103.3851,0.95
train_000112,Train-Target-000112,area,-22.19351412,106.44853009,2,107,172,1,optical,3.0840,44.1217,8.0,6.9105,50.1857,0.432271,auto,0,120,20.0,36.0183,27.2026,276.7450,0.95
train_001963,Train-Target-001963,area,71.82243036,38.71127162,10,77,196,1,optical,2.4116,43.9156,8.0,5.2320,72.0270,0.198432,auto,0,120,20.0,25.2570,23.9797,337.5378,0.95
train_001402,Train-Target-001402,area,-21.45076328,119.52182041,5,66,154,1,optical,6.9499,28.7582,8.0,5.9972,54.4767,0.219499,auto,0,120,20.0,60.2760,50.5498,105.3441,0.95
train_001964,Train-Target-001964,area,71.24612188,34.02756806,10,46,124,1,optical,3.6801,16.6172,8.0,5.1431,78.2676,0.269605,auto,0,120,20.0,42.0974,30.6161,336.2050,0.95
train_000510,Train-Target-000510,area,-47.64967828,91.82115538,10,103,161,1,optical,5.5496,36.9449,8.0,7.4153,27.7666,0.437720,auto,0,120,20.0,38.1124,30.5480,339.3566,0.95
train_001177,Train-Target-001177,point,33.19277040,-152.65969086,7,10,106,1,optical,8.6871,15.6947,8.0,5.6281,31.8560,0.407247,sequential,2,120,5.0,,,,
train_001491,Train-Target-001491,point,15.76723919,17.19365698,8,56,135,1,optical,3.2945,19.0465,8.0,7.3328,65.6596,0.386115,single,1,120,5.0,,,,
train_003025,Train-Target-003025,area,24.82215385,34.45675492,5,87,194,1,optical,7.3798,46.3088,8.0,8.2324,71.5986,0.403252,auto,0,120,20.0,49.6899,18.6633,222.8468,0.95
train_001665,Train-Target-001665,area,44.93374982,169.52974239,4,64,149,1,optical,7.2507,33.5799,8.0,4.8715,50.2570,0.273293,auto,0,120,20.0,40.7756,43.9535,234.6710,0.95
train_000278,Train-Target-000278,point,41.90587193,-61.61589821,7,54,131,1,sar,14.2442,25.2118,-90.0,5.8553,48.1635,0.404528,single,1,120,5.0,,,,
train_002991,Train-Target-002991,area,-30.07193575,-152.44714553,3,79,236,1,optical,3.1664,17.6331,8.0,6.9695,25.7676,0.350750,auto,0,120,20.0,88.7399,107.7591,65.6848,0.95
train_002762,Train-Target-002762,area,57.12943659,77.64234458,9,79,219,1,optical,3.9485,38.6531,8.0,6.0566,63.0540,0.347760,auto,0,120,20.0,49.9574,19.4281,133.1219,0.95
train_002086,Train-Target-002086,area,27.00995037,-53.19140550,4,147,234,1,infrared,25.0606,78.2446,-90.0,5.7740,70.0022,0.313973,auto,0,120,20.0,26.5587,19.3219,339.7173,0.95
train_002439,Train-Target-002439,area,-29.76817495,153.17633785,3,47,152,1,optical,5.8493,30.1700,8.0,6.8601,86.3398,0.218863,auto,0,120,20.0,174.6823,260.9563,334.8000,0.95
train_001026,Train-Target-001026,area,-34.71268159,95.91282990,10,119,197,1,optical,4.2982,58.5593,8.0,7.8101,85.7667,0.443172,auto,0,120,20.0,108.3273,68.0034,165.0179,0.95
train_002054,Train-Target-002054,area,-18.86950525,-125.22180635,6,89,179,1,sar,20.5239,58.4475,-90.0,7.5107,76.4901,0.286587,auto,0,120,20.0,29.4424,47.6882,88.4176,0.95
train_000817,Train-Target-000817,area,-9.77804158,149.81777290,8,83,135,1,optical,4.5677,27.6650,8.0,5.8688,87.1279,0.238317,auto,0,120,20.0,183.6884,180.8273,352.5870,0.95
train_002868,Train-Target-002868,point,-19.42577619,109.68155662,9,28,175,1,optical,4.6770,27.8388,8.0,7.1446,26.8577,0.244680,single,1,120,5.0,,,,
train_001551,Train-Target-001551,area,-50.77254348,-60.33964508,5,121,233,1,optical,5.8633,40.6979,8.0,5.3359,46.2865,0.233277,auto,0,120,20.0,183.1647,238.2227,57.9571,0.95
train_002831,Train-Target-002831,point,23.07682765,-29.11946870,4,32,192,1,optical,2.6389,30.6138,8.0,7.7478,60.7070,0.245262,sequential,2,120,5.0,,,,
train_000614,Train-Target-000614,area,-27.12842035,-4.12820942,1,42,201,1,optical,2.9601,43.5755,8.0,8.0756,78.5909,0.404726,auto,0,120,20.0,45.0541,37.6272,34.4383,0.95
train_001986,Train-Target-001986,point,-62.56440668,-12.25759730,5,137,231,1,optical,4.9035,61.5125,8.0,6.8753,22.4391,0.344560,simultaneous,2,120,5.0,,,,
train_002065,Train-Target-002065,area,0.16423835,-36.56373900,4,116,191,1,sar,11.3792,50.5121,-90.0,5.3677,20.9852,0.389494,auto,0,120,20.0,21.3833,35.9248,128.0555,0.95
train_002454,Train-Target-002454,point,16.22863870,-122.77339233,3,105,177,1,infrared,32.9529,139.9899,-90.0,7.3019,29.9011,0.414523,single,1,120,5.0,,,,
train_001589,Train-Target-001589,area,-57.67718155,161.14125090,1,76,173,1,sar,11.9133,64.7523,-90.0,4.5847,81.9065,0.336144,auto,0,120,20.0,34.7748,12.8931,24.6222,0.95
train_003071,Train-Target-003071,area,13.17745462,-105.50632620,8,20,83,1,sar,9.4060,102.0422,-90.0,7.6879,82.1789,0.332451,auto,0,120,20.0,198.4336,203.9277,168.6677,0.95
train_002479,Train-Target-002479,area,-0.32222680,88.66781892,9,112,204,1,optical,6.6954,41.0675,8.0,7.7712,30.2342,0.327022,auto,0,120,20.0,75.8801,118.6750,232.0838,0.95
train_000356,Train-Target-000356,area,38.03767833,40.85719837,4,143,223,1,infrared,39.0161,56.6952,-90.0,6.9939,80.7885,0.435786,auto,0,120,20.0,269.3120,296.9483,262.3564,0.95
train_002239,Train-Target-002239,point,-37.76141558,2.50829058,6,45,205,1,infrared,32.7787,122.7132,-90.0,4.8912,26.2775,0.349271,single,1,120,5.0,,,,
train_001712,Train-Target-001712,point,-10.19055075,127.97979526,8,16,145,1,sar,8.0550,86.9064,-90.0,6.1553,87.6005,0.314621,sequential,2,120,5.0,,,,
train_002264,Train-Target-002264,area,-16.69594752,-76.42709644,9,56,183,1,optical,5.6082,18.1645,8.0,8.3505,73.3570,0.323121,auto,0,120,20.0,17.0953,34.7385,244.9649,0.95
train_001060,Train-Target-001060,area,-17.52464518,133.31445007,4,27,169,1,optical,5.6324,62.7039,8.0,6.5666,78.6443,0.280217,auto,0,120,20.0,49.0705,16.4488,216.3270,0.95
train_001332,Train-Target-001332,point,-48.63433641,41.61274166,6,20,124,1,optical,5.2262,53.4143,8.0,5.1784,57.7240,0.342846,single,1,120,5.0,,,,
train_002947,Train-Target-002947,area,-44.88466361,-107.11185555,4,47,93,1,sar,16.2834,87.9112,-90.0,8.0259,82.5735,0.360473,auto,0,120,20.0,210.7002,176.9528,60.3388,0.95
train_001578,Train-Target-001578,area,-42.84853530,-75.99187329,10,83,220,1,optical,5.3699,19.9073,8.0,6.1991,42.6315,0.431443,auto,0,120,20.0,245.6695,270.0261,141.9755,0.95
train_002610,Train-Target-002610,area,49.00912090,87.28828449,4,72,183,1,infrared,36.3493,81.3364,-90.0,8.0066,78.2429,0.422515,auto,0,120,20.0,72.6021,112.6907,127.8743,0.95
train_002004,Train-Target-002004,point,-26.71094258,-37.21602012,1,111,214,1,optical,6.3247,40.0437,8.0,7.2973,56.9448,0.413224,single,1,120,5.0,,,,
train_001891,Train-Target-001891,area,2.84365794,120.21023934,8,84,158,1,optical,5.8029,51.4530,8.0,5.8067,49.8024,0.447991,auto,0,120,20.0,200.9191,231.5637,330.8921,0.95
train_000541,Train-Target-000541,area,58.12769340,-136.57288897,8,74,156,1,infrared,34.1576,48.8042,-90.0,5.2493,59.2716,0.262383,auto,0,120,20.0,16.3959,42.3189,326.4936,0.95
train_000351,Train-Target-000351,area,57.17399471,24.77815718,4,17,83,1,sar,13.8211,107.2558,-90.0,7.5831,70.1131,0.242210,auto,0,120,20.0,24.1837,34.6614,201.2082,0.95
train_001764,Train-Target-001764,area,25.75045580,-84.82201832,8,94,204,1,infrared,23.3783,79.4351,-90.0,4.9588,83.7024,0.357740,auto,0,120,20.0,47.9762,32.0030,267.2788,0.95
train_001572,Train-Target-001572,area,52.10962422,63.09415887,10,128,184,1,sar,9.5301,34.2608,-90.0,6.8290,46.5386,0.402794,auto,0,120,20.0,49.8620,13.3390,65.9963,0.95
train_001900,Train-Target-001900,area,-44.71647814,-54.46438549,9,26,113,1,optical,7.7787,12.2224,8.0,4.8849,50.0040,0.196660,auto,0,120,20.0,276.6481,199.9552,202.9353,0.95
train_002273,Train-Target-002273,area,-41.75043905,-161.25909958,2,88,205,1,optical,6.7738,41.5723,8.0,5.5029,38.8972,0.409010,auto,0,120,20.0,288.6021,158.9739,108.8475,0.95
train_000998,Train-Target-000998,area,32.89363148,-3.47623986,9,123,217,1,infrared,20.1542,72.8504,-90.0,8.3138,22.5486,0.379323,auto,0,120,20.0,138.6295,105.6603,113.8205,0.95
train_002022,Train-Target-002022,area,-25.70188162,99.82362481,4,5,91,1,optical,7.8924,57.0888,8.0,7.7849,50.7338,0.296900,auto,0,120,20.0,160.8839,162.9327,283.9256,0.95
train_000867,Train-Target-000867,point,-16.48856344,-46.69030652,10,45,172,1,optical,2.8913,42.7934,8.0,6.7946,33.1523,0.314974,single,1,120,5.0,,,,
train_001438,Train-Target-001438,area,81.03358773,117.73309194,6,86,229,1,optical,5.9498,24.9773,8.0,4.9069,86.4637,0.358789,auto,0,120,20.0,31.1577,22.8574,255.9195,0.95
train_002729,Train-Target-002729,point,-22.90844106,150.92631314,8,68,221,1,sar,20.8366,64.9138,-90.0,6.2751,66.1994,0.265976,single,1,120,5.0,,,,
train_002664,Train-Target-002664,area,-29.87903166,176.83276289,8,89,227,1,optical,9.2549,54.4907,8.0,6.2739,64.1560,0.270936,auto,0,120,20.0,18.0269,24.3605,162.7133,0.95
train_000824,Train-Target-000824,point,-31.07330435,5.32874100,9,119,232,1,infrared,37.4295,131.4518,-90.0,6.0349,54.3443,0.207471,single,1,120,5.0,,,,
train_000716,Train-Target-000716,area,-2.93213626,-122.03555246,7,143,231,1,sar,10.0777,84.0946,-90.0,5.1208,49.2451,0.294427,auto,0,120,20.0,114.5244,84.6604,335.6668,0.95
train_001792,Train-Target-001792,area,46.86287005,-166.08313255,2,65,128,1,sar,11.1961,33.3439,-90.0,4.9531,86.4285,0.256605,auto,0,120,20.0,57.9664,72.7888,196.7049,0.95
train_002057,Train-Target-002057,point,-52.56234387,-146.78621611,4,35,180,1,optical,4.8371,47.7810,8.0,5.8164,32.9654,0.312765,single,1,120,5.0,,,,
train_000785,Train-Target-000785,area,1.69372795,-38.88113949,10,59,209,1,optical,2.1876,47.3624,8.0,7.3743,34.8167,0.232845,auto,0,120,20.0,166.1165,227.8477,139.0921,0.95
train_000740,Train-Target-000740,point,54.70854967,175.88902235,10,54,196,1,sar,12.9548,91.5687,-90.0,6.5508,59.7042,0.350014,single,1,120,5.0,,,,
train_001198,Train-Target-001198,area,68.05343112,126.16278697,1,108,205,1,optical,2.3895,51.4975,8.0,6.2528,24.8620,0.226520,auto,0,120,20.0,61.7502,74.5860,318.1077,0.95
train_002091,Train-Target-002091,area,-23.20368892,-111.53418736,3,182,231,1,optical,3.2743,31.9242,8.0,4.9682,63.6733,0.213612,auto,0,120,20.0,26.9766,12.7761,30.5876,0.95
train_000708,Train-Target-000708,area,12.91863803,-176.82356473,6,38,188,1,sar,10.2074,66.4886,-90.0,4.5801,78.3006,0.331944,auto,0,120,20.0,54.4695,120.8699,73.5381,0.95
train_002654,Train-Target-002654,area,40.86243253,-101.53684891,6,78,231,1,optical,8.7224,47.4899,8.0,8.0698,63.1312,0.427687,auto,0,120,20.0,77.6413,134.8353,349.6034,0.95
train_001038,Train-Target-001038,area,-45.59958895,7.88139876,7,84,229,1,sar,14.6565,73.7859,-90.0,6.0034,71.7799,0.290663,auto,0,120,20.0,49.8032,39.1440,269.6251,0.95
train_001518,Train-Target-001518,area,10.04142427,-31.09463934,8,62,185,1,infrared,24.2460,116.0566,-90.0,5.8145,69.7921,0.265422,auto,0,120,20.0,34.5844,36.0466,156.5911,0.95
train_002617,Train-Target-002617,area,2.63070271,74.52102195,3,26,168,1,optical,8.8685,61.8870,8.0,7.7391,27.6848,0.219641,auto,0,120,20.0,37.5643,49.1325,211.9257,0.95
train_000959,Train-Target-000959,point,-7.87748045,62.89326160,7,2,151,1,infrared,25.1084,70.1815,-90.0,5.7164,52.8406,0.183541,single,1,120,5.0,,,,
train_000331,Train-Target-000331,area,58.74064311,-120.58839945,10,17,113,1,optical,3.1171,21.7459,8.0,4.8649,32.9892,0.350545,auto,0,120,20.0,15.5200,22.3539,10.5326,0.95
train_002673,Train-Target-002673,area,-32.34418087,8.24775855,5,78,146,1,optical,9.3689,27.8847,8.0,7.9443,78.6602,0.377152,auto,0,120,20.0,271.7629,201.7033,310.6953,0.95
train_001951,Train-Target-001951,area,22.72677452,32.28898974,2,68,119,1,infrared,30.2551,57.7759,-90.0,5.5551,23.2129,0.214686,auto,0,120,20.0,28.3397,29.8429,108.1937,0.95
train_002930,Train-Target-002930,area,-18.19619628,-102.08029251,8,12,83,1,sar,15.9349,72.7997,-90.0,8.3523,64.5254,0.293903,auto,0,120,20.0,148.5856,227.6799,184.5414,0.95
train_002097,Train-Target-002097,area,-23.41209831,36.30849306,8,75,234,1,sar,13.2691,32.2127,-90.0,6.4551,52.7652,0.436548,auto,0,120,20.0,18.0719,18.4771,54.7297,0.95
train_002475,Train-Target-002475,point,41.01376676,44.14366819,7,42,117,1,optical,2.1589,49.8872,8.0,4.5174,38.0412,0.266760,single,1,120,5.0,,,,
train_001568,Train-Target-001568,area,-46.45042077,-88.83849861,8,41,161,1,infrared,22.8497,58.2794,-90.0,7.8115,81.9851,0.243843,auto,0,120,20.0,224.6565,269.2403,160.6900,0.95
train_000546,Train-Target-000546,area,15.99916818,133.50991615,5,9,103,1,sar,16.3069,51.9065,-90.0,5.4358,34.2656,0.340253,auto,0,120,20.0,31.6373,27.6214,68.3770,0.95
train_002308,Train-Target-002308,point,10.57785109,-82.19968620,10,9,154,1,optical,7.7685,62.2994,8.0,7.6100,80.7483,0.361870,single,1,120,5.0,,,,
train_001331,Train-Target-001331,area,34.16618109,173.70459688,2,79,223,1,optical,4.2328,46.5640,8.0,8.3981,35.5120,0.436384,auto,0,120,20.0,137.5247,75.2065,5.9705,0.95
train_002633,Train-Target-002633,area,63.12380714,-88.58025657,10,144,184,1,optical,4.5450,55.0062,8.0,6.4752,76.8576,0.404026,auto,0,120,20.0,171.8507,285.9677,272.0364,0.95
train_002790,Train-Target-002790,area,9.38228381,-32.59910036,2,93,209,1,optical,2.1629,61.3982,8.0,6.4239,65.4397,0.275711,auto,0,120,20.0,40.7094,35.2419,197.9594,0.95
train_002124,Train-Target-002124,area,-1.18899305,54.15103217,2,9,126,1,optical,7.3745,62.5957,8.0,7.6617,74.9301,0.229440,auto,0,120,20.0,104.0405,136.5774,328.6644,0.95
train_001447,Train-Target-001447,area,16.22811184,-62.55017993,8,158,216,1,optical,4.4462,53.9684,8.0,6.0624,68.8239,0.268851,auto,0,120,20.0,258.7366,239.2529,22.4989,0.95
train_001689,Train-Target-001689,area,0.32150425,-116.86830753,3,49,119,1,infrared,33.1868,128.2878,-90.0,6.2014,70.8855,0.302860,auto,0,120,20.0,186.4981,187.8828,343.8137,0.95
train_000114,Train-Target-000114,area,32.01020674,153.75092944,7,147,192,1,optical,8.2077,59.4527,8.0,7.2392,27.2968,0.249117,auto,0,120,20.0,30.1902,42.4193,92.0774,0.95
train_002235,Train-Target-002235,area,-63.60366240,173.98040232,6,128,225,1,sar,20.9336,100.2524,-90.0,5.4153,84.8546,0.219954,auto,0,120,20.0,64.9276,84.8849,136.7938,0.95
train_001053,Train-Target-001053,area,-9.29565177,46.42198279,8,82,166,1,optical,3.4178,59.6500,8.0,6.6397,35.3564,0.415107,auto,0,120,20.0,120.9537,87.1154,124.0743,0.95
train_001128,Train-Target-001128,area,4.50503116,-7.66153330,5,137,224,1,optical,4.4168,20.7990,8.0,6.4041,57.2203,0.192363,auto,0,120,20.0,19.3578,21.6092,207.9955,0.95
train_002072,Train-Target-002072,area,-42.25028182,-86.58405530,3,131,238,1,sar,15.5581,70.8467,-90.0,6.3586,55.9377,0.425519,auto,0,120,20.0,86.8000,75.3197,271.5857,0.95
train_000121,Train-Target-000121,area,40.63871715,-56.27668526,1,29,119,1,optical,6.8971,17.1694,8.0,7.6995,64.2462,0.342275,auto,0,120,20.0,116.6490,61.2661,177.5946,0.95
train_000526,Train-Target-000526,area,52.91025816,-7.79034724,1,127,173,1,sar,13.1408,37.9452,-90.0,7.4019,69.2991,0.283940,auto,0,120,20.0,13.1800,18.6807,224.6856,0.95
train_000645,Train-Target-000645,area,-38.56828350,129.62411039,10,84,217,1,sar,12.5436,56.3173,-90.0,7.7637,42.2648,0.385872,auto,0,120,20.0,24.0347,21.5843,19.6069,0.95
train_001445,Train-Target-001445,point,-49.94359777,-47.42825352,1,140,211,1,optical,6.2564,44.8772,8.0,5.4864,87.3846,0.446410,single,1,120,5.0,,,,
train_001124,Train-Target-001124,point,-32.83248217,-16.26457632,4,81,239,1,optical,8.6828,46.8316,8.0,5.9852,28.8571,0.252205,single,1,120,5.0,,,,
train_002938,Train-Target-002938,point,5.26547153,111.41843312,1,3,155,1,optical,9.5136,34.7799,8.0,7.6239,75.1300,0.334717,single,1,120,5.0,,,,
train_002915,Train-Target-002915,point,-34.55005977,-27.32173275,8,128,226,1,optical,4.0144,11.5165,8.0,6.7056,80.6330,0.342624,single,1,120,5.0,,,,
train_000260,Train-Target-000260,area,-16.74986994,152.46885386,2,38,106,1,infrared,23.5390,133.6874,-90.0,8.2109,24.2194,0.183766,auto,0,120,20.0,151.2787,151.1252,99.2558,0.95
train_002041,Train-Target-002041,area,-36.91301021,150.32684345,10,45,182,1,sar,19.3988,77.7804,-90.0,4.6037,49.1118,0.364337,auto,0,120,20.0,100.0846,54.1489,141.7189,0.95
train_000240,Train-Target-000240,area,-1.69764038,-54.94761183,3,137,193,1,optical,3.7610,28.9710,8.0,7.8968,50.7586,0.375700,auto,0,120,20.0,213.7574,281.1996,252.4008,0.95
train_001713,Train-Target-001713,area,48.19892015,-26.99831827,6,59,200,1,sar,9.7196,103.3519,-90.0,4.7568,34.2887,0.275069,auto,0,120,20.0,45.3807,49.6918,309.3409,0.95
train_002960,Train-Target-002960,area,37.53979346,-14.22423243,7,177,224,1,sar,13.3981,106.5922,-90.0,5.5907,50.5561,0.372836,auto,0,120,20.0,205.7929,223.9878,217.4909,0.95
train_002012,Train-Target-002012,point,-19.04293218,12.48540414,8,14,150,1,sar,17.8829,44.0205,-90.0,7.1578,37.0704,0.273518,single,1,120,5.0,,,,
train_000127,Train-Target-000127,point,61.92094848,100.17727893,5,1,100,1,sar,19.2991,26.7372,-90.0,5.7311,84.1274,0.218999,single,1,120,5.0,,,,
train_002076,Train-Target-002076,area,-18.35477741,-13.20422324,5,50,179,1,optical,7.1815,32.3687,8.0,5.6892,84.5814,0.381271,auto,0,120,20.0,39.0043,45.1025,242.4822,0.95
train_000927,Train-Target-000927,area,-40.10752108,-120.47365025,5,75,167,1,sar,11.4614,53.2041,-90.0,7.3635,28.0610,0.371577,auto,0,120,20.0,98.8517,135.3252,314.4138,0.95
train_000812,Train-Target-000812,point,14.79503398,51.60839912,3,15,168,1,optical,4.6907,40.1000,8.0,7.5152,70.4945,0.417778,sequential,2,120,5.0,,,,
train_000429,Train-Target-000429,area,-11.92558473,-32.00635627,6,62,204,1,optical,9.0626,41.3362,8.0,7.6699,28.1634,0.224287,auto,0,120,20.0,29.5903,38.1319,342.5199,0.95
train_001920,Train-Target-001920,area,-20.11747862,-137.96284470,8,60,201,1,sar,8.8228,25.4072,-90.0,7.1171,39.6728,0.421710,auto,0,120,20.0,104.3229,132.8248,68.1745,0.95
train_001631,Train-Target-001631,area,77.74668012,125.23052107,10,23,70,1,infrared,28.3256,45.9240,-90.0,6.0755,26.5182,0.323502,auto,0,120,20.0,42.9707,23.0588,38.3796,0.95
train_001449,Train-Target-001449,area,-7.14726738,38.69028443,10,89,223,1,optical,6.5994,12.3860,8.0,6.4946,65.3314,0.283302,auto,0,120,20.0,266.5649,219.2369,297.4466,0.95
train_001737,Train-Target-001737,area,28.43803500,-73.99362964,4,31,120,1,sar,14.8431,49.1126,-90.0,4.5335,40.5675,0.341962,auto,0,120,20.0,257.6713,251.2259,231.5482,0.95
train_002438,Train-Target-002438,area,-24.78958649,-40.46398228,5,33,126,1,sar,9.1339,58.0519,-90.0,5.2513,85.2485,0.246897,auto,0,120,20.0,24.7130,19.6849,85.1430,0.95
train_001701,Train-Target-001701,area,-59.58891462,-136.12262849,9,20,146,1,sar,20.6962,33.4834,-90.0,4.8839,77.4183,0.387795,auto,0,120,20.0,264.0895,219.7177,33.4079,0.95
train_002919,Train-Target-002919,area,15.30434720,-90.36704209,5,56,171,1,sar,19.8995,104.4047,-90.0,6.1804,63.8998,0.202922,auto,0,120,20.0,35.5565,36.5078,55.3074,0.95
train_001490,Train-Target-001490,area,1.55442348,17.19936587,7,140,188,1,optical,7.4627,54.7820,8.0,5.6193,68.2786,0.372519,auto,0,120,20.0,245.8704,147.0760,248.2060,0.95
train_001851,Train-Target-001851,point,10.59991041,-134.40393727,4,69,178,1,optical,4.6817,50.4077,8.0,6.9765,70.8003,0.190030,single,1,120,5.0,,,,
train_002808,Train-Target-002808,area,-26.94291433,-76.66349934,9,24,114,1,optical,7.9489,19.2218,8.0,5.2230,23.0165,0.202363,auto,0,120,20.0,12.0202,31.8833,236.6076,0.95
train_003031,Train-Target-003031,area,59.97396922,-128.99929122,10,24,79,1,sar,14.9219,44.2560,-90.0,7.3071,38.1909,0.412482,auto,0,120,20.0,109.5164,80.1596,257.1461,0.95
train_002923,Train-Target-002923,point,1.98771696,29.00214708,7,3,123,1,optical,7.4552,39.9167,8.0,7.7160,62.8618,0.382310,single,1,120,5.0,,,,
train_000038,Train-Target-000038,point,-31.07596045,-171.21794746,1,94,221,1,optical,2.5321,13.7215,8.0,6.9233,54.8559,0.210125,single,1,120,5.0,,,,
train_002165,Train-Target-002165,point,-67.12579354,-50.20440553,4,50,112,1,infrared,20.0599,122.9367,-90.0,7.7833,81.9240,0.367099,single,1,120,5.0,,,,
train_002823,Train-Target-002823,area,-15.00329663,-139.62326242,4,135,223,1,optical,4.0407,27.4808,8.0,5.9567,52.9972,0.280466,auto,0,120,20.0,136.9778,52.5045,229.4697,0.95
train_002120,Train-Target-002120,area,-9.40380853,95.43751739,5,165,234,1,infrared,24.8870,96.0589,-90.0,7.9115,46.3714,0.397464,auto,0,120,20.0,16.6954,35.6530,289.1217,0.95
train_000747,Train-Target-000747,point,-22.46450369,142.86213652,5,31,128,1,optical,5.6999,53.9557,8.0,5.9559,89.7836,0.420779,single,1,120,5.0,,,,
train_000010,Train-Target-000010,area,12.64866736,-124.04521268,6,64,175,1,sar,14.4631,64.6732,-90.0,6.6036,71.6761,0.254668,auto,0,120,20.0,191.8231,174.0283,295.7370,0.95
train_002826,Train-Target-002826,point,-25.97585031,127.99261814,1,62,120,1,sar,12.8295,99.5190,-90.0,5.7024,71.1615,0.187903,single,1,120,5.0,,,,
train_000643,Train-Target-000643,area,32.88034066,155.37170755,5,22,107,1,sar,8.2871,105.3708,-90.0,7.9105,68.8388,0.249725,auto,0,120,20.0,79.8520,65.7425,352.0009,0.95
train_002398,Train-Target-002398,area,-52.08898022,38.62440013,2,4,159,1,infrared,27.3666,62.9134,-90.0,5.4068,21.4569,0.432828,auto,0,120,20.0,14.4084,21.0022,148.5390,0.95
train_002918,Train-Target-002918,area,37.94762415,108.70536762,2,108,218,1,optical,4.1406,61.1468,8.0,4.5444,61.0484,0.265031,auto,0,120,20.0,64.7509,136.0542,212.9483,0.95
train_002969,Train-Target-002969,point,-40.03873158,24.19029451,6,55,123,1,optical,2.4519,52.0336,8.0,8.0987,37.5088,0.231611,single,1,120,5.0,,,,
train_002661,Train-Target-002661,area,8.16437796,63.94446313,1,141,192,1,optical,5.4735,35.6631,8.0,4.9765,85.1672,0.365132,auto,0,120,20.0,284.0018,186.0455,237.4579,0.95
train_000750,Train-Target-000750,area,-3.85000897,-153.27245028,6,6,83,1,optical,2.4268,27.3720,8.0,4.6124,39.6460,0.313901,auto,0,120,20.0,44.8250,31.7502,157.6062,0.95
train_003046,Train-Target-003046,area,41.11421783,-139.48528683,5,21,141,1,optical,2.8835,32.6661,8.0,7.9729,48.4810,0.409626,auto,0,120,20.0,92.2395,74.3421,114.6362,0.95
train_000565,Train-Target-000565,area,-51.86078240,-5.49047096,7,170,230,1,optical,2.9343,44.1940,8.0,5.1469,35.0416,0.383376,auto,0,120,20.0,41.7864,41.2307,313.0796,0.95
train_001300,Train-Target-001300,point,-29.61461678,-50.20158679,8,54,173,1,optical,3.7039,26.8332,8.0,6.7356,24.0359,0.330108,single,1,120,5.0,,,,
train_000161,Train-Target-000161,point,4.43738119,170.29613893,1,91,200,1,optical,4.7176,20.2137,8.0,4.8434,71.3236,0.195144,single,1,120,5.0,,,,
train_000314,Train-Target-000314,area,-48.66543894,-120.04322717,3,32,127,1,infrared,31.7512,105.1495,-90.0,7.4631,67.4631,0.435093,auto,0,120,20.0,149.4830,237.6121,3.7359,0.95
train_001003,Train-Target-001003,area,-31.80789259,-98.79466703,9,129,216,1,sar,12.9053,109.6564,-90.0,7.3534,50.5150,0.201474,auto,0,120,20.0,21.5615,46.4188,58.7154,0.95
train_000291,Train-Target-000291,area,68.59010818,164.72498263,2,19,88,1,infrared,21.9542,125.7185,-90.0,7.2815,35.1708,0.245373,auto,0,120,20.0,241.7454,179.2308,275.2544,0.95
train_000053,Train-Target-000053,point,-13.54671369,109.33727773,2,117,205,1,optical,3.1447,62.3532,8.0,6.9483,29.6994,0.307573,single,1,120,5.0,,,,
train_000915,Train-Target-000915,area,-82.21891194,-16.59236483,7,137,235,1,optical,2.6945,58.6179,8.0,5.7349,83.1554,0.257257,auto,0,120,20.0,45.1843,48.2237,7.9835,0.95
train_000130,Train-Target-000130,point,-34.80318449,53.29817368,2,111,234,1,optical,4.9273,44.9770,8.0,4.7426,88.0408,0.439518,sequential,2,120,5.0,,,,
train_002720,Train-Target-002720,area,17.14006499,139.46563322,2,82,196,1,optical,3.2641,12.8010,8.0,8.2307,72.6949,0.336279,auto,0,120,20.0,27.5255,43.5783,29.3433,0.95
train_002607,Train-Target-002607,area,1.00965900,54.33878260,9,47,103,1,optical,8.2166,14.9901,8.0,7.1315,40.7574,0.437797,auto,0,120,20.0,135.7162,116.0827,149.2440,0.95
train_002195,Train-Target-002195,area,6.28051902,-54.60205201,9,44,181,1,optical,7.5947,61.4294,8.0,5.8258,66.9203,0.218811,auto,0,120,20.0,181.5466,181.9620,303.3449,0.95
train_000767,Train-Target-000767,area,35.38629715,-45.20134508,5,24,112,1,optical,8.5746,36.4097,8.0,5.1856,48.1739,0.417970,auto,0,120,20.0,34.7052,13.7658,326.3247,0.95
train_000528,Train-Target-000528,area,11.76720905,43.72752474,1,15,82,1,sar,8.2261,37.4921,-90.0,5.6795,47.2648,0.440682,auto,0,120,20.0,79.9047,109.4157,69.9548,0.95
train_001532,Train-Target-001532,area,-1.58658070,-116.25798709,7,72,190,1,optical,3.2626,47.1409,8.0,7.9826,59.8391,0.197539,auto,0,120,20.0,299.4856,178.0706,52.5048,0.95
train_001724,Train-Target-001724,area,31.46832989,-81.53593912,4,16,128,1,sar,9.0121,91.0353,-90.0,5.6596,58.9575,0.271894,auto,0,120,20.0,258.9668,178.4485,227.0041,0.95
train_002334,Train-Target-002334,point,7.85413954,-142.84584047,8,15,112,1,sar,20.0526,88.6476,-90.0,5.9478,80.9842,0.431332,single,1,120,5.0,,,,
train_000640,Train-Target-000640,area,-29.66280318,-158.61910403,7,152,205,1,infrared,18.5137,106.5746,-90.0,7.8585,76.7535,0.448960,auto,0,120,20.0,214.7011,182.3617,352.1643,0.95
train_000136,Train-Target-000136,area,-2.67379321,50.96684492,4,121,236,1,optical,8.2271,53.9978,8.0,5.1455,75.5199,0.185593,auto,0,120,20.0,22.5215,20.7395,329.3925,0.95
train_002445,Train-Target-002445,area,-4.55379167,70.91066808,9,43,93,1,optical,2.0489,48.4219,8.0,8.1539,60.5712,0.285059,auto,0,120,20.0,213.3024,151.5982,103.6107,0.95
train_002021,Train-Target-002021,point,21.34135747,87.93273396,4,59,204,1,sar,12.5316,35.6703,-90.0,6.8852,22.8431,0.396264,single,1,120,5.0,,,,
train_000265,Train-Target-000265,point,15.90901185,63.22221318,4,112,192,1,sar,19.0386,37.4144,-90.0,4.6268,54.8947,0.380377,sequential,2,120,5.0,,,,
train_002036,Train-Target-002036,area,41.07633097,110.12173765,9,8,87,1,sar,13.9356,105.0787,-90.0,4.9904,86.1267,0.238628,auto,0,120,20.0,95.7944,96.2533,327.9075,0.95
train_001127,Train-Target-001127,point,-19.06874438,-156.94599015,3,86,192,1,optical,8.8755,38.3984,8.0,8.3641,47.7663,0.388984,single,1,120,5.0,,,,
train_002874,Train-Target-002874,area,-51.52808120,-150.36639809,1,117,233,1,sar,14.8503,81.6132,-90.0,8.2948,40.1345,0.216041,auto,0,120,20.0,182.2941,236.2607,223.7970,0.95
train_001794,Train-Target-001794,area,-23.58965260,92.57859906,2,23,110,1,infrared,28.9617,57.4612,-90.0,6.6329,49.7008,0.339090,auto,0,120,20.0,289.0881,243.1550,113.3452,0.95
train_001158,Train-Target-001158,area,7.65213930,-115.78925503,8,21,106,1,sar,19.8047,70.7851,-90.0,7.0879,31.3675,0.400330,auto,0,120,20.0,199.5513,256.3386,17.0231,0.95
train_001590,Train-Target-001590,area,3.73719435,92.26349391,4,78,151,1,optical,2.7207,20.6779,8.0,5.2797,45.5896,0.293128,auto,0,120,20.0,27.3565,23.3243,347.0272,0.95
train_000609,Train-Target-000609,point,18.26767338,-174.93076392,10,5,137,1,infrared,27.5790,80.9611,-90.0,6.1466,39.4003,0.189701,single,1,120,5.0,,,,
train_001931,Train-Target-001931,area,-29.39669602,169.79240003,2,96,203,1,optical,6.3132,59.9367,8.0,7.6194,52.8100,0.440114,auto,0,120,20.0,244.1921,163.2649,312.8355,0.95
train_001494,Train-Target-001494,area,38.59471962,4.38264022,1,70,183,1,sar,17.5036,27.9779,-90.0,7.1248,20.0808,0.405833,auto,0,120,20.0,23.9713,22.2346,254.2635,0.95
train_000793,Train-Target-000793,point,-19.65404756,132.22627567,9,121,199,1,infrared,26.8563,134.5331,-90.0,4.5935,37.9723,0.267195,single,1,120,5.0,,,,
train_001741,Train-Target-001741,area,-11.33276934,91.10198604,5,92,213,1,optical,3.3744,23.8718,8.0,8.3311,30.1847,0.248520,auto,0,120,20.0,26.3696,44.2623,73.1795,0.95
train_002087,Train-Target-002087,area,-3.82214204,158.72024595,5,8,117,1,optical,8.3124,33.4527,8.0,7.1954,64.4914,0.306460,auto,0,120,20.0,173.0431,176.3854,36.3084,0.95
train_000522,Train-Target-000522,area,-17.86724418,-143.72566102,4,65,142,1,sar,17.0888,44.3185,-90.0,7.4671,54.6219,0.220139,auto,0,120,20.0,229.3092,265.3677,354.0555,0.95
train_000872,Train-Target-000872,area,-49.35291311,-62.30025941,7,66,202,1,sar,8.8515,61.9337,-90.0,4.5764,34.9414,0.448644,auto,0,120,20.0,15.5729,40.7623,124.6044,0.95
train_002404,Train-Target-002404,point,-55.31406061,100.18275686,5,74,182,1,optical,5.1262,28.0971,8.0,6.4659,31.5512,0.386819,single,1,120,5.0,,,,
train_001598,Train-Target-001598,area,-40.48045398,-113.59231057,7,94,139,1,infrared,35.7122,139.7745,-90.0,5.3481,72.5451,0.187404,auto,0,120,20.0,15.7209,12.3357,192.9617,0.95
train_001086,Train-Target-001086,area,-40.17333873,10.01926745,9,96,212,1,optical,8.3405,64.5803,8.0,8.0958,44.9328,0.240280,auto,0,120,20.0,17.3346,14.2203,265.6124,0.95
train_001295,Train-Target-001295,area,-7.77135438,37.46513082,2,180,230,1,optical,9.1155,60.3198,8.0,7.8068,85.5969,0.338138,auto,0,120,20.0,234.4482,259.4843,61.4825,0.95
train_002529,Train-Target-002529,area,25.86714660,121.54135615,4,63,149,1,optical,9.6836,47.2685,8.0,5.5058,49.0273,0.413656,auto,0,120,20.0,87.0287,85.8012,297.8957,0.95
train_002979,Train-Target-002979,area,-21.83591662,-157.59307846,9,17,137,1,infrared,33.1197,122.2469,-90.0,7.8538,37.7298,0.343011,auto,0,120,20.0,255.2990,191.4946,342.3203,0.95
train_000137,Train-Target-000137,area,10.89614323,162.32579818,3,75,173,1,optical,6.9693,20.4429,8.0,8.3897,81.4756,0.183803,auto,0,120,20.0,263.7393,207.1563,297.9918,0.95
train_000447,Train-Target-000447,area,-26.18999540,-148.15925876,4,91,202,1,optical,9.9499,52.5731,8.0,7.1520,87.4976,0.210608,auto,0,120,20.0,194.6441,240.2099,228.4201,0.95
train_001781,Train-Target-001781,point,-28.56257202,-164.42844978,1,147,213,1,sar,17.1201,88.4599,-90.0,5.0928,37.4251,0.397180,simultaneous,2,120,5.0,,,,
train_000117,Train-Target-000117,area,-47.25435273,21.20638484,8,125,213,1,sar,13.8737,51.2688,-90.0,5.8840,21.8488,0.411936,auto,0,120,20.0,22.8177,14.9154,236.0713,0.95
train_002211,Train-Target-002211,area,67.58096339,-159.88244457,3,67,121,1,optical,7.9631,21.7981,8.0,8.0869,50.3899,0.436946,auto,0,120,20.0,215.3886,238.6333,23.4558,0.95
train_002279,Train-Target-002279,area,-8.04138615,-116.60829799,2,98,180,1,infrared,31.7779,104.2450,-90.0,7.7017,26.3813,0.276567,auto,0,120,20.0,50.9037,88.8396,207.7660,0.95
train_000425,Train-Target-000425,point,3.61611008,168.56711311,6,94,197,1,optical,7.8520,27.0087,8.0,5.2611,83.4587,0.207124,single,1,120,5.0,,,,
train_002075,Train-Target-002075,point,20.36098542,-61.28618658,3,175,224,1,sar,16.7583,106.7301,-90.0,6.4154,56.3615,0.226045,single,1,120,5.0,,,,
train_001076,Train-Target-001076,area,-9.50231071,-171.54264614,10,87,131,1,sar,8.2583,86.2684,-90.0,5.2825,49.0586,0.354362,auto,0,120,20.0,277.7948,218.5192,232.5715,0.95
train_000752,Train-Target-000752,area,-15.86876906,36.33622822,10,125,238,1,infrared,34.0610,77.7079,-90.0,7.7369,67.1435,0.254045,auto,0,120,20.0,34.7210,18.2155,278.1282,0.95
train_003067,Train-Target-003067,point,26.94994996,116.25527317,4,147,211,1,optical,8.2916,40.2248,8.0,4.8079,38.7522,0.231732,single,1,120,5.0,,,,
train_000992,Train-Target-000992,area,-57.78674538,74.08891748,1,83,239,1,optical,3.8565,56.8795,8.0,5.0652,34.5769,0.204963,auto,0,120,20.0,133.8606,75.4983,200.4857,0.95
train_000756,Train-Target-000756,point,41.34958972,-70.95059752,1,84,233,1,sar,13.3288,65.0764,-90.0,8.3724,51.1421,0.185177,single,1,120,5.0,,,,
train_001573,Train-Target-001573,area,-46.77483549,-40.04683210,7,86,137,1,optical,7.9980,15.7067,8.0,5.3929,52.4423,0.414219,auto,0,120,20.0,75.9118,117.6522,312.6357,0.95
train_002885,Train-Target-002885,area,61.36950723,10.14816814,6,173,214,1,optical,2.4305,42.7493,8.0,7.6751,48.3790,0.187771,auto,0,120,20.0,72.9126,79.7626,139.9193,0.95
train_001173,Train-Target-001173,area,37.36125953,66.79733635,7,5,134,1,optical,9.3945,37.5676,8.0,7.3814,30.1356,0.226137,auto,0,120,20.0,195.6940,150.4843,36.1783,0.95
train_001940,Train-Target-001940,area,-58.93276717,112.84194374,8,27,136,1,optical,7.6949,10.3761,8.0,4.8471,86.9395,0.199726,auto,0,120,20.0,84.8182,114.0296,60.1776,0.95
train_002812,Train-Target-002812,area,24.71140644,-46.30522758,9,71,168,1,infrared,27.2596,127.7457,-90.0,5.0824,67.7251,0.323893,auto,0,120,20.0,132.0533,123.4369,28.6315,0.95
train_002242,Train-Target-002242,point,-28.50120955,-83.04324895,6,163,219,1,infrared,29.7767,101.8802,-90.0,8.3603,63.8115,0.320383,single,1,120,5.0,,,,
train_001465,Train-Target-001465,area,65.62710198,172.88027189,6,86,177,1,sar,21.6497,60.3992,-90.0,7.4125,41.5393,0.254962,auto,0,120,20.0,97.6899,51.2823,218.8350,0.95
train_002943,Train-Target-002943,area,-10.81360815,-161.47932992,5,130,184,1,optical,3.4760,11.6802,8.0,5.1845,48.4849,0.270156,auto,0,120,20.0,18.1797,20.1780,44.3481,0.95
train_002371,Train-Target-002371,area,35.29833926,-63.24240587,2,34,172,1,infrared,22.5656,88.4357,-90.0,5.3079,48.9671,0.275498,auto,0,120,20.0,18.9334,18.4012,156.4120,0.95
train_001235,Train-Target-001235,point,49.65723986,-102.19334946,3,17,119,1,optical,8.5678,60.0293,8.0,7.0431,29.0180,0.294699,single,1,120,5.0,,,,
train_001064,Train-Target-001064,point,47.45184109,63.86981892,2,87,142,1,sar,14.3379,46.0895,-90.0,5.6553,87.8214,0.185354,single,1,120,5.0,,,,
train_000605,Train-Target-000605,area,-0.05493490,-153.34429404,2,43,129,1,optical,9.6707,16.5572,8.0,6.1325,84.1931,0.412198,auto,0,120,20.0,38.0177,33.8590,257.3490,0.95
train_003068,Train-Target-003068,area,-12.07018083,-88.26333532,5,60,197,1,optical,2.5218,15.5079,8.0,6.9914,80.4383,0.309436,auto,0,120,20.0,13.9456,16.2303,33.4483,0.95
train_002102,Train-Target-002102,point,-21.89214592,-147.37586348,6,106,155,1,sar,16.4390,72.7455,-90.0,5.2896,83.8048,0.185388,sequential,2,120,5.0,,,,
train_000488,Train-Target-000488,area,-14.42428992,-106.89532435,9,94,221,1,optical,8.1103,27.1946,8.0,6.4203,36.9150,0.339882,auto,0,120,20.0,53.1510,78.8369,56.0142,0.95
train_002561,Train-Target-002561,point,43.52122143,115.36757179,2,140,219,1,sar,9.5618,87.6097,-90.0,8.3931,29.2810,0.416817,single,1,120,5.0,,,,
train_001216,Train-Target-001216,area,44.70635369,173.33671464,10,11,161,1,optical,2.6756,30.6465,8.0,4.7749,24.7037,0.447958,auto,0,120,20.0,101.5602,83.3206,86.7520,0.95
train_002653,Train-Target-002653,area,6.95632737,-67.02074357,3,109,234,1,optical,2.2077,52.9862,8.0,7.4180,21.0943,0.381622,auto,0,120,20.0,290.3603,161.0705,15.0834,0.95
train_000496,Train-Target-000496,point,-16.30393224,-13.71952161,7,4,51,1,optical,7.2469,40.9475,8.0,6.6779,72.6212,0.287899,single,1,120,5.0,,,,
train_002533,Train-Target-002533,area,-40.33926971,144.20537669,10,17,162,1,sar,20.7538,109.9716,-90.0,6.5025,60.1790,0.352867,auto,0,120,20.0,105.8181,82.9203,129.3153,0.95
train_000988,Train-Target-000988,area,-29.12988432,33.67540792,8,15,94,1,optical,5.0899,52.2479,8.0,6.1580,43.8514,0.209459,auto,0,120,20.0,74.6368,71.5975,266.8942,0.95
train_001864,Train-Target-001864,point,-27.68789610,9.26703383,1,4,94,1,sar,21.6132,44.4375,-90.0,7.3371,31.7779,0.349523,single,1,120,5.0,,,,
train_001995,Train-Target-001995,point,-33.46664994,49.77688879,6,97,202,1,sar,15.9590,66.9198,-90.0,6.0886,88.2037,0.396183,single,1,120,5.0,,,,
train_000920,Train-Target-000920,area,69.79374512,118.08445790,2,143,224,1,sar,15.3689,43.3299,-90.0,6.1929,86.9482,0.271988,auto,0,120,20.0,210.3998,277.6749,253.4537,0.95
train_000478,Train-Target-000478,point,36.28165214,-103.01524616,6,166,223,1,optical,6.6768,31.3139,8.0,7.2236,59.0988,0.349071,simultaneous,2,120,5.0,,,,
train_000684,Train-Target-000684,area,1.62347585,-74.97155529,3,61,183,1,optical,8.4345,52.4390,8.0,6.5196,52.9653,0.299040,auto,0,120,20.0,51.4849,75.8074,157.7163,0.95
train_001928,Train-Target-001928,point,-18.54132282,-108.25549844,4,82,233,1,sar,10.8766,107.9517,-90.0,5.7557,58.2956,0.330128,single,1,120,5.0,,,,
train_002281,Train-Target-002281,area,-33.71982454,-99.82163431,6,17,121,1,optical,8.4511,40.7516,8.0,7.9309,68.1403,0.185785,auto,0,120,20.0,205.1046,226.1207,95.1939,0.95
train_001982,Train-Target-001982,point,-69.54271359,-2.68607943,9,17,151,1,optical,5.5764,35.9243,8.0,4.8296,43.3877,0.302910,single,1,120,5.0,,,,
train_000275,Train-Target-000275,area,-5.69220885,33.72073302,2,2,119,1,optical,8.3959,12.5567,8.0,6.9989,37.8099,0.324837,auto,0,120,20.0,179.2711,156.0006,61.7658,0.95
train_001495,Train-Target-001495,area,20.71618375,-82.34281655,8,26,184,1,optical,6.7134,56.7692,8.0,5.5740,60.0952,0.432042,auto,0,120,20.0,179.1391,246.7332,226.5706,0.95
train_001798,Train-Target-001798,area,-9.58171009,143.57681346,5,149,229,1,optical,5.6838,48.3987,8.0,8.0094,87.6531,0.277577,auto,0,120,20.0,29.1213,41.8899,218.6441,0.95
train_000303,Train-Target-000303,area,-9.98414700,-103.77745056,1,147,195,1,sar,21.6635,39.5021,-90.0,6.4489,62.5576,0.274527,auto,0,120,20.0,33.6442,25.1423,220.2380,0.95
train_000026,Train-Target-000026,area,-30.10703644,-134.58845821,5,52,172,1,optical,5.9294,10.9182,8.0,5.0870,74.6605,0.410403,auto,0,120,20.0,82.7721,93.8994,164.5024,0.95
train_002990,Train-Target-002990,point,40.63262981,-53.94050895,2,46,191,1,sar,13.6430,27.4911,-90.0,6.0517,56.6053,0.282987,single,1,120,5.0,,,,
train_000460,Train-Target-000460,area,-9.57507567,-145.33580418,1,17,138,1,optical,2.7109,27.8661,8.0,5.0837,83.8792,0.218278,auto,0,120,20.0,159.9837,156.7921,28.1792,0.95
train_001422,Train-Target-001422,area,31.16877489,-50.23184814,8,69,164,1,optical,4.2698,58.7235,8.0,5.8424,55.0682,0.409472,auto,0,120,20.0,101.9271,109.6916,199.4730,0.95
train_000628,Train-Target-000628,area,53.46820020,71.36731500,5,161,207,1,optical,3.7208,11.7860,8.0,5.0029,53.5949,0.439565,auto,0,120,20.0,272.8472,150.0830,195.7855,0.95
train_000995,Train-Target-000995,area,32.15550207,-174.79785387,8,47,148,1,optical,7.3725,56.9766,8.0,5.4316,35.9249,0.260885,auto,0,120,20.0,275.8699,274.5999,125.3097,0.95
train_002173,Train-Target-002173,area,8.50871789,121.51471355,8,63,135,1,optical,6.0863,49.5119,8.0,6.5352,38.1731,0.361812,auto,0,120,20.0,32.1462,22.1177,64.6991,0.95
train_001957,Train-Target-001957,area,62.55126762,-151.47339578,8,68,188,1,optical,6.7809,56.3009,8.0,4.7235,48.7368,0.435562,auto,0,120,20.0,96.6840,128.0905,191.2198,0.95
train_001971,Train-Target-001971,point,23.24184692,-80.25115376,1,43,189,1,optical,8.8189,48.7382,8.0,6.6414,54.5075,0.300528,sequential,2,120,5.0,,,,
train_000454,Train-Target-000454,area,58.34146581,104.23409357,2,48,150,1,optical,8.2369,39.8533,8.0,8.3491,26.9527,0.364856,auto,0,120,20.0,38.5225,23.1463,324.1929,0.95
train_002213,Train-Target-002213,area,26.41787645,-41.17168601,2,107,179,1,optical,3.4528,47.9746,8.0,7.4140,76.4002,0.436047,auto,0,120,20.0,42.7797,15.1190,256.7634,0.95
train_002912,Train-Target-002912,area,49.78842561,-132.61112033,4,59,213,1,optical,8.7760,10.3894,8.0,5.7713,64.5675,0.357492,auto,0,120,20.0,115.6736,110.7111,109.5707,0.95
train_002141,Train-Target-002141,area,7.44524636,-7.59636878,5,40,99,1,optical,9.1669,37.0938,8.0,6.2172,46.4578,0.421048,auto,0,120,20.0,165.4812,254.8317,183.3405,0.95
train_001669,Train-Target-001669,area,9.28828137,-71.02954496,6,9,70,1,optical,3.3176,45.6047,8.0,7.9000,52.5547,0.328616,auto,0,120,20.0,120.0320,50.7844,141.3631,0.95
train_000790,Train-Target-000790,area,36.20320313,22.30913924,2,52,152,1,sar,8.6709,61.3540,-90.0,6.3258,34.3817,0.203685,auto,0,120,20.0,42.8613,28.1686,12.2960,0.95
train_002651,Train-Target-002651,area,-59.66038750,42.06316601,4,77,143,1,sar,9.0700,62.1237,-90.0,5.5374,33.7273,0.183625,auto,0,120,20.0,287.8415,249.7728,324.3956,0.95
train_001542,Train-Target-001542,area,-40.83079669,86.44179488,9,92,186,1,optical,4.6479,56.0110,8.0,6.2314,86.0414,0.321541,auto,0,120,20.0,218.0174,244.1667,80.8241,0.95
train_001983,Train-Target-001983,area,-40.94999329,-163.38331495,1,94,207,1,optical,9.5796,63.0854,8.0,7.7438,50.3367,0.225374,auto,0,120,20.0,86.4939,114.2172,168.8218,0.95
train_001123,Train-Target-001123,area,59.01036443,-88.35855561,7,155,208,1,sar,17.8896,53.7216,-90.0,4.5791,32.8441,0.278944,auto,0,120,20.0,110.0394,53.4725,47.0775,0.95
train_001826,Train-Target-001826,area,0.87220277,47.49518352,1,116,159,1,optical,4.6006,20.8779,8.0,4.6705,85.1366,0.229074,auto,0,120,20.0,58.2917,101.6492,36.6645,0.95
train_001034,Train-Target-001034,area,-39.85778859,140.77882909,4,64,204,1,sar,17.7356,78.8276,-90.0,7.5170,22.4837,0.389544,auto,0,120,20.0,29.4109,39.1001,331.1879,0.95
train_002459,Train-Target-002459,area,-58.26566112,-106.40229648,3,71,167,1,optical,8.7601,40.3416,8.0,5.8670,72.8474,0.442982,auto,0,120,20.0,31.8882,29.5904,148.4031,0.95
train_001019,Train-Target-001019,area,35.93466403,73.58304752,3,131,201,1,optical,9.0028,28.3160,8.0,5.5430,22.0312,0.433841,auto,0,120,20.0,70.3225,54.5737,186.3618,0.95
train_001540,Train-Target-001540,point,-56.02007916,-156.45696302,1,23,181,1,optical,7.1918,34.8778,8.0,6.9614,51.0166,0.294132,single,1,120,5.0,,,,
train_000264,Train-Target-000264,point,45.87818777,-175.83624584,8,25,136,1,optical,2.6152,32.0997,8.0,7.0121,73.9651,0.250060,single,1,120,5.0,,,,
train_001693,Train-Target-001693,point,-71.83092628,132.29435456,10,124,197,1,optical,9.5680,17.8898,8.0,6.1839,74.3406,0.208676,simultaneous,2,120,5.0,,,,
train_000349,Train-Target-000349,area,17.05311355,87.03417224,5,136,215,1,optical,6.2735,31.2949,8.0,5.2768,76.1402,0.249494,auto,0,120,20.0,79.2628,120.9691,147.2015,0.95
train_002672,Train-Target-002672,area,-15.91168119,-84.84705553,4,15,140,1,sar,15.8915,38.4811,-90.0,7.2198,31.9870,0.390607,auto,0,120,20.0,61.0111,120.3667,273.4178,0.95
train_002758,Train-Target-002758,area,18.85413290,-142.43547061,7,125,237,1,sar,8.3914,58.6444,-90.0,6.0433,69.7834,0.264259,auto,0,120,20.0,295.4751,284.8543,349.7661,0.95
train_002517,Train-Target-002517,point,-4.86462646,58.94068434,2,46,116,1,sar,16.1174,105.5821,-90.0,7.0898,36.8160,0.268530,simultaneous,2,120,5.0,,,,
train_002144,Train-Target-002144,area,24.04953655,8.19340077,6,125,176,1,optical,4.0945,30.9696,8.0,6.3917,56.4412,0.225672,auto,0,120,20.0,49.2611,33.5495,219.0652,0.95
train_001208,Train-Target-001208,area,45.64927836,-3.05809088,1,112,191,1,optical,9.9562,31.8356,8.0,5.1117,20.4228,0.437672,auto,0,120,20.0,32.7851,26.6356,305.1475,0.95
train_000267,Train-Target-000267,area,-19.09744975,-156.08333988,1,81,153,1,optical,7.3873,61.0552,8.0,6.8711,58.5556,0.373770,auto,0,120,20.0,67.7011,58.5830,212.2887,0.95
train_002914,Train-Target-002914,point,-47.50959537,-63.16653101,5,61,217,1,optical,6.8259,17.3391,8.0,7.3451,56.8847,0.398458,single,1,120,5.0,,,,
train_001362,Train-Target-001362,area,31.97254143,44.70014916,5,68,129,1,sar,11.7227,68.3285,-90.0,8.3667,67.4080,0.278293,auto,0,120,20.0,260.2959,206.8896,197.7899,0.95
train_001358,Train-Target-001358,area,-27.31615978,160.57067732,6,10,84,1,optical,2.7777,62.2691,8.0,7.0500,54.3881,0.209926,auto,0,120,20.0,232.4834,187.0818,88.6692,0.95
train_001030,Train-Target-001030,area,-20.18048518,19.95489801,5,110,221,1,optical,5.5628,10.4857,8.0,7.9233,67.0280,0.327848,auto,0,120,20.0,103.0323,60.5978,208.8600,0.95
train_002574,Train-Target-002574,point,36.24706056,132.80229140,4,1,160,1,optical,4.5794,38.2822,8.0,4.5326,63.5112,0.395253,single,1,120,5.0,,,,
train_000999,Train-Target-000999,point,29.92379839,-156.02721611,9,143,191,1,sar,10.7908,95.9087,-90.0,6.4309,44.4083,0.394767,single,1,120,5.0,,,,
train_002189,Train-Target-002189,area,9.97322938,23.68203432,9,105,180,1,infrared,38.8552,48.5434,-90.0,5.6493,68.9386,0.333117,auto,0,120,20.0,27.9383,15.6953,52.9089,0.95
train_000333,Train-Target-000333,area,9.78763733,-94.38082631,2,186,227,1,sar,13.3797,89.0668,-90.0,5.5920,20.1097,0.382138,auto,0,120,20.0,106.4354,60.1682,310.9009,0.95
train_000800,Train-Target-000800,point,-50.18853291,-82.76929032,2,39,193,1,sar,18.2656,54.7978,-90.0,4.9061,83.6360,0.342176,single,1,120,5.0,,,,
train_000637,Train-Target-000637,area,-38.66907447,-122.69251285,7,156,200,1,optical,8.8836,38.7452,8.0,6.8311,24.4518,0.429226,auto,0,120,20.0,17.7023,13.6994,274.4076,0.95
train_002298,Train-Target-002298,area,-48.51086298,-51.70309919,3,131,172,1,optical,3.4844,28.0846,8.0,8.2090,74.0425,0.263929,auto,0,120,20.0,27.5519,31.9742,51.1791,0.95
train_002978,Train-Target-002978,area,15.29927973,97.22495173,6,69,193,1,sar,10.4523,37.9057,-90.0,5.9825,26.2570,0.307164,auto,0,120,20.0,151.8641,260.5706,176.3666,0.95
train_002538,Train-Target-002538,area,-15.94374355,82.30304570,8,44,89,1,optical,7.9755,36.1733,8.0,6.1055,74.4546,0.441820,auto,0,120,20.0,55.5087,88.2306,177.8881,0.95
train_002871,Train-Target-002871,area,-67.61764183,-167.15032586,10,39,163,1,optical,8.0725,47.6897,8.0,5.7456,88.1669,0.355792,auto,0,120,20.0,207.5998,150.8717,98.8603,0.95
train_001446,Train-Target-001446,area,-44.91324662,-10.08808900,10,67,185,1,optical,7.6844,41.1316,8.0,5.1987,44.2020,0.336933,auto,0,120,20.0,82.4483,113.5317,200.7200,0.95
train_000040,Train-Target-000040,area,51.31142005,-99.32347010,7,62,183,1,optical,6.1791,15.8821,8.0,6.8092,69.7485,0.251497,auto,0,120,20.0,58.4502,71.7695,16.2176,0.95
train_000830,Train-Target-000830,point,-32.09727820,-21.58526704,4,82,238,1,infrared,25.3561,54.1875,-90.0,5.5344,65.1213,0.215480,single,1,120,5.0,,,,
train_002470,Train-Target-002470,area,-46.71505965,130.35111563,8,79,133,1,optical,8.7325,42.1736,8.0,6.0874,86.1975,0.427150,auto,0,120,20.0,238.5474,248.8487,250.2732,0.95
train_001356,Train-Target-001356,point,-23.49935945,100.40971796,8,13,109,1,optical,4.3346,12.4077,8.0,4.8238,77.3205,0.392733,single,1,120,5.0,,,,
train_002789,Train-Target-002789,area,-67.09376591,95.21025450,3,20,125,1,sar,21.5021,83.9551,-90.0,6.9678,86.1210,0.409254,auto,0,120,20.0,223.8698,267.9728,49.4167,0.95
train_001270,Train-Target-001270,area,18.22202685,-153.45896872,2,78,174,1,optical,7.6644,13.5935,8.0,8.2986,79.8214,0.235008,auto,0,120,20.0,131.6444,85.6265,272.5892,0.95
train_002657,Train-Target-002657,area,-25.61411412,-69.91191124,6,36,186,1,optical,6.0190,34.0213,8.0,4.5244,74.2558,0.254120,auto,0,120,20.0,249.9789,261.9892,186.7318,0.95
train_000371,Train-Target-000371,area,46.38209720,107.15732808,4,11,68,1,optical,3.4717,25.1470,8.0,6.0373,34.1461,0.336051,auto,0,120,20.0,39.7784,34.0109,321.9793,0.95
train_002060,Train-Target-002060,area,6.46203775,63.06893691,5,95,161,1,optical,5.2984,63.5804,8.0,4.9794,87.5728,0.332784,auto,0,120,20.0,296.8635,248.4205,332.3796,0.95
train_000358,Train-Target-000358,area,-82.10374453,78.58342859,5,46,181,1,sar,14.2327,43.7897,-90.0,5.3202,43.9027,0.256740,auto,0,120,20.0,202.2319,283.0639,21.9912,0.95
train_001488,Train-Target-001488,point,43.52668355,-101.55922708,9,14,73,1,sar,9.5929,72.5136,-90.0,6.8911,48.6031,0.319029,single,1,120,5.0,,,,
train_002876,Train-Target-002876,point,-42.87090627,-63.03577930,2,75,127,1,optical,6.7646,34.8103,8.0,5.1599,54.7915,0.232741,single,1,120,5.0,,,,
train_002983,Train-Target-002983,area,29.83871081,-49.68624318,9,127,217,1,optical,8.0254,62.7643,8.0,8.0804,73.8902,0.396958,auto,0,120,20.0,153.2383,193.7130,262.8884,0.95
train_001901,Train-Target-001901,area,-24.04796779,-146.73063159,8,38,120,1,sar,21.3314,36.9880,-90.0,7.9807,42.5419,0.210920,auto,0,120,20.0,271.5768,271.7989,167.1260,0.95
train_000832,Train-Target-000832,point,-50.86410127,-16.86247652,9,65,138,1,optical,7.1195,54.6863,8.0,6.7180,21.3528,0.333844,simultaneous,2,120,5.0,,,,
train_002921,Train-Target-002921,area,46.44232309,-116.99213532,9,52,160,1,infrared,20.8029,98.6217,-90.0,5.9261,74.5046,0.285192,auto,0,120,20.0,56.9455,56.5454,273.5095,0.95
train_001315,Train-Target-001315,area,40.42647484,-88.01658919,2,25,164,1,optical,4.8391,12.6877,8.0,6.7874,62.7887,0.391546,auto,0,120,20.0,46.2116,48.9596,334.6627,0.95
