target_id,target_name,latitude_deg,longitude_deg,priority,release_step,deadline_step,duration,required_mode,required_resolution_m,required_swath_km,min_sun_elevation_deg,energy_cost,original_data_mb,compression_ratio,cooperation_mode,required_observers,max_coordination_gap_steps
train_000765,Train-Target-000765,-2.14102527,94.27128854,9,59,174,1,optical,4.1466,64.8401,8.0,7.0171,67.9174,0.423600,simultaneous,2,120
train_002312,Train-Target-002312,29.54636589,10.56204965,1,163,219,1,sar,12.3001,104.6170,-90.0,7.0587,87.8208,0.230322,single,1,120
train_002791,Train-Target-002791,-40.62200665,147.18564818,3,96,204,1,infrared,19.3090,96.9201,-90.0,7.6917,29.1435,0.313985,single,1,120
train_002714,Train-Target-002714,-2.95759206,168.83462668,3,27,173,1,infrared,35.0379,77.9423,-90.0,8.3827,47.0291,0.240442,single,1,120
train_000294,Train-Target-000294,24.13610035,136.75972431,5,35,128,1,infrared,27.2085,94.1688,-90.0,5.0963,61.3978,0.385732,single,1,120
train_002744,Train-Target-002744,26.60149644,148.44730279,3,168,237,1,infrared,20.9220,79.4733,-90.0,7.3395,72.1104,0.248736,single,1,120
train_002133,Train-Target-002133,-36.17603609,56.71057795,2,48,98,1,sar,19.6430,68.0832,-90.0,5.7136,29.6868,0.180166,single,1,120
train_001989,Train-Target-001989,-16.87957970,108.96523557,4,64,194,1,optical,8.5906,55.4329,8.0,5.4393,26.9257,0.257306,single,1,120
train_000586,Train-Target-000586,70.90128023,-56.17743875,7,82,172,1,optical,3.1690,59.8279,8.0,6.5736,82.6712,0.270014,single,1,120
train_001683,Train-Target-001683,30.16811556,-5.26107942,8,109,190,1,sar,11.4823,72.6734,-90.0,6.3317,48.7698,0.352684,single,1,120
train_000635,Train-Target-000635,28.11477495,-151.67353510,8,25,177,1,optical,2.8323,15.9743,8.0,4.5902,57.3810,0.218583,single,1,120
train_000674,Train-Target-000674,12.43496741,158.57051326,1,178,239,1,sar,18.4211,63.9381,-90.0,5.5376,67.7734,0.365874,sequential,2,120
train_000237,Train-Target-000237,-11.94648591,-92.08159687,7,65,137,1,optical,8.7343,11.4010,8.0,4.5484,84.9347,0.407548,single,1,120
train_000677,Train-Target-000677,-20.77164775,-88.94796877,2,61,142,1,optical,6.2873,41.4647,8.0,6.9570,80.0822,0.408998,simultaneous,2,120
train_002459,Train-Target-002459,33.36991796,85.34287727,8,15,71,1,optical,7.0874,24.2835,8.0,8.1370,54.5368,0.332658,simultaneous,2,120
train_001565,Train-Target-001565,-7.23855717,-12.13205528,10,29,159,1,sar,20.3440,103.7701,-90.0,7.5958,59.4277,0.210638,single,1,120
train_002612,Train-Target-002612,3.72652352,24.28198866,6,102,171,1,optical,8.1833,19.0782,8.0,5.7328,52.0345,0.346830,single,1,120
train_002632,Train-Target-002632,-15.34104214,-49.80022110,6,86,228,1,optical,5.2153,26.1326,8.0,4.6635,51.8260,0.200974,single,1,120
train_002732,Train-Target-002732,-17.54075437,-156.46908952,4,4,149,1,optical,5.2562,30.6625,8.0,7.4215,52.6034,0.187432,sequential,2,120
train_000664,Train-Target-000664,-4.47441053,-159.57490581,4,35,120,1,sar,8.6553,91.2761,-90.0,5.5937,72.6786,0.269468,sequential,2,120
train_002125,Train-Target-002125,-34.49063513,-81.63651304,10,113,239,1,infrared,30.1217,83.0431,-90.0,7.0514,85.8735,0.261689,sequential,2,120
train_002759,Train-Target-002759,47.80572977,-90.46672157,9,65,163,1,sar,15.3908,54.8876,-90.0,6.9869,26.2908,0.206340,single,1,120
train_000561,Train-Target-000561,-8.32253468,14.65549642,4,95,151,1,sar,8.6957,82.5114,-90.0,6.6129,78.2474,0.234077,single,1,120
train_001220,Train-Target-001220,5.86989767,94.73898306,3,32,133,1,sar,11.2430,39.0653,-90.0,6.7489,56.9008,0.272517,single,1,120
train_001782,Train-Target-001782,-49.06970257,-22.04038924,9,178,224,1,optical,3.8420,39.0968,8.0,7.2831,73.9427,0.201667,single,1,120
train_002332,Train-Target-002332,7.55973414,94.66226679,7,40,141,1,optical,6.6399,55.8786,8.0,5.7358,55.1191,0.242849,single,1,120
train_001082,Train-Target-001082,3.84279421,-116.88447099,3,107,195,1,optical,5.2425,43.4802,8.0,5.2712,55.7659,0.384426,single,1,120
train_000714,Train-Target-000714,-38.43587707,-63.73286784,9,78,120,1,optical,4.0343,62.5378,8.0,4.9771,66.8156,0.301443,single,1,120
train_002856,Train-Target-002856,56.49132997,-10.14951203,7,169,210,1,optical,4.1119,46.2308,8.0,6.1614,48.1016,0.289844,single,1,120
train_002628,Train-Target-002628,6.04633226,79.93354799,9,39,154,1,optical,6.0129,57.7528,8.0,6.6833,38.1117,0.256446,single,1,120
train_001035,Train-Target-001035,39.40225388,43.17049891,7,21,80,1,optical,7.9134,52.9363,8.0,6.1078,21.1107,0.215465,sequential,2,120
train_000326,Train-Target-000326,-6.67727681,14.74488697,9,119,194,1,optical,6.4535,34.0690,8.0,7.3163,70.9174,0.292188,single,1,120
train_003020,Train-Target-003020,13.77094565,-102.83001243,5,63,149,1,sar,21.2622,78.2246,-90.0,5.8014,21.7063,0.336049,sequential,2,120
train_002904,Train-Target-002904,62.75133307,-150.93766353,4,83,196,1,optical,3.8869,11.6164,8.0,8.1957,36.6918,0.207563,sequential,2,120
train_002371,Train-Target-002371,-64.65729894,139.91280950,6,71,120,1,sar,20.5604,105.9051,-90.0,6.2513,29.2890,0.376287,simultaneous,2,120
train_002083,Train-Target-002083,-45.41283712,-74.03890497,6,68,227,1,infrared,26.5736,113.0766,-90.0,6.0198,65.8529,0.292539,sequential,2,120
train_000750,Train-Target-000750,53.02417209,137.66296725,2,53,110,1,optical,2.2330,16.1173,8.0,4.6199,32.9134,0.217623,single,1,120
train_001988,Train-Target-001988,79.21378677,149.56505670,3,131,211,1,optical,7.8815,51.7941,8.0,7.7812,89.7830,0.187902,single,1,120
train_001172,Train-Target-001172,0.77316150,-150.48573491,10,70,121,1,optical,6.2688,18.6846,8.0,4.7450,50.0082,0.234686,single,1,120
train_002167,Train-Target-002167,-24.63337343,177.97395642,6,87,216,1,optical,6.6678,55.7929,8.0,4.6840,78.8266,0.385014,sequential,2,120
train_000132,Train-Target-000132,-53.56384009,-85.47046792,7,47,164,1,sar,10.4546,105.1182,-90.0,7.7920,79.1760,0.307315,simultaneous,2,120
train_000779,Train-Target-000779,-11.04447353,5.36149450,7,31,112,1,optical,8.8356,59.6481,8.0,4.5581,88.1605,0.182387,single,1,120
train_002835,Train-Target-002835,-76.81534843,177.73265207,1,18,92,1,sar,14.2864,71.4519,-90.0,5.0057,60.5004,0.280787,single,1,120
train_000873,Train-Target-000873,-9.27363257,19.01476472,9,39,89,1,optical,3.2543,35.3748,8.0,6.8921,67.2296,0.253087,single,1,120
train_002982,Train-Target-002982,-62.21449265,72.26231405,9,109,155,1,infrared,27.6136,139.8931,-90.0,7.4239,45.4260,0.428763,single,1,120
train_002117,Train-Target-002117,28.00050463,-156.89358427,8,65,193,1,optical,6.9594,21.0892,8.0,6.2877,64.2128,0.391842,single,1,120
train_002372,Train-Target-002372,40.98975694,169.65082720,5,125,195,1,optical,3.6990,47.2648,8.0,8.3466,74.2293,0.339105,single,1,120
train_000329,Train-Target-000329,-27.60904583,146.53570741,3,97,188,1,sar,9.3601,102.4030,-90.0,7.6949,59.3725,0.291097,single,1,120
train_001394,Train-Target-001394,-17.52983102,20.25108666,6,19,105,1,optical,8.2552,50.2342,8.0,7.7984,47.1430,0.341074,single,1,120
train_000440,Train-Target-000440,37.51260190,137.49102880,9,6,68,1,infrared,26.9249,124.5013,-90.0,6.2690,23.6868,0.364465,single,1,120
train_001484,Train-Target-001484,-62.24128207,-170.20440292,9,33,144,1,optical,3.3917,12.5373,8.0,6.5693,43.1575,0.405234,single,1,120
train_001079,Train-Target-001079,-45.54265647,-103.26602152,10,90,223,1,optical,3.7610,47.6926,8.0,7.9495,21.4323,0.318504,single,1,120
train_001640,Train-Target-001640,-11.99648800,-147.63119825,6,120,192,1,optical,5.0650,52.4516,8.0,4.8084,80.8850,0.343729,single,1,120
train_000721,Train-Target-000721,-57.25942244,-66.73975052,1,72,148,1,optical,6.7892,57.6232,8.0,7.3596,31.5431,0.353784,sequential,2,120
train_003057,Train-Target-003057,-34.01498067,136.60317322,10,19,67,1,sar,8.5124,63.7724,-90.0,5.8272,74.0827,0.433242,sequential,2,120
train_001036,Train-Target-001036,31.51856000,162.39617168,9,88,229,1,optical,6.7977,29.1448,8.0,5.5866,55.4974,0.246657,single,1,120
train_002074,Train-Target-002074,26.06205619,-40.70896074,6,54,160,1,sar,16.2417,48.9871,-90.0,5.5229,56.3977,0.190181,single,1,120
train_000710,Train-Target-000710,-34.19640724,-13.09476403,1,123,201,1,optical,9.4563,56.2715,8.0,7.2503,74.7203,0.405036,sequential,2,120
train_002816,Train-Target-002816,79.56105656,4.84481692,1,136,211,1,sar,13.9156,89.2629,-90.0,7.5320,64.1254,0.309915,sequential,2,120
train_001831,Train-Target-001831,-30.82762918,60.64060025,9,75,157,1,sar,13.9925,84.0925,-90.0,4.5197,54.0108,0.238697,simultaneous,2,120
train_001001,Train-Target-001001,34.59658542,-19.02635222,1,74,133,1,optical,3.3396,39.2606,8.0,6.6403,73.6246,0.317255,single,1,120
train_002393,Train-Target-002393,-19.10330540,132.01826177,9,167,221,1,sar,9.5187,27.5657,-90.0,7.7474,48.6538,0.297486,sequential,2,120
train_000992,Train-Target-000992,-59.32410143,-0.43741683,3,34,181,1,optical,8.1633,23.5499,8.0,7.2365,88.0559,0.326631,sequential,2,120
train_000593,Train-Target-000593,-13.55190868,-127.21646144,2,144,224,1,optical,7.5857,32.7725,8.0,6.7671,27.5038,0.302487,sequential,2,120
train_002357,Train-Target-002357,-62.11668329,67.42854325,9,42,171,1,sar,16.9723,35.6623,-90.0,5.2177,65.0011,0.281084,sequential,2,120
train_000581,Train-Target-000581,11.04258663,-128.05001087,9,84,225,1,sar,9.5129,46.7794,-90.0,6.3620,51.9500,0.202864,simultaneous,2,120
train_002903,Train-Target-002903,40.73804914,19.86163485,8,116,215,1,optical,5.4346,62.3804,8.0,6.7789,66.9017,0.226173,single,1,120
train_000009,Train-Target-000009,39.48327485,109.63771285,4,48,108,1,optical,9.5812,16.8204,8.0,5.3396,60.2913,0.278048,single,1,120
train_002102,Train-Target-002102,10.01170218,9.33124891,1,108,239,1,optical,7.0231,37.8315,8.0,5.7289,81.9395,0.191665,single,1,120
train_002286,Train-Target-002286,-13.35032589,17.77011058,9,32,136,1,optical,2.1944,20.9999,8.0,5.2453,84.4775,0.418516,single,1,120
train_001487,Train-Target-001487,11.58630911,171.72135601,2,17,88,1,sar,20.6658,93.9799,-90.0,7.8059,78.2406,0.328590,single,1,120
train_002549,Train-Target-002549,-19.81437937,-46.22358417,6,56,114,1,optical,3.3232,61.8860,8.0,5.2364,82.1362,0.232577,single,1,120
train_001892,Train-Target-001892,26.90165363,138.56048059,5,164,222,1,infrared,38.7268,59.1901,-90.0,6.7232,28.3012,0.437369,single,1,120
train_001612,Train-Target-001612,-16.94281310,-113.93092991,7,27,162,1,sar,12.7096,32.4310,-90.0,6.5053,36.4953,0.354594,single,1,120
train_002660,Train-Target-002660,-51.27101637,-164.50125153,1,136,184,1,optical,9.7593,57.0431,8.0,5.2097,77.5466,0.342704,single,1,120
train_000573,Train-Target-000573,82.40618537,-153.71968688,8,74,198,1,optical,7.3509,11.1072,8.0,7.8024,86.0472,0.406744,single,1,120
train_001175,Train-Target-001175,-35.84050379,166.04552676,3,93,228,1,optical,8.5067,12.8616,8.0,6.7345,86.6928,0.449344,sequential,2,120
train_000074,Train-Target-000074,15.16492248,44.36794348,9,127,200,1,optical,2.1493,11.4140,8.0,5.3150,51.9901,0.351145,single,1,120
train_002734,Train-Target-002734,4.91370970,179.18170175,3,80,220,1,optical,5.3405,33.3063,8.0,5.0866,23.6667,0.228760,single,1,120
train_002977,Train-Target-002977,-38.68768845,20.51862055,4,171,226,1,optical,7.0446,33.9263,8.0,6.3103,37.5393,0.241903,single,1,120
train_001423,Train-Target-001423,36.31695672,-23.44610399,1,48,110,1,sar,18.2910,84.2377,-90.0,6.2389,50.4723,0.396967,single,1,120
train_000117,Train-Target-000117,21.69430762,151.10836031,9,179,239,1,optical,4.6811,47.3797,8.0,8.1914,80.2047,0.413576,single,1,120
train_002563,Train-Target-002563,17.20131429,-158.46307995,8,8,143,1,optical,8.5444,43.9208,8.0,4.8279,84.3752,0.410772,single,1,120
train_000239,Train-Target-000239,-77.37209063,-33.43654546,4,90,196,1,infrared,29.9427,56.5578,-90.0,4.7488,35.9598,0.226558,simultaneous,2,120
train_000489,Train-Target-000489,0.40823804,32.67102243,8,2,143,1,infrared,30.6545,61.9541,-90.0,7.9819,83.8749,0.416747,simultaneous,2,120
train_002603,Train-Target-002603,-53.34063296,-113.24482470,3,116,231,1,optical,5.3833,45.0193,8.0,5.1979,73.9704,0.181430,single,1,120
train_000991,Train-Target-000991,6.52431242,-168.37621477,6,70,212,1,infrared,34.5362,73.0456,-90.0,4.9635,22.7502,0.238590,single,1,120
train_001770,Train-Target-001770,-17.49416436,84.79709143,8,1,151,1,sar,19.9961,86.9379,-90.0,4.6663,28.8885,0.435637,single,1,120
train_001479,Train-Target-001479,-44.89391798,20.39079076,7,43,99,1,sar,18.3008,34.0245,-90.0,4.8219,27.1140,0.276447,simultaneous,2,120
train_000096,Train-Target-000096,35.09564021,11.04117270,5,101,151,1,infrared,29.3714,100.5462,-90.0,5.1458,24.5690,0.372416,single,1,120
train_000822,Train-Target-000822,15.94939685,144.75171439,10,94,159,1,optical,9.8741,48.6193,8.0,6.7331,67.1395,0.405934,single,1,120
train_002465,Train-Target-002465,-13.89425682,28.47238878,10,154,235,1,optical,3.5694,64.1477,8.0,8.1353,64.5274,0.235846,single,1,120
train_000356,Train-Target-000356,-2.61572476,31.67619528,8,12,133,1,optical,7.7173,40.1334,8.0,5.5389,89.2906,0.311927,simultaneous,2,120
train_000739,Train-Target-000739,42.12136293,6.02370343,3,8,88,1,optical,5.5487,47.6032,8.0,4.5563,49.2247,0.289957,single,1,120
train_000486,Train-Target-000486,65.89567153,81.34968450,2,86,221,1,sar,15.9281,55.2940,-90.0,8.2835,41.0979,0.287273,single,1,120
train_001270,Train-Target-001270,-50.90680804,-116.16900754,8,126,176,1,optical,2.4239,53.0859,8.0,7.7101,58.3195,0.430318,single,1,120
train_002441,Train-Target-002441,-10.07879853,46.85177295,5,16,176,1,sar,13.3739,49.7531,-90.0,5.7553,76.7415,0.236732,sequential,2,120
train_000196,Train-Target-000196,35.11028386,-73.69791608,3,54,165,1,sar,20.1498,47.1485,-90.0,6.5349,49.0393,0.354230,single,1,120
train_002960,Train-Target-002960,45.40530390,86.45017631,4,85,195,1,sar,10.0633,25.1044,-90.0,6.9351,86.1970,0.292716,sequential,2,120
train_000947,Train-Target-000947,-35.34204150,164.38657069,5,64,188,1,sar,20.0276,90.2166,-90.0,7.6714,56.1500,0.408505,single,1,120
train_001086,Train-Target-001086,-24.63257382,-104.06544997,4,98,184,1,sar,9.5765,33.3786,-90.0,7.0365,53.5654,0.411906,single,1,120
train_001130,Train-Target-001130,-8.09196922,76.84092169,5,122,219,1,optical,5.1432,42.9823,8.0,7.0396,29.4033,0.342033,sequential,2,120
train_000464,Train-Target-000464,64.93082187,-2.74515449,4,73,193,1,optical,6.1385,16.9471,8.0,7.0058,45.9501,0.412141,single,1,120
train_002617,Train-Target-002617,28.14575098,-20.92641110,7,128,233,1,optical,9.0116,37.6690,8.0,4.5026,56.3219,0.400796,sequential,2,120
train_000428,Train-Target-000428,38.46548256,128.44718423,10,15,123,1,sar,14.4949,67.8438,-90.0,4.5050,89.3402,0.379025,single,1,120
train_002320,Train-Target-002320,-23.64736256,-4.04805115,5,168,233,1,optical,5.1327,52.0654,8.0,7.8719,53.6161,0.342966,single,1,120
train_001133,Train-Target-001133,-8.38962919,-176.34577302,4,34,192,1,optical,5.5961,64.5881,8.0,5.1227,79.1044,0.365696,sequential,2,120
train_000557,Train-Target-000557,-9.88678924,69.26851985,4,126,193,1,optical,8.5712,53.7768,8.0,7.5749,62.1798,0.293601,single,1,120
train_000203,Train-Target-000203,-51.20551897,-173.49090288,3,25,152,1,sar,19.4202,81.0212,-90.0,6.8256,44.1968,0.363574,sequential,2,120
train_001895,Train-Target-001895,63.55298047,-116.07644308,3,43,159,1,sar,12.4829,44.6740,-90.0,6.9074,42.1195,0.273222,single,1,120
train_002438,Train-Target-002438,-51.56455138,94.97830930,8,20,79,1,optical,9.5917,42.1667,8.0,7.3960,30.8735,0.417502,sequential,2,120
train_001016,Train-Target-001016,58.96390272,-167.06064148,6,132,222,1,optical,6.1511,62.4865,8.0,6.9768,82.4165,0.306107,single,1,120
train_001891,Train-Target-001891,-46.23507931,63.99209233,5,137,195,1,infrared,39.0592,75.9318,-90.0,6.4364,89.1482,0.266425,single,1,120
train_001870,Train-Target-001870,-55.55032943,-141.21963801,1,87,234,1,optical,7.6394,43.2144,8.0,5.5475,56.6833,0.422025,single,1,120
train_002581,Train-Target-002581,-48.98633456,178.75718601,10,1,158,1,optical,6.3326,18.0390,8.0,4.7758,68.6936,0.436380,sequential,2,120
train_001811,Train-Target-001811,37.92425549,80.07263568,6,154,219,1,optical,6.6567,10.8927,8.0,6.4987,41.7571,0.278198,single,1,120
train_002987,Train-Target-002987,-15.97179078,-80.56495536,6,91,211,1,infrared,30.5097,62.9666,-90.0,8.1596,28.3236,0.443882,single,1,120
train_001433,Train-Target-001433,-17.06590784,107.86829895,2,134,237,1,optical,2.3830,26.2610,8.0,8.3563,55.6496,0.315643,simultaneous,2,120
train_001577,Train-Target-001577,-2.07979341,159.70878690,2,33,150,1,optical,8.0021,26.0630,8.0,7.8851,46.8982,0.249223,single,1,120
train_002062,Train-Target-002062,35.45087263,-125.55696552,9,106,194,1,optical,9.8030,19.6337,8.0,5.0365,64.9434,0.421268,sequential,2,120
train_002784,Train-Target-002784,54.38093693,-172.58358043,8,31,178,1,sar,8.6098,89.8542,-90.0,7.4150,55.8885,0.445868,single,1,120
train_001325,Train-Target-001325,-54.93122999,-76.75912996,6,33,100,1,optical,3.9621,64.4397,8.0,7.1486,44.8609,0.320120,single,1,120
train_001143,Train-Target-001143,22.19778603,111.18856645,3,73,218,1,optical,6.0846,41.4281,8.0,6.0822,57.6225,0.326598,single,1,120
train_000712,Train-Target-000712,-14.62760259,-150.04965903,10,60,104,1,sar,11.3807,82.2835,-90.0,7.7428,26.6882,0.322379,single,1,120
train_002531,Train-Target-002531,-28.74772397,179.48254352,9,50,192,1,optical,7.5677,25.9193,8.0,4.7329,76.9820,0.228782,single,1,120
train_001446,Train-Target-001446,-6.59622266,21.88787264,1,163,233,1,optical,5.1169,29.6711,8.0,6.7079,57.1842,0.198158,single,1,120
train_002695,Train-Target-002695,33.48005603,152.05500465,4,147,194,1,optical,9.9402,52.8764,8.0,6.9195,70.2092,0.228454,sequential,2,120
train_001342,Train-Target-001342,-56.49525345,137.46602007,8,122,234,1,infrared,26.2946,120.3795,-90.0,7.1438,49.1532,0.352219,single,1,120
train_000795,Train-Target-000795,12.26849493,29.37770173,9,60,214,1,sar,10.2806,52.8816,-90.0,5.9906,38.8380,0.289631,sequential,2,120
train_001414,Train-Target-001414,70.01376905,119.41050471,10,26,163,1,optical,4.2914,64.9911,8.0,5.9265,87.5944,0.193048,sequential,2,120
train_001094,Train-Target-001094,66.43503226,-129.82749826,5,95,230,1,sar,11.0843,27.2741,-90.0,8.0568,24.0563,0.234269,single,1,120
train_002107,Train-Target-002107,60.26776211,-122.08483721,3,70,155,1,sar,14.0770,69.2485,-90.0,7.0122,60.4000,0.231822,sequential,2,120
train_002076,Train-Target-002076,-38.66386774,51.02189664,4,2,115,1,optical,5.8276,33.0939,8.0,5.4297,85.3467,0.426943,single,1,120
train_002767,Train-Target-002767,-32.16784747,7.75321368,9,10,70,1,optical,2.9714,63.3001,8.0,6.5155,69.5258,0.413156,single,1,120
train_000291,Train-Target-000291,0.25564189,72.99726564,5,90,230,1,sar,9.5639,108.5635,-90.0,7.5028,20.1100,0.303666,single,1,120
train_001966,Train-Target-001966,48.19481693,6.01421372,10,56,107,1,optical,6.0795,44.4373,8.0,6.1119,69.7012,0.408684,single,1,120
train_000171,Train-Target-000171,-14.53709737,20.49352202,8,57,204,1,infrared,26.1217,45.9700,-90.0,6.5816,87.3490,0.186329,single,1,120
train_002488,Train-Target-002488,-2.45854511,160.00645181,4,11,129,1,sar,10.4888,27.4332,-90.0,7.5175,36.3024,0.391697,sequential,2,120
train_002653,Train-Target-002653,23.45115372,-145.53963604,1,54,144,1,optical,7.6571,13.3246,8.0,7.7050,51.1459,0.199342,single,1,120
train_001471,Train-Target-001471,-53.37188045,-3.97026199,6,123,173,1,sar,19.3869,103.3825,-90.0,7.2247,42.4980,0.325581,sequential,2,120
train_001639,Train-Target-001639,23.92849660,9.22672122,2,105,235,1,optical,7.0174,61.5860,8.0,5.9813,52.6833,0.402920,single,1,120
train_001543,Train-Target-001543,-14.26125918,95.02381104,10,69,172,1,optical,5.8805,55.5905,8.0,8.0120,23.9624,0.283796,sequential,2,120
train_001506,Train-Target-001506,-64.33713533,-101.50986339,1,61,184,1,optical,9.4476,15.0813,8.0,5.6601,35.9231,0.283933,single,1,120
train_000339,Train-Target-000339,8.78794513,-69.08411175,3,32,86,1,sar,17.3707,36.3418,-90.0,7.1602,32.7087,0.404237,single,1,120
train_000729,Train-Target-000729,6.85565661,-13.62090065,10,54,201,1,optical,4.6320,17.3108,8.0,6.0664,65.2313,0.339342,single,1,120
train_002216,Train-Target-002216,-38.51565566,21.72996432,9,16,164,1,optical,6.9215,31.9126,8.0,8.3526,35.0812,0.348642,single,1,120
train_001335,Train-Target-001335,-16.89865383,66.07901087,1,189,239,1,sar,8.7709,96.2275,-90.0,7.3564,80.0382,0.374581,single,1,120
train_000816,Train-Target-000816,-9.55962145,-99.03410452,7,75,133,1,optical,7.7452,29.0111,8.0,6.9200,33.9420,0.313498,single,1,120
train_002193,Train-Target-002193,8.47697165,-17.83775653,1,76,154,1,optical,6.0521,36.5429,8.0,7.1198,31.9471,0.253141,simultaneous,2,120
train_002717,Train-Target-002717,7.44158612,-133.12348278,9,93,161,1,optical,2.3397,45.2823,8.0,6.7636,43.8093,0.282976,single,1,120
train_000761,Train-Target-000761,-41.45429753,118.69125373,9,99,232,1,sar,13.6965,73.8493,-90.0,4.7309,57.4018,0.406508,single,1,120
train_002750,Train-Target-002750,3.98252836,-61.29333106,1,88,138,1,optical,8.8213,10.9030,8.0,7.5586,71.6225,0.253878,single,1,120
train_001030,Train-Target-001030,-31.58400209,171.03762073,7,62,218,1,optical,6.3734,63.6937,8.0,6.0984,46.5402,0.430711,single,1,120
train_001829,Train-Target-001829,-10.44010922,-6.57191425,2,138,211,1,sar,11.9638,35.5481,-90.0,4.7713,49.3191,0.254425,single,1,120
train_002824,Train-Target-002824,79.83519675,-135.17867163,1,97,216,1,infrared,32.3788,90.4875,-90.0,4.9903,20.7207,0.443538,single,1,120
train_000966,Train-Target-000966,-61.80359894,-128.47193434,2,10,162,1,optical,2.5289,61.4644,8.0,4.7679,23.2462,0.302523,single,1,120
train_001995,Train-Target-001995,-13.96460825,159.84218113,8,116,215,1,infrared,38.7985,119.9625,-90.0,6.9261,48.9020,0.259273,sequential,2,120
train_002254,Train-Target-002254,54.70301478,39.12979121,8,27,155,1,sar,8.1277,84.3963,-90.0,8.1873,30.3017,0.233436,single,1,120
train_002327,Train-Target-002327,-38.65965397,-18.79190907,8,167,232,1,sar,21.6944,47.9034,-90.0,7.3641,41.3062,0.427510,single,1,120
train_000883,Train-Target-000883,-23.60218254,-39.09921052,3,44,170,1,sar,16.6592,90.4060,-90.0,6.6632,50.5019,0.329454,single,1,120
train_001507,Train-Target-001507,-62.81561902,-24.75634591,4,0,61,1,sar,20.8358,64.4714,-90.0,7.0781,73.3566,0.370662,single,1,120
train_001653,Train-Target-001653,84.94697350,55.54829686,6,13,82,1,optical,5.8403,36.7411,8.0,8.0457,87.0350,0.355197,simultaneous,2,120
train_000797,Train-Target-000797,42.90251484,168.41924111,1,67,173,1,optical,4.2097,32.4359,8.0,5.9112,42.6766,0.435295,single,1,120
train_001244,Train-Target-001244,-70.02683940,68.03154848,1,94,239,1,sar,19.3411,36.1839,-90.0,4.6064,37.6191,0.368209,single,1,120
train_000786,Train-Target-000786,-23.18329450,67.07510481,8,100,186,1,optical,7.7162,17.5487,8.0,6.0281,72.9010,0.410438,single,1,120
train_000103,Train-Target-000103,17.09450658,33.75953394,5,38,95,1,optical,4.7462,60.4929,8.0,8.3081,50.5726,0.210541,sequential,2,120
train_001240,Train-Target-001240,-38.82951119,-9.62156375,10,63,132,1,optical,2.5677,32.7384,8.0,6.7104,72.3297,0.403850,simultaneous,2,120
train_002223,Train-Target-002223,-0.59319825,154.03221640,8,68,149,1,optical,7.9743,27.1926,8.0,7.0567,40.7292,0.197296,single,1,120
train_001654,Train-Target-001654,-25.20229413,125.98074939,6,30,115,1,optical,8.7171,34.3448,8.0,6.5460,50.7370,0.415566,single,1,120
train_001350,Train-Target-001350,-40.04956754,-112.27009252,5,81,152,1,sar,8.1677,49.4759,-90.0,6.1337,23.7485,0.268709,single,1,120
train_002758,Train-Target-002758,22.79478453,65.81571279,10,79,215,1,optical,3.6278,31.2948,8.0,5.1516,34.1574,0.361447,single,1,120
train_003054,Train-Target-003054,62.64712608,10.54767410,1,90,167,1,optical,5.7139,24.6738,8.0,7.0901,25.4124,0.333566,single,1,120
train_001022,Train-Target-001022,58.71668858,54.21622535,6,84,169,1,optical,8.2740,42.9031,8.0,5.8436,54.5556,0.219813,single,1,120
train_001121,Train-Target-001121,-30.19542934,-23.11064473,3,13,137,1,optical,4.6514,18.1698,8.0,7.4207,77.6635,0.296312,simultaneous,2,120
train_002218,Train-Target-002218,33.94565174,160.05217966,5,57,212,1,optical,8.9309,46.3878,8.0,4.7587,86.4226,0.194587,sequential,2,120
train_002902,Train-Target-002902,15.74935556,125.74307420,8,28,164,1,sar,12.7448,54.8053,-90.0,7.3078,31.6592,0.235910,single,1,120
train_001580,Train-Target-001580,-12.15086658,5.12598062,2,26,94,1,optical,9.6054,22.9205,8.0,4.9733,33.0559,0.435008,single,1,120
train_000511,Train-Target-000511,-59.56000818,26.49247149,8,152,224,1,sar,10.7443,39.2694,-90.0,7.6979,58.1360,0.298085,single,1,120
train_000358,Train-Target-000358,-71.51102448,-166.62864398,5,22,134,1,sar,17.6447,68.8295,-90.0,5.3473,42.6433,0.321687,single,1,120
train_001334,Train-Target-001334,64.52865687,5.12695958,7,143,191,1,sar,16.4327,61.6185,-90.0,4.5844,29.4454,0.433175,single,1,120
train_002720,Train-Target-002720,-45.65669079,14.16882271,9,124,198,1,optical,7.1433,58.2104,8.0,5.2433,47.6694,0.315331,simultaneous,2,120
train_000621,Train-Target-000621,43.83887966,-120.81975435,2,54,211,1,optical,8.6221,54.4509,8.0,5.4875,33.7439,0.374861,sequential,2,120
train_001072,Train-Target-001072,-50.17400715,163.77844088,1,55,210,1,optical,2.8977,32.4057,8.0,5.1190,75.6330,0.218164,single,1,120
train_000791,Train-Target-000791,15.52276818,37.61817319,2,45,199,1,infrared,22.5022,49.2666,-90.0,6.6580,27.4602,0.348261,simultaneous,2,120
train_002773,Train-Target-002773,-38.65576805,139.82190663,1,90,174,1,optical,3.7770,44.9388,8.0,6.4682,56.0288,0.247190,single,1,120
train_001624,Train-Target-001624,-45.45737545,39.00553980,2,6,147,1,optical,8.5235,58.7880,8.0,6.6238,62.6320,0.221379,single,1,120
train_001222,Train-Target-001222,7.11819358,112.89858301,2,85,176,1,sar,8.2701,55.7992,-90.0,5.5031,38.2439,0.346488,single,1,120
train_002516,Train-Target-002516,50.40914798,-16.03849012,4,43,201,1,optical,7.7536,13.5675,8.0,4.8757,38.1923,0.317478,sequential,2,120
train_001499,Train-Target-001499,3.78327323,59.94597694,10,60,208,1,optical,5.1647,11.0779,8.0,4.5995,51.3901,0.226277,single,1,120
train_002808,Train-Target-002808,6.97303120,-163.73377168,7,66,157,1,optical,6.6232,14.2247,8.0,6.5784,89.7358,0.265785,simultaneous,2,120
train_002906,Train-Target-002906,64.61541925,-144.74250000,4,129,223,1,optical,9.2074,18.5048,8.0,6.6084,81.5907,0.376840,single,1,120
train_000544,Train-Target-000544,-54.66616230,38.85801744,7,22,141,1,optical,8.5331,10.4530,8.0,7.5842,87.3021,0.211344,single,1,120
train_001340,Train-Target-001340,7.78611466,45.67830390,3,149,234,1,optical,6.3052,54.3242,8.0,6.1430,79.0307,0.258428,sequential,2,120
train_000451,Train-Target-000451,10.94630569,-36.02598456,1,3,159,1,optical,7.8882,37.7764,8.0,7.1878,63.0239,0.416785,sequential,2,120
train_001832,Train-Target-001832,33.14889226,58.01714652,9,34,171,1,optical,7.6511,23.0839,8.0,4.7316,80.1763,0.287915,single,1,120
train_001354,Train-Target-001354,26.04984829,111.44464458,7,42,191,1,infrared,34.1767,72.9775,-90.0,5.3596,48.5273,0.391068,single,1,120
train_000165,Train-Target-000165,-53.32094223,114.04218189,1,82,159,1,optical,5.9744,30.1966,8.0,5.2084,48.6107,0.417016,single,1,120
train_001177,Train-Target-001177,50.62678430,80.64426857,8,34,93,1,optical,7.9952,30.0216,8.0,5.8226,60.8837,0.284690,single,1,120
train_001633,Train-Target-001633,30.91778420,85.62829520,3,47,173,1,optical,6.4865,61.6527,8.0,6.8676,85.8985,0.291362,simultaneous,2,120
train_002077,Train-Target-002077,-18.13163960,-151.36851087,6,25,73,1,optical,6.1993,58.0704,8.0,6.4562,77.4737,0.180411,sequential,2,120
train_002788,Train-Target-002788,-84.60963165,-5.24265625,9,47,146,1,sar,20.6006,33.4761,-90.0,7.7268,50.1717,0.273369,single,1,120
train_000487,Train-Target-000487,5.76873348,-3.45751042,2,157,221,1,optical,7.1931,45.6295,8.0,6.6094,64.7625,0.249036,single,1,120
train_002649,Train-Target-002649,-62.39474176,39.99915944,6,5,119,1,sar,13.1491,40.6212,-90.0,5.0171,24.3706,0.391363,single,1,120
train_001833,Train-Target-001833,37.39495600,162.01279875,3,133,176,1,optical,8.0784,48.7486,8.0,7.4520,74.7718,0.240577,single,1,120
train_000059,Train-Target-000059,5.93908721,-120.75920811,6,49,201,1,optical,4.5916,18.7738,8.0,6.6428,63.7394,0.345494,single,1,120
train_000367,Train-Target-000367,22.79151176,1.10654660,2,59,116,1,infrared,34.7299,118.1120,-90.0,6.7516,74.9355,0.218127,sequential,2,120
train_000193,Train-Target-000193,30.34351683,-46.22645097,7,69,197,1,optical,8.7450,28.7388,8.0,5.6971,29.4646,0.322620,simultaneous,2,120
train_002961,Train-Target-002961,-23.38479966,170.59706865,2,93,237,1,optical,3.1627,23.7089,8.0,8.0436,83.1769,0.303202,sequential,2,120
train_001261,Train-Target-001261,46.80256679,-45.56806558,3,127,210,1,optical,5.9954,45.4643,8.0,6.1235,24.2251,0.296972,single,1,120
train_000839,Train-Target-000839,-3.85789582,43.80683637,3,171,225,1,optical,7.9400,34.6032,8.0,6.8045,29.7358,0.304983,single,1,120
train_001619,Train-Target-001619,9.28954472,-48.04133291,1,110,161,1,sar,8.0449,67.6598,-90.0,7.2750,81.4488,0.366151,single,1,120
train_001585,Train-Target-001585,-37.34368338,-43.81595681,8,69,185,1,optical,8.1284,49.2832,8.0,5.0146,45.3507,0.277754,single,1,120
train_000552,Train-Target-000552,-0.28707589,-19.36144333,2,98,206,1,sar,14.0068,99.3409,-90.0,7.6136,84.9093,0.231964,single,1,120
train_000905,Train-Target-000905,41.66253415,12.74987244,10,86,165,1,sar,17.4862,73.7103,-90.0,8.0227,26.8537,0.329512,single,1,120
train_002173,Train-Target-002173,-8.49118967,-154.34001616,4,49,190,1,optical,7.8300,55.7047,8.0,6.8733,32.4889,0.270723,single,1,120
train_002523,Train-Target-002523,-9.24490871,-109.66010524,10,119,200,1,sar,20.6522,38.2327,-90.0,7.1503,51.4149,0.373525,single,1,120
train_000055,Train-Target-000055,26.35843998,-143.44947621,9,31,83,1,sar,16.1955,46.1898,-90.0,6.4112,27.3281,0.262221,single,1,120
train_000504,Train-Target-000504,-29.57239129,14.90727821,1,113,224,1,optical,7.3401,57.1605,8.0,5.5614,28.0277,0.293167,single,1,120
train_002924,Train-Target-002924,63.71388326,-143.13662057,9,28,123,1,sar,20.0670,32.1274,-90.0,6.0096,76.5924,0.291205,single,1,120
train_001464,Train-Target-001464,-34.77659147,-99.23498084,4,64,220,1,optical,9.1488,32.8306,8.0,7.7861,54.2869,0.301547,single,1,120
train_000371,Train-Target-000371,-42.61805844,-179.16977603,8,44,187,1,sar,13.0844,89.7654,-90.0,7.1664,68.1574,0.352413,single,1,120
train_000426,Train-Target-000426,-13.07713171,165.98029198,9,93,227,1,sar,20.6916,36.1118,-90.0,5.9708,49.4506,0.369064,sequential,2,120
train_001096,Train-Target-001096,-77.92578799,145.07894473,7,101,198,1,sar,10.1049,47.5490,-90.0,8.3928,23.8967,0.277137,single,1,120
train_001156,Train-Target-001156,32.99476688,156.51331261,8,32,93,1,optical,9.9772,11.3333,8.0,7.0187,81.9682,0.383408,single,1,120
train_001486,Train-Target-001486,-64.77421450,42.61893447,10,27,151,1,sar,9.6613,51.7923,-90.0,6.1285,82.8743,0.432706,single,1,120
train_000389,Train-Target-000389,26.61292450,54.61901426,2,75,229,1,sar,15.1433,48.9174,-90.0,7.4708,27.2739,0.368588,single,1,120
train_000423,Train-Target-000423,20.30652544,139.39119233,10,83,189,1,optical,2.5512,17.0919,8.0,6.0641,29.4927,0.240192,single,1,120
train_000870,Train-Target-000870,33.18357962,-12.77246869,6,66,205,1,sar,20.4106,87.9322,-90.0,5.1498,82.2370,0.353073,single,1,120
train_001743,Train-Target-001743,25.95051587,-160.59010695,8,48,206,1,optical,6.1240,55.3107,8.0,4.5858,20.6162,0.209337,single,1,120
train_001020,Train-Target-001020,14.07032955,-87.88069932,7,75,232,1,optical,2.6896,46.4439,8.0,7.7633,83.9964,0.293388,single,1,120
train_003032,Train-Target-003032,-8.71601616,11.30449349,2,91,195,1,optical,8.3056,51.7403,8.0,5.2820,85.7675,0.272940,single,1,120
train_001991,Train-Target-001991,-6.06285260,28.11659625,9,0,77,1,sar,17.3560,41.7388,-90.0,8.0967,76.4016,0.236949,sequential,2,120
train_001059,Train-Target-001059,-10.06579040,-32.46613780,6,36,162,1,optical,8.6258,36.3324,8.0,4.6406,66.8584,0.219838,simultaneous,2,120
train_001287,Train-Target-001287,7.19648746,48.71042185,9,101,231,1,infrared,28.0847,71.2451,-90.0,5.7678,48.0627,0.287814,single,1,120
train_002891,Train-Target-002891,46.14333727,-129.13619841,9,22,83,1,sar,18.1575,43.4111,-90.0,5.7902,61.8049,0.278499,single,1,120
train_000939,Train-Target-000939,25.98297804,38.46160588,1,43,167,1,sar,11.5420,80.7735,-90.0,8.3681,43.4909,0.213084,single,1,120
train_000118,Train-Target-000118,-47.07117919,54.86604726,1,64,186,1,optical,7.9199,38.5365,8.0,6.7362,22.4638,0.315759,single,1,120
train_000844,Train-Target-000844,-41.90791908,-103.51766610,5,100,196,1,sar,13.1708,79.8262,-90.0,5.7112,36.8392,0.324644,single,1,120
train_001980,Train-Target-001980,42.56130509,137.56607839,3,110,239,1,optical,3.4314,26.6341,8.0,6.3050,65.6872,0.275793,single,1,120
train_002927,Train-Target-002927,-47.03980865,104.03048017,3,72,157,1,sar,21.2182,68.2504,-90.0,5.5545,54.8759,0.434908,sequential,2,120
train_001510,Train-Target-001510,-39.11922281,-117.90201691,7,69,119,1,optical,6.1636,38.0094,8.0,5.5826,60.9498,0.221639,single,1,120
train_000745,Train-Target-000745,3.48068985,10.84288913,6,97,206,1,optical,6.3973,46.6719,8.0,5.8189,52.9828,0.399295,sequential,2,120
train_000154,Train-Target-000154,-7.49976893,-72.97180455,3,62,210,1,sar,14.0356,90.3228,-90.0,8.2856,54.3515,0.373652,single,1,120
train_000647,Train-Target-000647,-2.98217610,50.95435029,7,8,98,1,sar,9.4378,79.0163,-90.0,5.6376,54.4990,0.187145,single,1,120
train_000161,Train-Target-000161,-19.29293818,-12.27787562,2,104,202,1,optical,4.8028,29.6045,8.0,5.5062,89.0489,0.200692,single,1,120
train_001763,Train-Target-001763,-60.56545943,163.36544763,10,123,229,1,optical,7.4175,18.9362,8.0,4.6533,53.0398,0.367424,single,1,120
train_002013,Train-Target-002013,-9.46592378,40.82507502,5,97,202,1,optical,2.9237,62.2060,8.0,5.6495,85.0080,0.355924,sequential,2,120
train_002152,Train-Target-002152,31.24691021,129.23735443,1,4,63,1,optical,4.2997,15.5854,8.0,7.7219,22.2397,0.353935,single,1,120
train_000800,Train-Target-000800,-32.55009587,162.92453489,1,48,193,1,sar,12.0885,40.0399,-90.0,5.3550,67.9533,0.440457,simultaneous,2,120
train_002382,Train-Target-002382,-21.89186595,-135.39423084,10,83,173,1,optical,4.6918,16.8764,8.0,5.2283,86.0787,0.282282,sequential,2,120
train_001647,Train-Target-001647,-70.35422451,6.20187974,2,104,175,1,optical,6.2220,60.4017,8.0,6.0736,70.6494,0.307733,single,1,120
train_001137,Train-Target-001137,-7.08568747,-76.96249936,4,17,142,1,optical,5.2212,23.5226,8.0,6.7846,48.0478,0.339451,single,1,120
train_001900,Train-Target-001900,19.12951310,-74.33010215,1,9,97,1,optical,5.3426,43.7232,8.0,4.9008,88.8864,0.363164,single,1,120
train_001603,Train-Target-001603,53.60134092,-26.11630263,2,163,219,1,optical,8.7834,54.4994,8.0,6.4156,49.0625,0.231396,sequential,2,120
train_001938,Train-Target-001938,16.46725928,-3.73830784,6,30,176,1,optical,6.7348,26.4099,8.0,6.0233,28.0940,0.393140,single,1,120
train_002299,Train-Target-002299,-27.73928839,-98.95294241,3,44,107,1,optical,5.2611,27.0699,8.0,5.1581,35.2202,0.233283,sequential,2,120
train_000996,Train-Target-000996,-29.24234941,168.57644363,3,100,212,1,optical,2.7617,43.0877,8.0,5.3944,75.8023,0.446887,single,1,120
train_001690,Train-Target-001690,-15.82559189,72.03067806,2,22,177,1,optical,6.1458,64.2191,8.0,6.5765,87.4531,0.325668,single,1,120
train_000781,Train-Target-000781,73.29203740,-147.34682944,6,85,172,1,infrared,33.0173,111.4720,-90.0,4.8350,58.0427,0.185748,single,1,120
train_002546,Train-Target-002546,-7.07265984,141.02771726,5,136,205,1,optical,3.0433,58.1870,8.0,5.3908,71.9932,0.372483,single,1,120
train_001494,Train-Target-001494,2.92380976,-169.31776723,4,0,135,1,sar,19.6491,42.4280,-90.0,7.0081,45.0649,0.324470,single,1,120
train_000838,Train-Target-000838,30.42022054,43.46580156,1,147,231,1,optical,5.0262,37.9906,8.0,4.5334,58.7626,0.334619,single,1,120
train_002936,Train-Target-002936,28.45557466,-39.41609902,2,86,220,1,optical,4.0789,24.9301,8.0,5.8168,64.3185,0.426130,single,1,120
train_002175,Train-Target-002175,-38.74704606,-53.35162725,3,37,144,1,optical,5.3175,10.3252,8.0,4.9935,39.8700,0.358549,single,1,120
train_002048,Train-Target-002048,-23.92109509,58.87714970,9,46,99,1,optical,2.5070,38.2019,8.0,6.5951,21.2415,0.246236,single,1,120
train_001112,Train-Target-001112,16.28556644,17.97170483,3,126,210,1,optical,7.1981,55.0798,8.0,5.1598,32.5400,0.422228,single,1,120
train_001047,Train-Target-001047,8.91221474,165.97904049,3,12,103,1,optical,9.0148,39.6017,8.0,7.3572,21.9443,0.357373,single,1,120
train_000377,Train-Target-000377,20.22473692,-178.32091413,1,59,151,1,optical,5.6599,14.5162,8.0,8.3555,46.3156,0.241237,single,1,120
train_000175,Train-Target-000175,6.59018424,104.61643960,9,104,182,1,sar,10.9577,61.0127,-90.0,8.3512,88.1165,0.397240,single,1,120
train_000705,Train-Target-000705,-27.26337450,-166.33691557,7,111,203,1,sar,10.3898,33.5686,-90.0,6.2643,24.4710,0.236417,sequential,2,120
train_002429,Train-Target-002429,36.53432077,122.66099523,3,96,212,1,optical,2.9121,63.2768,8.0,7.4356,88.2173,0.214394,single,1,120
train_002535,Train-Target-002535,-14.32514469,-42.79389653,3,83,181,1,optical,6.0863,25.3771,8.0,5.7670,77.1673,0.406808,single,1,120
train_003023,Train-Target-003023,-9.28224722,169.47433264,10,32,75,1,optical,7.2205,53.7154,8.0,8.3634,55.2039,0.337842,simultaneous,2,120
train_001992,Train-Target-001992,-69.83547843,-129.00517767,3,133,237,1,sar,11.5553,36.5145,-90.0,4.8674,41.4152,0.434697,single,1,120
train_002219,Train-Target-002219,37.28535583,-32.92943655,2,127,189,1,infrared,27.0592,137.9052,-90.0,6.2204,73.0794,0.385621,sequential,2,120
train_001540,Train-Target-001540,68.91090878,-76.19577221,2,3,85,1,sar,18.3949,107.0305,-90.0,7.6075,88.3908,0.380399,single,1,120
train_000310,Train-Target-000310,-58.90040737,74.80023085,8,186,235,1,sar,20.9797,59.6633,-90.0,4.5879,63.2310,0.254600,single,1,120
train_002344,Train-Target-002344,-35.22780438,-91.73515520,2,41,101,1,optical,3.3324,38.9774,8.0,4.5160,87.8739,0.414180,single,1,120
train_001491,Train-Target-001491,5.07870061,37.16480938,10,113,207,1,optical,2.9653,21.2208,8.0,5.6835,78.6913,0.346699,single,1,120
train_002436,Train-Target-002436,78.51086828,-168.70458270,1,13,168,1,sar,19.8272,66.9362,-90.0,4.5609,44.3746,0.367702,single,1,120
train_002974,Train-Target-002974,-34.78691263,-114.03555203,10,91,225,1,sar,9.1027,33.6967,-90.0,6.4239,62.9832,0.256288,single,1,120
train_000817,Train-Target-000817,21.95938916,-124.66396294,8,133,213,1,optical,4.9061,50.5817,8.0,7.0864,41.2116,0.415697,single,1,120
train_000152,Train-Target-000152,-44.51845098,-91.10645063,6,25,152,1,optical,7.2056,51.3113,8.0,6.1750,71.2602,0.342105,single,1,120
train_002111,Train-Target-002111,-5.39288762,11.71540736,2,81,121,1,sar,15.5031,40.8009,-90.0,6.9817,49.6897,0.415504,simultaneous,2,120
train_002915,Train-Target-002915,-14.44064998,117.68266613,8,124,167,1,sar,17.0329,60.6514,-90.0,4.8947,70.5297,0.213298,single,1,120
train_000634,Train-Target-000634,34.97050942,175.00461045,9,79,189,1,sar,10.3262,39.1789,-90.0,6.5693,71.3337,0.319959,single,1,120
train_002489,Train-Target-002489,56.53476658,-134.62942745,9,88,182,1,optical,6.1141,19.9719,8.0,5.3870,84.7017,0.359347,single,1,120
train_002159,Train-Target-002159,-16.49562734,-90.15124340,7,71,120,1,optical,9.8480,19.2659,8.0,4.7917,49.5423,0.412812,single,1,120
train_001665,Train-Target-001665,56.72184330,144.37044770,5,75,118,1,optical,7.3815,25.8903,8.0,5.3687,84.1979,0.290825,single,1,120
train_001216,Train-Target-001216,-10.30168102,-48.53657981,7,52,133,1,optical,9.7301,46.0271,8.0,7.4541,85.0393,0.295690,single,1,120
train_000167,Train-Target-000167,15.70325860,-77.14850607,4,177,235,1,sar,21.8166,50.2858,-90.0,8.2196,77.6276,0.242237,sequential,2,120
train_002343,Train-Target-002343,-45.71499836,-159.75627328,2,93,225,1,infrared,29.1263,139.1721,-90.0,5.2238,46.9845,0.304045,single,1,120
train_001190,Train-Target-001190,33.02841346,124.01698936,3,113,171,1,infrared,19.9870,98.1533,-90.0,5.5492,54.1478,0.393064,simultaneous,2,120
train_002584,Train-Target-002584,25.73458632,67.56233485,10,49,171,1,optical,2.6403,48.8807,8.0,5.0420,36.3599,0.195301,single,1,120
train_001451,Train-Target-001451,2.33443235,171.98913556,4,61,137,1,sar,11.5176,101.4705,-90.0,4.9424,25.9119,0.314882,sequential,2,120
train_001404,Train-Target-001404,-36.90056645,-66.54350094,10,101,168,1,optical,6.5626,40.5682,8.0,7.7256,22.3326,0.292063,single,1,120
train_002109,Train-Target-002109,-4.11336720,-131.88153530,3,2,58,1,optical,5.4967,12.4961,8.0,4.5774,85.9271,0.219682,single,1,120
train_002882,Train-Target-002882,-0.46879868,48.91093976,5,57,167,1,sar,19.2230,61.9013,-90.0,7.7872,58.8385,0.440307,single,1,120
train_001828,Train-Target-001828,59.29395260,-2.21261795,3,65,195,1,optical,3.2868,35.5795,8.0,5.2746,83.6968,0.188472,single,1,120
train_000026,Train-Target-000026,29.06662673,-124.91939725,2,72,115,1,sar,14.8112,77.8973,-90.0,5.2653,89.5356,0.285039,single,1,120
train_002406,Train-Target-002406,7.13116486,-129.76805281,9,35,171,1,optical,7.7315,17.3538,8.0,5.4050,55.7372,0.365083,sequential,2,120
train_002887,Train-Target-002887,18.67057784,-90.65173168,10,56,153,1,optical,3.8910,16.1189,8.0,6.9399,51.8457,0.436493,sequential,2,120
train_002589,Train-Target-002589,-18.77578118,43.75703877,6,27,150,1,optical,5.9353,42.5978,8.0,7.5205,87.8503,0.276601,single,1,120
train_000994,Train-Target-000994,-76.68331550,98.11731378,3,66,223,1,optical,9.5135,15.2342,8.0,5.9974,51.5702,0.224147,single,1,120
train_002443,Train-Target-002443,61.05119550,148.21907225,1,2,130,1,sar,21.0533,109.9014,-90.0,7.5968,52.7582,0.191354,simultaneous,2,120
train_003056,Train-Target-003056,-41.28836635,110.01271156,6,84,215,1,optical,5.3353,46.2966,8.0,6.9646,85.5993,0.282171,single,1,120
train_002672,Train-Target-002672,-26.46576965,150.12736014,1,146,220,1,optical,2.4305,17.6240,8.0,4.8987,59.7573,0.347729,single,1,120
train_001698,Train-Target-001698,3.33915898,110.05691026,9,91,222,1,optical,7.1249,53.5703,8.0,4.6868,76.2184,0.366606,single,1,120
train_002388,Train-Target-002388,55.28370796,95.77231330,10,35,157,1,optical,6.1915,32.2398,8.0,7.3378,25.2893,0.449551,sequential,2,120
train_002317,Train-Target-002317,37.94372458,-141.45487966,10,4,63,1,optical,3.4240,37.6958,8.0,5.6061,36.2380,0.297797,sequential,2,120
train_001939,Train-Target-001939,-32.89966307,-138.35041504,8,146,236,1,sar,17.9525,62.2852,-90.0,8.2238,85.0614,0.344947,single,1,120
train_001447,Train-Target-001447,5.51277559,140.28887916,2,16,99,1,sar,17.6849,95.9571,-90.0,6.0384,23.4504,0.215775,single,1,120
train_000391,Train-Target-000391,-3.20520462,-57.14713057,2,42,85,1,sar,15.3485,87.8465,-90.0,5.8628,35.9037,0.423653,single,1,120
train_000158,Train-Target-000158,40.46681559,125.68687494,1,84,207,1,sar,18.5442,40.9867,-90.0,7.5232,40.5311,0.280346,single,1,120
train_002380,Train-Target-002380,-22.84276509,156.87774113,6,11,127,1,sar,13.1165,97.0605,-90.0,6.2575,51.7237,0.408302,single,1,120
train_002141,Train-Target-002141,79.51487019,1.83468005,2,9,75,1,infrared,24.1963,114.8990,-90.0,5.6639,49.5062,0.348200,single,1,120
train_002556,Train-Target-002556,-49.76998251,148.62991944,5,21,168,1,optical,4.4401,36.9179,8.0,5.2123,87.1950,0.436830,single,1,120
train_000715,Train-Target-000715,20.19533864,-26.71348850,6,135,183,1,optical,8.4094,25.5405,8.0,7.9621,84.5113,0.185081,single,1,120
train_003007,Train-Target-003007,-69.27960750,147.61209605,8,54,195,1,infrared,28.4544,90.0731,-90.0,5.4348,37.2048,0.347832,single,1,120
train_001555,Train-Target-001555,43.02665409,-6.22975370,3,11,128,1,optical,5.7647,62.6639,8.0,7.8277,81.6671,0.208436,single,1,120
train_002478,Train-Target-002478,-1.96332882,4.84717140,10,90,211,1,infrared,38.5282,108.2726,-90.0,4.9580,32.9290,0.243692,sequential,2,120
train_002399,Train-Target-002399,-33.34511279,-161.87994047,1,60,114,1,sar,8.9460,50.1616,-90.0,8.0409,24.7370,0.348754,single,1,120
train_000826,Train-Target-000826,-5.06871915,92.48003649,1,149,239,1,optical,8.4596,44.6543,8.0,5.0804,43.6066,0.352749,single,1,120
train_000501,Train-Target-000501,-16.24135946,-11.54423391,1,141,219,1,infrared,39.5337,53.7409,-90.0,5.2215,69.4128,0.320612,simultaneous,2,120
train_002115,Train-Target-002115,4.59500025,162.50255880,1,62,126,1,sar,9.2992,97.6127,-90.0,6.0490,47.3566,0.358468,single,1,120
train_001042,Train-Target-001042,17.48913827,-61.44517465,2,33,177,1,optical,7.6954,23.1248,8.0,4.9484,60.3099,0.344499,single,1,120
train_000135,Train-Target-000135,60.26943138,134.65384243,6,28,175,1,optical,3.7994,48.3973,8.0,8.2618,83.8680,0.398297,single,1,120
train_002662,Train-Target-002662,-36.31402748,159.93102428,8,83,229,1,optical,8.8886,32.6357,8.0,4.8489,34.8252,0.224837,single,1,120
train_002143,Train-Target-002143,9.04945317,-160.98760898,5,78,234,1,optical,3.1251,21.3496,8.0,5.4641,65.7690,0.275422,single,1,120
train_001734,Train-Target-001734,10.00816112,-111.18570328,4,39,99,1,optical,9.8601,47.4233,8.0,4.6664,30.3913,0.371033,single,1,120
train_000720,Train-Target-000720,79.52168839,-41.25649477,3,27,132,1,optical,2.9310,17.6756,8.0,7.2425,73.4142,0.302022,sequential,2,120
train_002636,Train-Target-002636,-36.97155806,-108.31323292,1,112,191,1,sar,9.7627,103.9549,-90.0,6.4181,20.6002,0.243624,sequential,2,120
train_002684,Train-Target-002684,30.93474654,167.64147378,5,4,114,1,optical,7.8349,23.8914,8.0,5.6617,35.1275,0.233528,single,1,120
train_001034,Train-Target-001034,-17.50990617,-113.63117726,1,52,174,1,sar,16.8338,88.6610,-90.0,7.7286,25.7137,0.350545,single,1,120
train_001093,Train-Target-001093,-75.45662776,-132.54148541,4,142,230,1,sar,19.5346,58.6963,-90.0,5.0675,21.4619,0.272673,single,1,120
train_002112,Train-Target-002112,69.27944089,132.96725442,1,17,133,1,optical,9.3571,57.5260,8.0,4.7369,86.0095,0.250017,single,1,120
train_002028,Train-Target-002028,4.68801041,115.12744104,9,69,180,1,optical,9.2927,41.9143,8.0,5.2485,79.7133,0.196697,single,1,120
train_002340,Train-Target-002340,20.66256339,-0.58706840,6,64,126,1,optical,2.8460,49.9803,8.0,5.3682,60.2214,0.256091,single,1,120
train_002955,Train-Target-002955,-6.57345395,-72.02281498,2,109,238,1,optical,7.0620,47.0400,8.0,5.9732,80.3695,0.316289,single,1,120
train_000525,Train-Target-000525,2.50679501,145.68028338,1,140,236,1,optical,4.1576,51.0365,8.0,5.5272,48.9222,0.419979,single,1,120
train_001814,Train-Target-001814,-30.33959901,137.10196835,5,49,180,1,optical,9.5631,35.9977,8.0,5.3506,74.6130,0.435135,single,1,120
train_002454,Train-Target-002454,31.61922046,52.87017080,9,30,172,1,sar,12.0345,29.2248,-90.0,4.5733,25.4415,0.296796,single,1,120
train_002354,Train-Target-002354,71.64527969,25.81657580,7,89,233,1,sar,19.1472,106.4811,-90.0,4.9126,29.1997,0.264884,single,1,120
train_001759,Train-Target-001759,52.45097754,62.16925117,9,41,182,1,infrared,27.3908,140.2842,-90.0,7.3419,53.8424,0.351625,sequential,2,120
train_000138,Train-Target-000138,18.19133534,-173.45544061,8,10,92,1,optical,5.7503,30.4027,8.0,4.9666,30.3569,0.336001,sequential,2,120
train_002274,Train-Target-002274,-19.35789432,143.03749588,2,2,78,1,optical,8.1658,26.5018,8.0,7.1818,44.0182,0.332924,single,1,120
train_002984,Train-Target-002984,-35.10109894,-177.66559344,3,157,199,1,optical,7.4580,28.6490,8.0,4.5210,56.2466,0.191926,simultaneous,2,120
train_001937,Train-Target-001937,-4.40014140,41.21005935,4,70,134,1,optical,9.7981,17.7822,8.0,7.4824,73.3989,0.321084,single,1,120
train_000860,Train-Target-000860,-30.06434507,-28.94195442,6,69,131,1,sar,12.0822,72.1412,-90.0,6.4942,53.5255,0.252968,single,1,120
train_001248,Train-Target-001248,73.92813573,76.87385538,9,38,115,1,sar,15.2083,30.6152,-90.0,6.9496,28.6318,0.278361,single,1,120
train_000678,Train-Target-000678,-40.61654463,-19.34872000,9,99,170,1,infrared,37.7517,74.2561,-90.0,4.7433,64.1974,0.405763,single,1,120
train_000551,Train-Target-000551,-22.27198315,-148.27560173,1,11,99,1,sar,17.8118,107.3964,-90.0,7.1445,60.1063,0.432564,single,1,120
train_002918,Train-Target-002918,25.97598462,-58.70687195,2,31,182,1,sar,18.4830,56.9598,-90.0,7.1681,82.0241,0.346026,simultaneous,2,120
train_000516,Train-Target-000516,-32.32944371,179.31411462,7,68,171,1,optical,7.2225,15.6449,8.0,5.6731,48.4080,0.342900,single,1,120
train_002870,Train-Target-002870,82.82055874,95.06123169,2,7,159,1,optical,3.1655,19.3123,8.0,8.1680,45.1980,0.425398,single,1,120
train_002127,Train-Target-002127,30.44941449,19.46336982,2,45,204,1,optical,6.6960,31.3301,8.0,6.5186,74.0364,0.239889,sequential,2,120
train_002329,Train-Target-002329,85.81446043,88.36802094,1,67,150,1,sar,8.7875,44.3454,-90.0,7.2844,42.1266,0.336435,single,1,120
train_002772,Train-Target-002772,-2.61872658,102.33177720,1,79,238,1,optical,6.2814,60.3726,8.0,4.8663,55.8292,0.439423,single,1,120
train_002671,Train-Target-002671,-1.30070682,-162.65195290,7,126,232,1,optical,7.2809,29.8789,8.0,5.3202,34.8382,0.444483,sequential,2,120
train_000122,Train-Target-000122,26.38249138,156.29455292,3,17,145,1,optical,3.9916,23.5974,8.0,5.4442,44.7835,0.194718,single,1,120
train_001732,Train-Target-001732,-48.56339833,-93.59754118,6,25,164,1,optical,7.1492,44.2883,8.0,7.5133,60.0401,0.228603,single,1,120
train_002667,Train-Target-002667,-7.38960532,42.15513828,8,67,187,1,optical,4.1295,32.2785,8.0,5.5806,51.5432,0.199983,single,1,120
train_001528,Train-Target-001528,-39.30334218,69.67090390,5,5,149,1,optical,4.4827,32.6555,8.0,7.5053,57.7331,0.281970,single,1,120
train_001532,Train-Target-001532,-6.96947540,-12.74967097,8,120,202,1,sar,9.4987,26.9477,-90.0,4.5917,34.1913,0.378774,single,1,120
train_000384,Train-Target-000384,65.33754903,178.12812018,5,167,231,1,optical,7.0940,64.7826,8.0,6.2262,89.4390,0.212384,single,1,120
train_001724,Train-Target-001724,34.43882996,48.58523502,8,160,231,1,sar,13.6023,97.9027,-90.0,6.5660,71.4466,0.280936,single,1,120
train_000936,Train-Target-000936,-16.77083903,140.76901008,6,55,160,1,sar,14.1746,57.0217,-90.0,4.9775,46.2554,0.347889,single,1,120
train_001692,Train-Target-001692,19.94923115,-59.83271830,5,62,168,1,sar,18.5226,77.8215,-90.0,4.7632,62.8462,0.202423,single,1,120
train_000230,Train-Target-000230,-63.33932772,-38.38402521,8,45,122,1,optical,9.3416,39.9338,8.0,6.0001,75.3702,0.189551,single,1,120
train_002694,Train-Target-002694,52.24723267,44.62970319,8,6,136,1,optical,6.0239,54.9513,8.0,5.1299,76.9030,0.393606,single,1,120
train_002418,Train-Target-002418,-14.33812249,48.95219035,2,20,175,1,optical,3.3980,38.7403,8.0,8.1204,63.9509,0.437695,sequential,2,120
train_002812,Train-Target-002812,8.28908941,-60.65433318,3,76,201,1,optical,7.0657,17.8070,8.0,4.7512,34.9329,0.365743,single,1,120
train_002378,Train-Target-002378,52.41639294,-76.44744505,4,48,127,1,optical,8.7019,27.0781,8.0,7.5836,31.2702,0.377067,single,1,120
train_000177,Train-Target-000177,-28.21710728,81.23100375,6,1,149,1,sar,17.5828,78.9218,-90.0,4.7604,87.1599,0.349791,single,1,120
train_001027,Train-Target-001027,-18.64484854,-72.02507574,2,60,208,1,optical,4.7418,35.9440,8.0,7.2711,82.9132,0.444704,single,1,120
train_001697,Train-Target-001697,0.68472798,-160.50671219,4,35,171,1,sar,18.0716,35.0506,-90.0,7.2799,66.2251,0.341677,sequential,2,120
train_000073,Train-Target-000073,45.92941630,-29.83929501,10,83,200,1,optical,6.6794,13.6924,8.0,6.4195,67.2755,0.286384,single,1,120
train_000198,Train-Target-000198,64.46848866,120.21137830,8,6,165,1,optical,8.4967,30.8506,8.0,5.8484,88.6008,0.384453,single,1,120
train_001699,Train-Target-001699,-16.56532228,-179.73845494,9,74,159,1,optical,4.1336,38.7054,8.0,4.7811,39.5430,0.294904,sequential,2,120
train_002298,Train-Target-002298,47.57892780,150.63699653,6,41,187,1,optical,4.2731,19.3016,8.0,7.8914,30.5535,0.430949,single,1,120
train_002868,Train-Target-002868,-4.25789486,-171.30722843,1,6,110,1,optical,6.3758,42.8269,8.0,8.0071,63.3817,0.295249,single,1,120
train_000306,Train-Target-000306,19.84672442,159.62151136,2,29,163,1,infrared,37.5185,67.4833,-90.0,5.5590,76.7032,0.216550,single,1,120
train_001460,Train-Target-001460,-32.89539641,-28.52497944,7,43,156,1,optical,9.9955,39.8349,8.0,4.9376,38.8690,0.331644,single,1,120
train_002003,Train-Target-002003,24.70777649,-10.16388197,6,63,108,1,optical,2.7880,27.8941,8.0,8.2938,58.7388,0.344743,single,1,120
train_000316,Train-Target-000316,40.79728690,151.01284877,10,83,221,1,sar,14.5587,45.8350,-90.0,8.0380,57.6084,0.246964,single,1,120
train_002470,Train-Target-002470,26.02515326,91.57013367,3,39,178,1,optical,7.5955,44.0616,8.0,5.1673,62.4810,0.183027,simultaneous,2,120
train_000054,Train-Target-000054,0.54709663,-88.08711030,9,77,194,1,sar,18.5782,30.7948,-90.0,8.3939,68.9955,0.434259,simultaneous,2,120
train_001055,Train-Target-001055,62.42548630,-86.15246936,5,44,89,1,sar,8.5266,91.3973,-90.0,8.0483,43.1760,0.304790,single,1,120
train_001898,Train-Target-001898,8.38551160,-29.96805079,4,6,134,1,sar,18.7058,100.5628,-90.0,4.8016,55.5773,0.443719,single,1,120
train_001388,Train-Target-001388,-8.58980197,160.46498354,3,95,236,1,infrared,24.0294,126.1883,-90.0,7.9550,63.6721,0.387815,single,1,120
train_001875,Train-Target-001875,-10.17025058,-110.21610209,7,68,155,1,sar,8.2481,68.9084,-90.0,8.0506,20.2962,0.325208,single,1,120
train_000030,Train-Target-000030,41.55357716,-145.30643101,3,59,150,1,sar,9.9545,68.1588,-90.0,6.6921,34.3631,0.396653,single,1,120
train_001710,Train-Target-001710,10.48567429,-95.80703138,9,81,224,1,infrared,19.2299,88.7636,-90.0,8.3370,53.9813,0.257857,single,1,120
train_001990,Train-Target-001990,-48.29702844,-54.83378941,2,53,148,1,infrared,26.0209,105.9979,-90.0,7.9287,67.3875,0.356138,simultaneous,2,120
train_002191,Train-Target-002191,-82.71860768,-13.31610486,6,9,154,1,sar,13.1277,30.8542,-90.0,6.6512,37.0738,0.188572,single,1,120
train_002353,Train-Target-002353,-77.96262842,-76.82198796,5,47,142,1,optical,2.2475,28.2290,8.0,4.8000,47.2351,0.368813,single,1,120
train_003049,Train-Target-003049,34.91964694,-44.97567070,9,166,236,1,optical,2.6106,43.4899,8.0,6.8279,46.0116,0.198048,single,1,120
train_000116,Train-Target-000116,9.79450915,141.20214902,4,42,114,1,optical,2.0058,41.7478,8.0,4.6811,80.4300,0.409360,single,1,120
train_002024,Train-Target-002024,-6.00697133,122.37448092,8,72,144,1,sar,11.2189,63.7001,-90.0,6.2346,86.7905,0.293957,single,1,120
train_001797,Train-Target-001797,62.38261941,34.27597875,6,24,144,1,optical,9.8146,60.2743,8.0,7.4250,76.3383,0.331460,simultaneous,2,120
train_002831,Train-Target-002831,52.94646500,-138.81375797,4,55,107,1,optical,5.2841,10.6598,8.0,6.3699,70.4615,0.366197,sequential,2,120
train_000767,Train-Target-000767,26.50121102,42.03195240,9,11,151,1,sar,8.4864,82.0387,-90.0,8.3448,64.3319,0.287476,sequential,2,120
train_001145,Train-Target-001145,3.58922514,120.41522892,8,72,159,1,optical,8.0463,28.5577,8.0,6.8168,29.0494,0.191207,single,1,120
train_001754,Train-Target-001754,-23.71052901,-53.17118434,10,63,112,1,optical,6.3383,43.0556,8.0,5.7972,29.6685,0.356726,single,1,120
train_001919,Train-Target-001919,-12.62303038,-179.44033294,1,83,210,1,optical,8.3199,12.2913,8.0,4.9995,44.3910,0.363789,single,1,120
train_001088,Train-Target-001088,8.55685952,-2.47807975,10,115,204,1,optical,9.0442,44.7567,8.0,4.9059,70.3134,0.328182,single,1,120
train_002151,Train-Target-002151,-8.10111329,-146.12008070,3,99,190,1,optical,3.5504,14.3739,8.0,7.2651,88.9855,0.305655,single,1,120
train_001889,Train-Target-001889,-36.99706158,93.49102207,5,100,206,1,sar,15.5308,85.4944,-90.0,6.6971,41.0162,0.366934,single,1,120
train_000240,Train-Target-000240,-49.48709045,168.51338433,7,116,169,1,sar,10.5796,28.7625,-90.0,5.8503,71.4879,0.296161,single,1,120
train_000788,Train-Target-000788,11.89584058,-101.66147359,10,8,168,1,sar,13.7596,39.3192,-90.0,6.7730,67.1010,0.198979,single,1,120
train_002569,Train-Target-002569,12.90141770,-112.49383921,2,8,134,1,sar,19.2061,104.8985,-90.0,7.2347,73.6462,0.241994,single,1,120
train_001067,Train-Target-001067,-82.43327826,-40.89527693,10,62,186,1,optical,2.7291,18.3592,8.0,5.4326,26.0176,0.367279,single,1,120
train_000975,Train-Target-000975,16.34858878,9.14283060,2,15,95,1,sar,21.6683,72.3504,-90.0,7.6308,76.0294,0.428896,single,1,120
train_002530,Train-Target-002530,-9.27051931,138.65611118,8,84,235,1,infrared,36.8915,117.6423,-90.0,7.9606,21.1873,0.327397,single,1,120
train_001098,Train-Target-001098,-63.68304156,110.03761616,7,8,115,1,sar,11.7312,54.7420,-90.0,7.6156,59.8751,0.288621,single,1,120
train_000769,Train-Target-000769,-14.85277401,-32.53565159,5,122,236,1,infrared,36.4003,52.5020,-90.0,7.5481,24.3788,0.240923,single,1,120
train_001973,Train-Target-001973,-14.97759900,-142.61363349,9,79,173,1,sar,19.6793,34.2105,-90.0,8.2344,79.2570,0.214188,single,1,120
train_000928,Train-Target-000928,6.07521991,-22.12661478,6,11,121,1,optical,8.7273,33.9818,8.0,6.8678,68.8861,0.282394,single,1,120
train_002295,Train-Target-002295,3.27198207,-130.79681957,8,3,99,1,optical,6.3596,31.6897,8.0,7.3671,53.2148,0.384011,single,1,120
train_002753,Train-Target-002753,4.83923427,-68.45561842,8,38,195,1,optical,5.5629,29.1660,8.0,6.6634,30.0962,0.267208,sequential,2,120
train_001497,Train-Target-001497,-33.58272385,-4.93501463,5,84,228,1,optical,6.4333,25.8281,8.0,8.2527,32.0370,0.351851,single,1,120
train_002451,Train-Target-002451,-2.06999939,-106.08264771,9,161,215,1,infrared,25.1259,68.6909,-90.0,7.7787,39.6525,0.444046,sequential,2,120
train_000031,Train-Target-000031,-32.47319417,-106.18762759,10,125,228,1,sar,20.7707,58.1551,-90.0,5.2578,60.6051,0.192240,single,1,120
train_001406,Train-Target-001406,-12.22538218,-55.99815091,6,62,163,1,optical,4.8115,12.1558,8.0,7.5612,66.6553,0.383075,single,1,120
train_000847,Train-Target-000847,40.87347554,-133.19394512,9,15,162,1,optical,9.5326,28.3901,8.0,6.1937,77.4362,0.283323,single,1,120
train_001888,Train-Target-001888,-38.61297203,-150.01822218,7,78,211,1,optical,9.3711,23.2540,8.0,4.5236,33.9507,0.274482,simultaneous,2,120
train_002665,Train-Target-002665,-56.35671563,-154.13692831,9,16,141,1,sar,16.5660,27.9940,-90.0,8.2864,57.1189,0.254948,single,1,120
train_000668,Train-Target-000668,-46.72108933,83.40419008,5,19,67,1,optical,8.7391,18.9667,8.0,7.9707,56.7218,0.442924,single,1,120
train_001010,Train-Target-001010,29.30485379,-168.77341386,1,67,160,1,sar,13.2084,55.4212,-90.0,6.5119,57.0222,0.435386,single,1,120
train_003006,Train-Target-003006,-0.51951518,-46.65648024,1,81,123,1,optical,9.6681,25.6312,8.0,7.2862,45.2058,0.296632,single,1,120
train_001136,Train-Target-001136,-13.31520722,72.89827012,8,6,147,1,optical,6.2614,20.7064,8.0,4.9653,20.0708,0.291075,single,1,120
train_002495,Train-Target-002495,-40.53117898,174.97580221,9,109,177,1,infrared,36.7416,118.3106,-90.0,7.1959,62.5679,0.271152,simultaneous,2,120
train_002817,Train-Target-002817,-25.56561894,50.21520239,7,100,140,1,sar,21.9458,70.7611,-90.0,5.9687,35.8118,0.235058,single,1,120
train_002973,Train-Target-002973,-29.41434067,34.13900937,4,44,107,1,optical,4.1869,53.1196,8.0,7.2966,82.3597,0.194867,single,1,120
train_001199,Train-Target-001199,-42.67645167,-155.01825053,2,111,212,1,optical,3.0341,28.4309,8.0,7.9959,46.8865,0.205622,single,1,120
train_000603,Train-Target-000603,46.80836532,100.70247253,3,77,171,1,optical,9.7011,16.7297,8.0,4.8762,68.6262,0.285693,single,1,120
train_000144,Train-Target-000144,-36.93188225,-140.47352334,7,9,158,1,sar,13.9032,85.8069,-90.0,5.0908,24.5805,0.266791,single,1,120
train_000068,Train-Target-000068,28.73427026,55.24139929,3,88,206,1,optical,4.3169,56.8047,8.0,6.0121,86.9873,0.237829,single,1,120
train_001553,Train-Target-001553,-11.71648494,-81.71679815,10,101,239,1,optical,2.4069,42.7461,8.0,4.7554,69.0767,0.391225,simultaneous,2,120
train_002016,Train-Target-002016,-42.07962445,121.32469738,3,35,96,1,optical,6.8838,37.0706,8.0,4.7099,42.7453,0.360609,single,1,120
train_000092,Train-Target-000092,40.67053259,-101.06711688,8,45,86,1,sar,14.4752,76.7896,-90.0,6.6297,44.1241,0.348005,single,1,120
train_000556,Train-Target-000556,-31.35058477,-132.66547575,9,58,177,1,sar,10.7640,105.5468,-90.0,5.8233,34.3127,0.241434,single,1,120
train_000979,Train-Target-000979,20.97520101,12.25242771,2,37,106,1,optical,3.2849,36.3189,8.0,6.9116,44.3444,0.237493,single,1,120
train_002943,Train-Target-002943,43.13305425,-42.58037758,8,77,189,1,optical,7.6898,41.7574,8.0,4.7227,35.2876,0.294844,simultaneous,2,120
train_002840,Train-Target-002840,-41.89961258,54.13950025,3,54,123,1,optical,7.1458,33.7425,8.0,5.3255,53.3521,0.182904,single,1,120
train_002253,Train-Target-002253,-17.44606474,13.01270736,10,97,205,1,optical,3.6384,52.7362,8.0,6.9098,22.0927,0.205284,single,1,120
train_001637,Train-Target-001637,-53.09564496,18.58062175,8,18,175,1,optical,2.9948,51.9315,8.0,7.3736,83.0473,0.314668,single,1,120
train_000771,Train-Target-000771,2.55662385,-103.27122392,10,44,169,1,sar,15.4583,75.7181,-90.0,4.6390,89.5487,0.411561,single,1,120
train_002571,Train-Target-002571,-64.39362190,-74.61497294,2,38,158,1,sar,20.7313,64.0727,-90.0,8.0692,29.1177,0.223763,single,1,120
train_002475,Train-Target-002475,-1.83622947,-154.82720408,3,115,225,1,optical,5.1851,61.0241,8.0,8.2821,78.9007,0.385455,single,1,120
train_002480,Train-Target-002480,64.81554175,138.09085820,8,31,111,1,optical,9.6785,22.3788,8.0,7.5012,49.2971,0.305229,single,1,120
train_000456,Train-Target-000456,41.11904820,119.41273479,1,70,127,1,sar,20.4615,92.6644,-90.0,5.8702,58.8910,0.255214,sequential,2,120
train_000597,Train-Target-000597,49.89759694,59.80646427,4,71,225,1,optical,2.5835,18.7462,8.0,7.0687,21.0778,0.181187,single,1,120
train_000485,Train-Target-000485,-70.80605911,28.44359799,5,119,237,1,optical,8.7569,59.4971,8.0,8.0889,57.7101,0.257227,single,1,120
train_001659,Train-Target-001659,-59.70321761,-81.24794912,10,2,95,1,infrared,31.9290,93.2385,-90.0,5.5338,30.1480,0.196122,sequential,2,120
train_000741,Train-Target-000741,-35.69199118,-49.70882775,8,60,191,1,sar,8.2864,50.9705,-90.0,7.3979,67.6126,0.361087,single,1,120
train_002519,Train-Target-002519,-1.38635044,-63.63658801,3,156,216,1,sar,10.2145,40.2138,-90.0,7.0340,36.1076,0.371401,sequential,2,120
train_001330,Train-Target-001330,75.82667444,-116.27862834,6,81,132,1,optical,6.9453,54.2575,8.0,5.7310,84.5068,0.346776,single,1,120
train_001000,Train-Target-001000,-41.27816700,-106.65893676,4,98,174,1,optical,9.2164,19.8178,8.0,5.7526,43.9504,0.398725,single,1,120
train_002199,Train-Target-002199,-45.03288542,176.25371556,9,70,184,1,optical,8.7510,44.5790,8.0,5.2159,73.2291,0.346342,simultaneous,2,120
train_002921,Train-Target-002921,-27.95911399,-46.04344560,2,21,121,1,optical,5.1694,47.4622,8.0,5.9277,34.0347,0.203240,single,1,120
train_000646,Train-Target-000646,2.85016797,29.23632363,3,37,143,1,optical,7.7286,49.1059,8.0,6.2726,74.5775,0.316540,sequential,2,120
train_002226,Train-Target-002226,7.30294231,20.81081173,9,184,232,1,infrared,36.3159,142.4086,-90.0,6.3458,39.6238,0.308589,single,1,120
train_000419,Train-Target-000419,22.13829923,-76.54122739,8,137,215,1,infrared,27.5929,60.4453,-90.0,8.3970,40.7804,0.257507,sequential,2,120
train_002655,Train-Target-002655,26.30436304,-152.68193490,2,20,105,1,optical,2.8405,60.5377,8.0,6.6547,47.8457,0.384768,single,1,120
train_002208,Train-Target-002208,2.52484847,-10.44982642,1,24,152,1,sar,21.7668,42.6568,-90.0,7.1153,41.4849,0.195628,single,1,120
train_001584,Train-Target-001584,7.38337451,41.00691763,10,29,158,1,optical,6.1616,13.0789,8.0,7.9216,64.8078,0.238070,single,1,120
train_002946,Train-Target-002946,23.75847128,39.90478850,1,69,201,1,sar,11.3034,87.6848,-90.0,6.2983,80.3028,0.407231,single,1,120
train_002201,Train-Target-002201,-45.78013491,-33.70977500,5,80,232,1,optical,7.3664,27.7886,8.0,6.4905,47.8999,0.447659,single,1,120
train_001048,Train-Target-001048,26.12774886,19.73183408,9,74,154,1,optical,4.6141,44.5910,8.0,6.7919,41.2562,0.344696,simultaneous,2,120
train_000726,Train-Target-000726,-41.26262170,-168.54228740,6,118,226,1,infrared,34.6076,62.7800,-90.0,7.0571,74.3308,0.180827,sequential,2,120
train_002180,Train-Target-002180,39.83514769,-125.17525489,9,110,204,1,infrared,37.3570,100.7987,-90.0,4.5815,84.5560,0.316117,sequential,2,120
train_000360,Train-Target-000360,-28.97479013,-13.84386960,5,165,224,1,optical,7.1725,41.3026,8.0,6.4596,55.9790,0.242577,single,1,120
train_002057,Train-Target-002057,66.50337477,170.58430273,8,76,214,1,sar,12.2593,79.6137,-90.0,6.2823,71.2203,0.278817,single,1,120
train_002292,Train-Target-002292,27.25311134,-175.25741020,5,56,117,1,sar,18.2419,48.4416,-90.0,7.3085,36.9204,0.303832,single,1,120
train_002858,Train-Target-002858,15.71852995,-90.79800433,7,147,210,1,sar,21.2021,99.8534,-90.0,7.1845,26.1412,0.228156,single,1,120
train_001658,Train-Target-001658,20.06930214,54.96131698,1,55,139,1,sar,15.4230,77.2271,-90.0,4.9869,30.4300,0.405513,single,1,120
train_001946,Train-Target-001946,-43.63606652,102.88659127,3,27,172,1,optical,8.0167,47.9548,8.0,5.9048,21.6506,0.197501,single,1,120
train_000205,Train-Target-000205,-52.56365422,-167.20988597,1,129,174,1,sar,13.0268,82.1188,-90.0,8.0009,75.6667,0.422455,single,1,120
train_002830,Train-Target-002830,34.37511606,137.26504275,10,82,232,1,sar,17.1925,80.1828,-90.0,5.7419,70.6872,0.330882,single,1,120
train_002389,Train-Target-002389,-29.98018608,-73.58418148,4,47,197,1,optical,4.9741,45.0585,8.0,7.4495,25.0457,0.269899,single,1,120
train_000179,Train-Target-000179,35.24861276,-23.68924063,9,61,139,1,infrared,32.1250,118.8088,-90.0,7.2681,73.6738,0.330802,single,1,120
train_002760,Train-Target-002760,26.31081729,50.34068677,3,53,140,1,optical,5.5582,11.2453,8.0,7.2760,72.0596,0.235271,single,1,120
train_000596,Train-Target-000596,-19.80005677,0.42401757,4,74,136,1,infrared,24.5133,60.0763,-90.0,4.5593,70.4138,0.249590,single,1,120
train_000512,Train-Target-000512,-20.51330274,10.30594361,5,47,133,1,optical,5.8197,21.7853,8.0,5.8652,50.5401,0.389067,sequential,2,120
train_001439,Train-Target-001439,45.02708891,-112.90914276,9,138,182,1,optical,9.0729,61.0790,8.0,6.2973,38.3722,0.321508,single,1,120
train_000926,Train-Target-000926,-70.90137144,-25.11557328,5,135,215,1,optical,9.0570,39.7847,8.0,5.6479,56.3741,0.248110,single,1,120
train_000798,Train-Target-000798,-42.90766435,16.45482898,2,44,160,1,sar,13.8657,41.2655,-90.0,4.7595,25.9882,0.393000,single,1,120
train_002656,Train-Target-002656,75.13073186,-139.70649550,1,55,179,1,sar,9.0706,108.8167,-90.0,5.4232,37.1897,0.348126,single,1,120
train_000159,Train-Target-000159,40.92709574,26.05565115,3,113,239,1,sar,20.1990,37.8022,-90.0,7.6605,37.9571,0.255355,single,1,120
train_003038,Train-Target-003038,-0.82933506,-174.45910486,5,62,127,1,infrared,22.9772,90.6685,-90.0,6.8286,32.2595,0.423237,single,1,120
train_002799,Train-Target-002799,56.34202321,89.07349544,8,9,133,1,sar,20.8084,51.1149,-90.0,6.7224,65.3296,0.422088,single,1,120
train_002718,Train-Target-002718,1.59987153,-176.46632860,4,39,128,1,optical,6.5183,29.4422,8.0,5.7734,50.3429,0.394606,single,1,120
train_001839,Train-Target-001839,-17.64643531,120.54581527,3,39,183,1,optical,8.3109,37.1664,8.0,5.4141,54.9538,0.391632,single,1,120
train_000671,Train-Target-000671,-33.06914228,107.97091558,7,11,126,1,optical,4.3402,12.1119,8.0,7.0243,50.9198,0.437330,sequential,2,120
train_001941,Train-Target-001941,84.44092750,-148.92940189,8,78,140,1,optical,9.1752,36.9729,8.0,8.1496,20.6397,0.222651,sequential,2,120
train_002196,Train-Target-002196,33.10022607,168.58998962,7,89,175,1,optical,4.4771,13.0629,8.0,7.4895,72.4034,0.321378,single,1,120
train_000075,Train-Target-000075,36.97566201,34.92421867,2,34,122,1,sar,15.4409,53.9991,-90.0,5.9360,65.2146,0.230040,sequential,2,120
train_001912,Train-Target-001912,12.11371477,50.65821927,6,66,168,1,sar,15.0343,59.2566,-90.0,7.3925,46.7516,0.377579,simultaneous,2,120
train_002505,Train-Target-002505,43.83315794,-35.93630475,8,61,207,1,sar,9.9037,62.9542,-90.0,7.0127,73.2549,0.392216,single,1,120
train_000497,Train-Target-000497,-69.61535175,-79.75601289,10,39,167,1,optical,5.3881,63.7390,8.0,7.0696,62.1136,0.440979,single,1,120
train_001550,Train-Target-001550,14.84076937,5.02769905,9,143,215,1,optical,3.8367,45.4092,8.0,4.6917,21.2682,0.260746,single,1,120
train_000045,Train-Target-000045,29.57788619,173.72411487,5,57,154,1,optical,7.8054,15.3217,8.0,6.8758,83.1943,0.226411,single,1,120
train_002387,Train-Target-002387,-53.32834537,-68.33038884,3,46,176,1,optical,7.9604,52.5445,8.0,6.6676,23.7799,0.260809,single,1,120
train_000163,Train-Target-000163,-26.72908803,-132.36911107,6,2,148,1,optical,4.9834,62.7209,8.0,7.4855,49.0762,0.252909,sequential,2,120
train_002596,Train-Target-002596,88.31159297,15.24358805,2,77,141,1,sar,17.7190,79.7051,-90.0,7.6411,80.7268,0.391785,single,1,120
train_001752,Train-Target-001752,18.26388133,175.42592548,8,108,233,1,optical,4.3182,17.0183,8.0,6.5910,74.1104,0.387177,single,1,120
train_002968,Train-Target-002968,21.78407614,-11.42666803,4,41,107,1,optical,3.5000,22.2263,8.0,7.4470,25.4740,0.448139,single,1,120
train_001391,Train-Target-001391,-34.27866864,-143.66031592,9,165,223,1,optical,9.5308,54.6598,8.0,5.2234,21.0144,0.335444,sequential,2,120
train_001609,Train-Target-001609,31.06346051,-41.96349997,6,26,147,1,sar,18.3279,64.8755,-90.0,7.5245,51.1834,0.319354,simultaneous,2,120
train_001551,Train-Target-001551,-57.15657545,123.09151105,10,63,216,1,optical,3.0305,59.9808,8.0,7.7346,37.0923,0.288796,single,1,120
train_002993,Train-Target-002993,-5.26654174,-28.81754543,10,133,226,1,optical,8.2379,42.3198,8.0,6.3898,65.0493,0.355454,single,1,120
train_000020,Train-Target-000020,64.61342697,-78.10294557,10,133,213,1,optical,8.7293,43.3209,8.0,5.6717,46.3851,0.309851,single,1,120
train_001364,Train-Target-001364,13.09563365,134.57857544,10,21,152,1,optical,2.8261,55.2445,8.0,5.2505,63.7552,0.424909,single,1,120
train_001492,Train-Target-001492,51.25446379,-163.16311063,8,124,228,1,sar,13.5113,34.3920,-90.0,8.0825,55.3840,0.355127,single,1,120
train_000032,Train-Target-000032,-63.39792310,-137.11666002,7,116,188,1,sar,15.2384,29.2700,-90.0,4.9235,87.4316,0.192931,single,1,120
train_001886,Train-Target-001886,-22.92721676,162.86859526,8,25,159,1,sar,8.3444,66.1216,-90.0,6.4824,53.0930,0.225871,sequential,2,120
train_002895,Train-Target-002895,-2.39487685,19.46589575,8,68,135,1,sar,17.0116,100.0638,-90.0,6.8907,82.4354,0.213029,single,1,120
train_000359,Train-Target-000359,48.98794531,91.46589647,3,6,50,1,sar,14.3118,56.5929,-90.0,6.7194,75.3319,0.250457,single,1,120
train_002508,Train-Target-002508,-62.71695742,57.05420457,1,15,168,1,sar,21.1617,57.3803,-90.0,6.0727,28.8496,0.218705,simultaneous,2,120
train_000345,Train-Target-000345,64.18539338,-25.29727640,10,70,210,1,optical,5.6426,63.2550,8.0,7.6147,68.2633,0.399769,single,1,120
train_001793,Train-Target-001793,-12.15807531,-158.75058139,6,11,159,1,sar,14.5818,109.0045,-90.0,6.7939,23.3499,0.222281,sequential,2,120
train_000851,Train-Target-000851,-19.55606500,167.08331832,5,26,107,1,optical,5.5386,48.8211,8.0,4.7066,34.0581,0.377387,single,1,120
train_001107,Train-Target-001107,29.36021191,93.89804039,7,26,128,1,optical,4.4693,28.6094,8.0,5.0742,29.6242,0.184820,single,1,120
train_001943,Train-Target-001943,-0.83157637,-135.09379441,1,108,212,1,optical,2.1574,56.7356,8.0,7.8598,25.1760,0.225496,single,1,120
train_000882,Train-Target-000882,17.26909016,-105.34274619,10,121,171,1,optical,9.3848,60.6827,8.0,5.6683,62.3257,0.427972,single,1,120
train_002592,Train-Target-002592,-4.50193392,58.31327409,8,54,167,1,optical,5.7409,43.5161,8.0,7.7303,77.1478,0.403670,single,1,120
train_002940,Train-Target-002940,-34.35940661,114.71749183,1,124,200,1,sar,16.5016,70.9259,-90.0,6.4159,34.2676,0.201809,sequential,2,120
train_000084,Train-Target-000084,-0.01952991,20.96240764,3,107,184,1,infrared,26.6879,108.9539,-90.0,6.2014,75.2671,0.337237,single,1,120
train_000585,Train-Target-000585,18.24963343,11.99396733,8,5,110,1,optical,4.6629,58.1520,8.0,7.0807,53.7559,0.198770,sequential,2,120
train_001571,Train-Target-001571,-1.92253719,-114.83603926,7,14,134,1,optical,9.7516,23.6881,8.0,7.5068,69.6016,0.187603,single,1,120
train_000555,Train-Target-000555,4.13759694,-58.11665687,10,46,139,1,sar,21.9887,36.0624,-90.0,5.3981,86.5218,0.229638,single,1,120
train_000987,Train-Target-000987,-14.79197578,-103.96578447,8,99,231,1,optical,8.5522,49.9263,8.0,7.4173,81.9905,0.268617,single,1,120
train_001420,Train-Target-001420,9.68095012,67.39058098,3,23,162,1,optical,5.4095,48.8873,8.0,6.4587,45.3920,0.324388,single,1,120
train_002743,Train-Target-002743,10.25516268,-49.15759460,1,106,193,1,optical,7.6685,19.1862,8.0,5.8365,50.6390,0.280457,single,1,120
train_002496,Train-Target-002496,-48.34334541,116.12717896,10,160,226,1,optical,4.4070,61.7753,8.0,6.0218,45.8287,0.287943,single,1,120
train_001413,Train-Target-001413,9.43911335,-177.70077696,1,63,169,1,optical,4.0453,28.5652,8.0,6.2463,31.0290,0.258199,single,1,120
train_002037,Train-Target-002037,-6.14445670,164.01975345,5,71,223,1,optical,8.3436,52.8368,8.0,6.1871,46.0825,0.349435,single,1,120
train_002005,Train-Target-002005,1.80967213,-162.35299384,2,72,198,1,optical,6.0283,58.9268,8.0,8.0839,77.5329,0.302963,single,1,120
train_002001,Train-Target-002001,-34.38815298,123.51850051,1,63,191,1,optical,4.8070,57.3623,8.0,6.0583,21.1633,0.374280,sequential,2,120
train_000902,Train-Target-000902,70.14025476,-117.42413738,10,89,179,1,sar,12.4095,26.5380,-90.0,4.5739,73.5597,0.198432,single,1,120
train_002278,Train-Target-002278,58.65098499,128.78624209,7,125,187,1,optical,8.9381,21.2759,8.0,6.2835,45.1133,0.314959,single,1,120
train_000553,Train-Target-000553,61.77799787,161.51428928,3,5,145,1,optical,9.3807,45.3538,8.0,4.6502,89.1669,0.240817,single,1,120
train_001033,Train-Target-001033,-31.20096313,-13.18882628,2,39,165,1,sar,11.7369,61.3300,-90.0,7.4680,65.1021,0.354540,single,1,120
train_001355,Train-Target-001355,-6.73326360,34.93507891,8,145,226,1,sar,15.1580,71.7440,-90.0,6.6486,27.5448,0.204657,single,1,120
train_000379,Train-Target-000379,47.18143909,-163.72817747,6,69,165,1,sar,9.7073,85.0451,-90.0,4.6230,61.7548,0.338145,sequential,2,120
train_002962,Train-Target-002962,-67.79650204,-171.26980234,4,108,163,1,sar,11.3420,45.2386,-90.0,4.6212,56.9605,0.380155,single,1,120
train_001583,Train-Target-001583,11.25031289,147.48335896,7,86,222,1,sar,21.0959,62.4179,-90.0,6.0414,71.3139,0.429573,single,1,120
train_000219,Train-Target-000219,-5.97302348,-116.79958535,5,30,148,1,optical,7.2476,36.7203,8.0,6.0620,75.5644,0.283693,single,1,120
train_000012,Train-Target-000012,-4.91286014,152.42937444,2,28,140,1,sar,18.5314,101.0212,-90.0,5.3054,26.1162,0.426394,single,1,120
train_002804,Train-Target-002804,-2.55026923,74.79436788,2,33,175,1,optical,9.7780,30.6358,8.0,8.0194,88.9266,0.324564,sequential,2,120
train_000890,Train-Target-000890,44.21614568,-11.21373495,10,16,86,1,optical,5.8002,39.5730,8.0,5.9767,26.2702,0.277222,single,1,120
train_001097,Train-Target-001097,52.93021764,51.55479026,7,52,142,1,optical,4.2591,23.3417,8.0,6.7709,65.5852,0.407103,single,1,120
train_003022,Train-Target-003022,-9.45808403,-140.64384603,6,76,136,1,optical,5.6487,31.6599,8.0,6.9529,30.9098,0.373219,single,1,120
train_000778,Train-Target-000778,37.10128136,57.07668874,9,160,200,1,sar,21.8423,106.5869,-90.0,4.5518,26.9945,0.183278,single,1,120
train_002067,Train-Target-002067,-20.98238135,21.62324604,7,128,228,1,optical,7.0578,45.3131,8.0,5.6140,82.0550,0.265194,single,1,120
train_000108,Train-Target-000108,7.61696535,106.60051362,6,77,124,1,sar,20.5370,62.7667,-90.0,5.9124,80.8871,0.285736,single,1,120
train_002658,Train-Target-002658,17.72730357,-102.44641735,4,95,217,1,optical,4.1990,20.1177,8.0,6.8429,72.6517,0.315394,sequential,2,120
train_001320,Train-Target-001320,58.55647996,-85.63694863,4,8,112,1,sar,17.6970,38.6325,-90.0,5.3779,69.2482,0.200320,simultaneous,2,120
train_001588,Train-Target-001588,54.99955490,152.24709212,2,34,150,1,sar,15.0639,81.3788,-90.0,4.7345,21.4080,0.207781,simultaneous,2,120
train_000065,Train-Target-000065,-58.14134354,-6.72416108,4,112,205,1,sar,11.7084,66.6729,-90.0,8.2309,21.9752,0.338315,single,1,120
train_002243,Train-Target-002243,-21.33339005,94.01409309,10,59,115,1,optical,2.6488,51.0247,8.0,5.8901,54.7521,0.407423,sequential,2,120
train_000565,Train-Target-000565,18.68296726,117.35810998,4,33,115,1,optical,2.1711,30.5573,8.0,4.7496,86.1001,0.399880,single,1,120
train_002597,Train-Target-002597,-5.38062629,136.31033702,8,128,223,1,optical,4.9248,13.8483,8.0,7.5217,83.0665,0.322250,single,1,120
train_002964,Train-Target-002964,-35.57354781,-23.48344749,8,6,137,1,optical,4.8576,51.1360,8.0,7.1340,59.2688,0.323348,single,1,120
train_001026,Train-Target-001026,22.72668936,152.51199924,1,19,170,1,optical,8.2089,61.8510,8.0,7.2088,88.3650,0.309706,single,1,120
train_000114,Train-Target-000114,38.42294959,117.94740133,7,105,201,1,optical,7.0369,47.8585,8.0,6.0553,85.4546,0.223829,single,1,120
train_001735,Train-Target-001735,-18.09162013,37.18615503,4,20,157,1,optical,7.9452,37.1228,8.0,5.0505,82.8408,0.185413,single,1,120
train_000560,Train-Target-000560,-49.90116850,-20.35675655,8,73,223,1,optical,9.0281,52.4801,8.0,7.6734,65.4120,0.303490,sequential,2,120
train_002257,Train-Target-002257,-51.55701019,90.63277495,3,165,234,1,optical,6.0091,48.2780,8.0,5.9386,26.1720,0.185572,sequential,2,120
train_002645,Train-Target-002645,-45.84015724,98.23420693,5,16,105,1,optical,4.7334,33.1228,8.0,5.1937,84.5840,0.236557,simultaneous,2,120
train_002729,Train-Target-002729,39.39004450,129.95992888,1,45,157,1,optical,8.8803,12.6060,8.0,7.5719,79.1220,0.316347,single,1,120
train_002742,Train-Target-002742,-59.27685964,-60.03820989,5,45,142,1,infrared,27.0040,79.9292,-90.0,8.2173,67.4030,0.279738,single,1,120
train_000218,Train-Target-000218,57.08581914,-116.97196118,9,25,86,1,sar,8.3306,54.5455,-90.0,7.3666,26.3296,0.224589,sequential,2,120
train_002696,Train-Target-002696,33.36694919,-139.80383403,10,98,213,1,sar,9.5825,92.8439,-90.0,4.5296,83.5678,0.354149,single,1,120
train_001438,Train-Target-001438,-47.51781372,27.02296793,10,76,119,1,optical,5.0497,15.7970,8.0,6.6304,70.9762,0.301693,single,1,120
train_001475,Train-Target-001475,32.15441497,-29.98191476,8,1,72,1,sar,20.6398,59.7999,-90.0,5.3294,38.7186,0.233175,single,1,120
train_001297,Train-Target-001297,9.67699225,23.56488623,9,139,200,1,sar,11.1056,83.7507,-90.0,7.3610,42.5218,0.225067,sequential,2,120
train_002980,Train-Target-002980,6.32975429,-48.91271662,9,22,125,1,optical,2.4365,29.9095,8.0,8.1991,74.2399,0.381967,single,1,120
train_001874,Train-Target-001874,40.51297477,-139.06650110,7,39,146,1,optical,7.7883,41.7036,8.0,7.1282,44.3351,0.398369,simultaneous,2,120
train_001688,Train-Target-001688,11.35512011,-119.05081491,4,49,129,1,infrared,35.8298,57.9420,-90.0,6.8386,78.7822,0.327597,single,1,120
train_002818,Train-Target-002818,-35.04748257,-33.72501547,1,22,67,1,optical,7.2411,39.4440,8.0,5.7647,61.2368,0.449727,single,1,120
train_000907,Train-Target-000907,-10.01948958,13.34194509,5,80,128,1,optical,9.5998,15.4763,8.0,6.6181,25.0273,0.441773,single,1,120
train_000695,Train-Target-000695,-22.87184542,30.96829288,9,18,135,1,optical,6.9752,38.6550,8.0,7.2296,49.9566,0.233894,single,1,120
train_002588,Train-Target-002588,-3.48578894,-162.98683933,1,122,205,1,sar,21.9127,82.9956,-90.0,6.6051,43.2785,0.318225,sequential,2,120
train_002801,Train-Target-002801,20.06252159,80.78907158,6,107,211,1,optical,9.0679,21.7292,8.0,6.3226,37.7187,0.259918,single,1,120
train_001377,Train-Target-001377,-53.25628414,86.20286937,1,29,177,1,infrared,36.0519,58.5489,-90.0,8.3631,36.7999,0.354982,single,1,120
train_001837,Train-Target-001837,52.14714341,11.53915489,9,100,202,1,optical,2.8507,14.0594,8.0,8.1578,89.4940,0.316191,sequential,2,120
train_000574,Train-Target-000574,7.59020334,-7.34233124,5,7,152,1,infrared,23.0263,101.1475,-90.0,7.7396,54.1225,0.250282,single,1,120
train_002862,Train-Target-002862,-42.34040690,113.08244102,1,22,111,1,sar,13.2410,108.5137,-90.0,7.6339,55.1643,0.356052,single,1,120
train_000522,Train-Target-000522,-55.97762474,42.14667183,3,61,162,1,optical,4.3789,49.3366,8.0,8.3848,66.9433,0.262651,single,1,120
train_001713,Train-Target-001713,-13.27822317,32.59333101,10,44,139,1,optical,2.5692,33.9550,8.0,4.9923,88.8523,0.262993,sequential,2,120
train_002810,Train-Target-002810,0.07811331,-51.45313395,1,106,207,1,optical,5.4998,46.1819,8.0,6.1977,69.3167,0.385393,sequential,2,120
train_001964,Train-Target-001964,16.46496615,57.13338647,2,107,172,1,sar,8.4479,57.2060,-90.0,7.8303,43.7471,0.360434,single,1,120
train_002055,Train-Target-002055,25.98310268,-74.36536682,9,82,239,1,optical,3.5578,54.0726,8.0,6.5997,38.3359,0.342628,single,1,120
train_002769,Train-Target-002769,5.44412106,-115.72029873,4,78,220,1,optical,4.7693,37.5432,8.0,6.1219,86.4800,0.300930,sequential,2,120
train_000315,Train-Target-000315,24.73907163,-50.90399953,6,105,225,1,optical,2.2953,13.9626,8.0,5.4013,33.5203,0.303883,simultaneous,2,120
train_002631,Train-Target-002631,0.42663571,28.27416934,5,11,70,1,sar,15.2253,79.2313,-90.0,6.6880,73.1228,0.421749,single,1,120
train_002276,Train-Target-002276,14.90486958,-143.76174512,1,56,148,1,sar,9.1286,58.3174,-90.0,7.1476,50.2990,0.396008,single,1,120
train_001604,Train-Target-001604,58.89986368,177.93510515,4,49,152,1,optical,2.6347,18.2606,8.0,5.2041,48.4665,0.376965,sequential,2,120
train_001998,Train-Target-001998,-33.12938718,-148.08017990,7,99,200,1,optical,7.7474,27.9565,8.0,6.1158,84.2236,0.358596,simultaneous,2,120
train_000253,Train-Target-000253,10.06587253,-150.59822593,7,126,170,1,optical,4.5584,12.0835,8.0,7.9396,69.3384,0.285267,single,1,120
train_000964,Train-Target-000964,-50.11275341,12.48783182,10,119,212,1,optical,5.9255,44.4483,8.0,5.2704,68.0425,0.406149,simultaneous,2,120
train_000113,Train-Target-000113,-47.84619716,-117.72092386,4,38,96,1,optical,7.7755,19.5559,8.0,5.8942,74.3014,0.182852,simultaneous,2,120
train_001783,Train-Target-001783,32.96365108,-58.82973395,1,128,206,1,optical,4.6046,28.9950,8.0,6.6104,53.4014,0.265613,single,1,120
train_000743,Train-Target-000743,44.77169958,-79.57940176,1,111,172,1,optical,3.8976,16.3433,8.0,8.1307,60.0990,0.213815,single,1,120
train_002066,Train-Target-002066,34.04318707,-81.56566254,6,4,46,1,sar,18.9785,75.3691,-90.0,6.9792,59.2219,0.319838,single,1,120
train_002214,Train-Target-002214,48.94124432,-45.43848890,6,86,189,1,sar,13.5295,74.6541,-90.0,6.9514,38.3567,0.296862,single,1,120
train_002643,Train-Target-002643,-10.31993965,102.46174345,8,13,154,1,optical,9.0937,22.8256,8.0,6.3855,25.7407,0.366498,single,1,120
train_000242,Train-Target-000242,-60.25304812,-151.02007323,7,107,182,1,optical,5.9686,18.2329,8.0,7.1898,70.6597,0.395440,sequential,2,120
train_001954,Train-Target-001954,11.57579830,34.28964856,9,23,142,1,sar,9.9414,74.3945,-90.0,6.7000,69.4830,0.420865,single,1,120
train_002395,Train-Target-002395,-14.91579800,172.51364001,10,65,224,1,optical,9.5000,25.7662,8.0,5.9444,74.4893,0.301105,single,1,120
train_001737,Train-Target-001737,49.72611067,-65.44577454,10,140,224,1,optical,6.4298,28.3758,8.0,6.4749,61.9859,0.311119,single,1,120
train_002456,Train-Target-002456,-34.44737796,-125.10175171,2,48,100,1,optical,2.9262,51.6207,8.0,6.8806,48.3303,0.419324,simultaneous,2,120
train_000209,Train-Target-000209,8.50494471,-154.90588314,10,43,200,1,optical,8.2292,59.0799,8.0,6.7527,38.1708,0.393290,sequential,2,120
train_002511,Train-Target-002511,7.06709590,-56.64801182,7,60,152,1,optical,8.8439,34.1362,8.0,7.0265,87.0779,0.224483,sequential,2,120
train_002567,Train-Target-002567,-19.99805596,-109.36148491,9,56,180,1,optical,7.8035,23.4955,8.0,6.8651,21.5200,0.371334,single,1,120
train_001281,Train-Target-001281,48.28646385,-124.18098698,10,15,134,1,sar,8.2094,70.6195,-90.0,7.3580,38.9359,0.262443,single,1,120
train_002235,Train-Target-002235,24.05078465,104.84785709,6,63,214,1,optical,5.1769,43.1361,8.0,4.6590,67.9710,0.354879,single,1,120
train_002165,Train-Target-002165,16.82397029,-169.71886530,4,86,161,1,infrared,31.7569,133.6690,-90.0,5.1250,76.3023,0.181136,single,1,120
train_002933,Train-Target-002933,-59.82884269,168.74336205,9,35,126,1,sar,16.9937,45.9171,-90.0,6.3496,48.5000,0.216640,single,1,120
train_001523,Train-Target-001523,37.71256699,88.53897348,8,28,155,1,optical,3.3184,37.4098,8.0,4.8378,37.4777,0.213878,sequential,2,120
train_001701,Train-Target-001701,-59.22457195,16.41212812,8,116,194,1,sar,21.3942,34.1008,-90.0,7.3629,76.3176,0.417905,sequential,2,120
train_001477,Train-Target-001477,27.64921386,75.39829935,10,81,194,1,optical,9.3599,32.4437,8.0,5.2054,78.5774,0.214791,sequential,2,120
train_000155,Train-Target-000155,-19.78858631,-16.58903596,4,7,76,1,optical,7.0222,22.6407,8.0,4.8580,51.2176,0.357889,single,1,120
train_002305,Train-Target-002305,66.20487621,-41.21461789,7,132,190,1,optical,9.9334,20.0072,8.0,7.5290,31.3194,0.213714,single,1,120
train_003068,Train-Target-003068,2.25551836,128.04120250,2,160,225,1,sar,8.8456,87.4593,-90.0,6.5021,57.6555,0.285863,single,1,120
train_001408,Train-Target-001408,6.65172918,-27.77127509,4,107,191,1,optical,4.9194,43.2660,8.0,6.4853,89.7123,0.442395,simultaneous,2,120
train_000731,Train-Target-000731,-12.14399123,92.03220855,3,37,173,1,optical,2.3133,57.4506,8.0,6.9691,40.1143,0.216695,single,1,120
train_000303,Train-Target-000303,72.08687079,-133.93461625,6,56,191,1,optical,5.1098,41.1945,8.0,8.0573,78.5347,0.275110,sequential,2,120
train_001521,Train-Target-001521,21.48220452,-44.75458831,7,91,148,1,optical,6.4210,53.2040,8.0,4.8925,39.2345,0.232379,single,1,120
train_000207,Train-Target-000207,-22.55498441,50.94961227,4,25,117,1,optical,4.9620,43.7719,8.0,7.5524,84.8285,0.431029,single,1,120
train_001430,Train-Target-001430,50.24537346,158.80707232,3,4,119,1,optical,7.5818,38.3850,8.0,6.6247,63.0843,0.334436,single,1,120
train_002154,Train-Target-002154,-32.78886106,81.41523754,3,47,201,1,sar,18.2532,82.2219,-90.0,7.5600,59.9014,0.294572,sequential,2,120
train_000461,Train-Target-000461,45.45790541,126.36894620,5,110,213,1,optical,6.4088,51.2031,8.0,4.9466,82.7942,0.410483,single,1,120
train_001113,Train-Target-001113,-15.86394458,-7.45821271,5,141,202,1,optical,6.8265,38.4456,8.0,6.5481,22.7729,0.180962,single,1,120
train_001228,Train-Target-001228,-63.72371392,-121.44524378,2,29,149,1,infrared,37.6383,123.8583,-90.0,6.2875,34.6783,0.383551,single,1,120
train_002251,Train-Target-002251,0.23377368,138.95745816,8,125,214,1,optical,8.0956,29.7462,8.0,5.1827,67.9248,0.429710,single,1,120
train_000416,Train-Target-000416,32.32145863,-153.54286258,4,44,195,1,sar,14.6284,71.4957,-90.0,5.3069,57.8917,0.186217,sequential,2,120
train_000185,Train-Target-000185,43.54450662,118.19720128,3,58,177,1,optical,7.6115,46.7903,8.0,7.4006,69.5454,0.189146,single,1,120
train_003050,Train-Target-003050,3.69540948,156.28886548,9,28,168,1,optical,2.7429,57.2302,8.0,4.6578,29.3574,0.337551,sequential,2,120
train_001815,Train-Target-001815,57.05432841,-80.71074683,7,96,149,1,infrared,21.0504,132.6904,-90.0,6.9872,48.7245,0.357973,single,1,120
train_001332,Train-Target-001332,-36.97939013,99.01502812,10,88,197,1,sar,16.0496,85.2506,-90.0,5.3030,45.6269,0.372961,single,1,120
train_000823,Train-Target-000823,46.23161585,168.82619186,8,115,223,1,sar,9.6910,30.0547,-90.0,5.6585,57.8044,0.239288,simultaneous,2,120
train_001838,Train-Target-001838,27.87463644,-57.23862955,4,77,123,1,sar,17.3419,61.5415,-90.0,6.7095,20.0305,0.366285,single,1,120
train_001485,Train-Target-001485,-37.79510606,-90.66292407,7,55,191,1,sar,10.4374,104.2963,-90.0,6.6686,56.0639,0.231656,sequential,2,120
train_001239,Train-Target-001239,45.07014328,-171.87415386,9,33,189,1,optical,8.4845,60.5210,8.0,6.2682,45.7137,0.186640,sequential,2,120
train_002469,Train-Target-002469,30.88604365,-177.06972629,4,76,121,1,optical,4.8711,31.8473,8.0,5.7047,45.9763,0.208647,single,1,120
train_000999,Train-Target-000999,13.87796961,3.49554871,7,127,227,1,optical,7.9072,25.7336,8.0,5.0405,85.0963,0.402231,simultaneous,2,120
train_000734,Train-Target-000734,-72.31282414,12.60346686,8,100,196,1,optical,9.0349,21.4931,8.0,4.8800,73.8182,0.444452,simultaneous,2,120
train_001170,Train-Target-001170,-76.66196870,7.94239233,4,102,202,1,optical,6.0480,34.8378,8.0,5.7465,21.7203,0.445923,single,1,120
train_000718,Train-Target-000718,17.03550766,-46.90215481,2,138,237,1,sar,12.6561,31.9218,-90.0,7.4038,84.7285,0.369599,single,1,120
train_002147,Train-Target-002147,8.56722889,-25.08681175,6,129,231,1,infrared,26.4645,101.6902,-90.0,5.9066,64.0779,0.222081,single,1,120
train_000067,Train-Target-000067,58.13376955,-96.16801184,3,72,124,1,optical,6.5793,23.7604,8.0,7.9211,57.7570,0.271551,single,1,120
train_001923,Train-Target-001923,-2.78145951,10.27423035,5,84,232,1,optical,9.0510,37.8909,8.0,5.4264,63.8685,0.373924,single,1,120
train_002277,Train-Target-002277,-13.77771599,43.62500870,9,57,208,1,optical,6.0023,59.0255,8.0,7.6497,70.8372,0.363878,single,1,120
train_001178,Train-Target-001178,21.15058903,-103.20004315,10,124,170,1,sar,16.9759,108.1447,-90.0,7.0064,66.6881,0.369461,single,1,120
train_002355,Train-Target-002355,-16.95971162,-79.76624556,9,102,212,1,optical,8.8407,24.4201,8.0,7.0103,22.6719,0.359597,single,1,120
train_001149,Train-Target-001149,40.16322409,156.40494427,1,19,148,1,optical,8.5494,16.9849,8.0,7.5331,34.5701,0.385918,sequential,2,120
train_002872,Train-Target-002872,-65.45466437,-30.93858718,4,75,229,1,optical,3.0604,25.2823,8.0,6.8507,61.1462,0.425746,single,1,120
train_000764,Train-Target-000764,15.90322679,-114.89487216,3,36,127,1,optical,6.3261,32.9594,8.0,5.6859,68.2039,0.352890,single,1,120
train_002068,Train-Target-002068,35.06836430,-159.92275918,10,68,203,1,optical,6.7197,56.0207,8.0,5.7238,83.2509,0.251498,sequential,2,120
train_001769,Train-Target-001769,-34.31205265,-120.52438780,2,73,159,1,infrared,25.3115,97.6539,-90.0,7.1002,74.9389,0.407873,single,1,120
train_001560,Train-Target-001560,62.13632786,13.56668483,10,54,189,1,optical,5.8079,35.1021,8.0,7.8522,89.9621,0.392896,single,1,120
train_001620,Train-Target-001620,-6.88854957,-1.79541195,10,30,171,1,sar,17.2630,68.5157,-90.0,6.8579,54.9830,0.254975,single,1,120
train_001154,Train-Target-001154,17.24851690,-18.01578308,5,37,188,1,infrared,19.5292,78.3280,-90.0,7.1241,25.4968,0.306490,single,1,120
train_002351,Train-Target-002351,34.19035049,143.03456303,7,18,137,1,sar,19.1133,91.7580,-90.0,5.3725,53.0099,0.409194,single,1,120
train_001897,Train-Target-001897,-9.69593413,72.98115949,1,52,210,1,infrared,27.5074,107.8185,-90.0,7.2042,74.4172,0.392117,single,1,120
train_002310,Train-Target-002310,33.96611889,-38.90571560,1,43,196,1,optical,6.2508,40.2733,8.0,6.3120,46.6637,0.333959,single,1,120
train_001207,Train-Target-001207,8.53564615,26.25678609,7,14,146,1,optical,5.2317,47.1118,8.0,7.8016,76.6615,0.412981,sequential,2,120
train_001102,Train-Target-001102,52.78552782,-158.70327979,3,67,204,1,infrared,33.5879,115.5121,-90.0,6.4390,48.5441,0.289416,single,1,120
train_000893,Train-Target-000893,-19.93758668,70.17106519,7,66,185,1,optical,6.0178,40.0703,8.0,7.5347,21.7473,0.345195,sequential,2,120
train_000328,Train-Target-000328,11.63979445,99.51167980,4,152,196,1,sar,21.5485,86.9713,-90.0,8.2933,57.3417,0.339635,simultaneous,2,120
train_000002,Train-Target-000002,33.59391361,-164.11619755,3,117,205,1,optical,3.5753,55.0280,8.0,6.1499,23.8601,0.355556,single,1,120
train_001564,Train-Target-001564,22.04968589,-135.70029571,3,94,201,1,optical,3.2677,19.0709,8.0,6.4336,86.5574,0.239415,single,1,120
train_002414,Train-Target-002414,-24.98745467,139.00063750,8,117,166,1,optical,5.9859,46.3251,8.0,5.3327,83.7179,0.262329,sequential,2,120
train_000895,Train-Target-000895,-28.47124276,-106.69413980,2,7,51,1,sar,10.7298,76.3392,-90.0,5.0763,82.3911,0.381881,single,1,120
train_001129,Train-Target-001129,46.04111008,94.06685838,4,171,227,1,optical,2.9498,49.5481,8.0,5.0008,73.1631,0.212599,simultaneous,2,120
train_000024,Train-Target-000024,-30.94766882,-36.05029958,2,82,150,1,optical,8.3335,13.6200,8.0,7.2497,37.0411,0.356532,sequential,2,120
train_000197,Train-Target-000197,74.23821881,114.53839874,2,103,233,1,optical,5.2860,37.9066,8.0,7.4115,58.8154,0.244814,single,1,120
train_001847,Train-Target-001847,-9.70840663,-59.35425767,1,58,126,1,optical,2.8059,43.5522,8.0,8.3396,60.9111,0.372723,sequential,2,120
train_002929,Train-Target-002929,-33.03712690,83.46335651,10,54,171,1,optical,2.3286,19.4738,8.0,7.5940,35.5935,0.244397,sequential,2,120
train_000815,Train-Target-000815,-63.88074070,-164.55273750,1,118,232,1,optical,6.5808,55.1001,8.0,6.1849,28.2132,0.388593,single,1,120
train_000732,Train-Target-000732,12.98146469,147.28154220,9,116,204,1,optical,4.7145,44.5438,8.0,5.8904,22.4515,0.202326,single,1,120
train_000455,Train-Target-000455,9.37514169,56.61818448,3,58,163,1,optical,8.5283,64.9113,8.0,7.1687,57.7844,0.253353,simultaneous,2,120
train_002586,Train-Target-002586,-33.77642708,156.57767411,9,61,146,1,optical,4.9913,30.4999,8.0,5.7252,66.8861,0.364063,single,1,120
train_002322,Train-Target-002322,-14.07742516,53.83900885,4,80,214,1,sar,10.9031,74.4608,-90.0,6.1290,77.0630,0.373143,single,1,120
train_002823,Train-Target-002823,18.76806225,36.53517432,9,167,224,1,optical,3.5798,52.7041,8.0,4.8740,59.0655,0.228604,single,1,120
train_001194,Train-Target-001194,-39.32053139,80.95748134,6,110,238,1,sar,11.8017,30.4649,-90.0,5.7083,85.2470,0.319291,single,1,120
train_000810,Train-Target-000810,-60.75313650,-87.30262785,3,110,156,1,optical,7.8457,50.2022,8.0,6.0950,33.9098,0.376773,single,1,120
train_003014,Train-Target-003014,-63.45233172,160.52655700,7,100,238,1,optical,9.6968,43.8257,8.0,5.9213,39.3705,0.344559,single,1,120
train_001126,Train-Target-001126,-27.91000791,73.95914830,4,85,151,1,infrared,38.0505,92.6303,-90.0,6.2477,63.5099,0.290611,single,1,120
train_001448,Train-Target-001448,-6.55182076,-56.51069570,2,123,177,1,sar,9.8324,74.5665,-90.0,7.4483,60.6481,0.372757,single,1,120
train_002392,Train-Target-002392,-10.08488321,118.69572612,6,133,176,1,sar,18.1793,38.6642,-90.0,6.6202,41.8096,0.198582,sequential,2,120
train_001548,Train-Target-001548,-33.22249516,36.49627803,7,38,184,1,optical,8.9784,25.6724,8.0,5.2840,24.2864,0.299545,single,1,120
train_001841,Train-Target-001841,67.73124949,178.94260123,9,123,238,1,optical,9.5674,14.7796,8.0,4.5524,71.1031,0.428945,sequential,2,120
train_002481,Train-Target-002481,-48.51555103,-162.68721350,3,67,225,1,optical,3.0087,20.9601,8.0,7.2069,75.4417,0.241677,sequential,2,120
train_002828,Train-Target-002828,20.39119337,-91.17905243,4,18,88,1,optical,7.9545,47.5153,8.0,6.3630,79.6134,0.366364,sequential,2,120
train_000607,Train-Target-000607,-68.24200399,-3.69684608,6,18,175,1,optical,9.7427,22.4059,8.0,5.4062,55.0177,0.246018,single,1,120
train_000312,Train-Target-000312,-25.72514343,148.13167353,7,75,196,1,infrared,30.8672,55.4455,-90.0,5.4814,44.5698,0.357545,single,1,120
train_000398,Train-Target-000398,-74.99328330,-49.47370339,4,9,76,1,sar,16.8422,29.8255,-90.0,7.3742,87.9723,0.443836,single,1,120
train_001198,Train-Target-001198,-55.89579718,87.13292037,5,93,195,1,optical,5.2700,45.7439,8.0,4.7521,62.2981,0.306175,single,1,120
train_000837,Train-Target-000837,-63.16501452,-84.00019341,1,25,78,1,sar,9.3911,106.1771,-90.0,5.0228,53.3668,0.400870,sequential,2,120
train_002433,Train-Target-002433,-32.65841773,-149.88265914,8,115,189,1,optical,5.9309,53.9810,8.0,6.8842,23.4669,0.357630,single,1,120
train_001717,Train-Target-001717,-54.39899907,-98.52568725,8,56,139,1,infrared,22.7533,123.7603,-90.0,5.4159,88.8058,0.182793,sequential,2,120
train_002618,Train-Target-002618,14.94451754,132.07813348,2,60,108,1,sar,10.3055,100.1980,-90.0,6.6849,71.3444,0.260410,sequential,2,120
train_001509,Train-Target-001509,51.32862021,32.12716199,9,1,117,1,sar,12.4993,51.5000,-90.0,4.6100,41.5652,0.225930,single,1,120
train_001062,Train-Target-001062,-38.87878451,-79.73091521,2,57,180,1,optical,3.4473,39.0756,8.0,6.2455,57.9203,0.196578,single,1,120
train_001357,Train-Target-001357,18.00233190,59.12093414,1,20,93,1,sar,17.1836,53.4848,-90.0,5.9542,86.8364,0.286594,sequential,2,120
train_000877,Train-Target-000877,36.76137085,20.11055753,8,7,103,1,optical,2.4773,32.5743,8.0,8.3574,48.2501,0.230124,sequential,2,120
train_001949,Train-Target-001949,15.68474074,-175.88143572,5,25,167,1,optical,7.1864,27.3378,8.0,5.7686,82.1776,0.317182,simultaneous,2,120
train_000137,Train-Target-000137,11.13641582,36.02824922,2,24,173,1,sar,14.5902,109.9971,-90.0,6.5898,30.9857,0.314142,sequential,2,120
train_001242,Train-Target-001242,-19.89749567,14.35830099,2,14,133,1,optical,6.7784,15.4322,8.0,8.0283,81.5170,0.371739,single,1,120
train_002156,Train-Target-002156,35.97203699,166.35300241,8,121,232,1,sar,17.7657,101.1586,-90.0,5.5294,30.9278,0.252375,single,1,120
train_001488,Train-Target-001488,20.82221646,132.38224803,7,20,109,1,sar,21.3712,91.7210,-90.0,4.6687,30.1831,0.251750,single,1,120
train_002912,Train-Target-002912,-16.37770073,-67.64525797,10,25,143,1,optical,7.4903,14.5575,8.0,5.3951,43.1316,0.193939,single,1,120
train_000711,Train-Target-000711,36.44795169,82.40461691,3,17,177,1,sar,13.7753,97.9677,-90.0,6.0483,44.1392,0.418260,single,1,120
train_001853,Train-Target-001853,-37.66804124,-10.34609921,3,124,218,1,optical,6.6472,16.1744,8.0,7.0190,20.2334,0.222769,single,1,120
train_001288,Train-Target-001288,-42.98041469,37.04558263,10,111,209,1,infrared,29.3116,70.3266,-90.0,6.0080,53.4956,0.292934,single,1,120
train_002930,Train-Target-002930,17.24901891,-113.35428341,9,10,150,1,optical,4.1529,13.5024,8.0,5.4521,63.3953,0.397757,single,1,120
train_000569,Train-Target-000569,-62.54118359,-50.43383869,9,106,231,1,optical,6.3547,44.8523,8.0,6.2362,82.1550,0.235735,single,1,120
train_001883,Train-Target-001883,0.66980768,-139.17116405,4,165,206,1,optical,9.3001,22.9541,8.0,5.0352,34.1384,0.417437,simultaneous,2,120
train_002494,Train-Target-002494,20.39330744,-42.17867681,3,59,146,1,optical,6.8808,40.4816,8.0,8.1759,72.2132,0.216865,sequential,2,120
train_002945,Train-Target-002945,9.09544167,76.38079989,7,24,71,1,optical,4.7128,38.5155,8.0,4.5375,60.3751,0.313845,single,1,120
train_001830,Train-Target-001830,-33.58403122,138.46292956,5,6,141,1,sar,17.5374,46.5066,-90.0,5.9451,62.6415,0.383581,sequential,2,120
train_002976,Train-Target-002976,-59.11811146,8.88662895,5,124,238,1,optical,3.2340,33.6249,8.0,5.0194,46.8575,0.340210,sequential,2,120
train_002194,Train-Target-002194,33.21156018,-3.58148149,5,23,148,1,optical,9.6178,40.3339,8.0,6.9741,57.4755,0.306796,single,1,120
train_002707,Train-Target-002707,3.41006553,-49.26562837,3,10,129,1,optical,9.3916,44.1548,8.0,5.3831,53.1759,0.349547,single,1,120
train_002931,Train-Target-002931,2.85268938,-150.13415974,10,171,236,1,optical,3.5639,37.4655,8.0,5.2538,66.5607,0.395681,single,1,120
train_001226,Train-Target-001226,47.26269861,-167.29806109,3,68,155,1,optical,8.5372,31.9942,8.0,7.4092,39.4261,0.221510,sequential,2,120
train_002302,Train-Target-002302,-56.90916059,97.66105147,2,38,142,1,infrared,20.6077,87.7568,-90.0,7.4686,32.2925,0.274855,sequential,2,120
train_001083,Train-Target-001083,-0.39762063,64.52610965,6,62,161,1,optical,5.3731,24.4480,8.0,5.1660,40.5664,0.395102,single,1,120
train_000958,Train-Target-000958,-41.07954677,-69.65213602,6,132,205,1,sar,19.0442,35.7703,-90.0,4.9964,74.0540,0.273799,sequential,2,120
train_002230,Train-Target-002230,-31.21094882,-54.65524532,9,28,72,1,optical,4.5530,51.9857,8.0,6.0810,66.7596,0.359650,single,1,120
train_002121,Train-Target-002121,76.68120654,-19.41497052,8,121,220,1,sar,8.0292,79.0854,-90.0,7.6863,64.0425,0.199318,single,1,120
train_000255,Train-Target-000255,2.57500511,-32.87236102,7,0,71,1,sar,18.5047,73.5589,-90.0,6.2953,62.2652,0.330441,single,1,120
train_002183,Train-Target-002183,42.49135581,-0.77481469,6,105,207,1,sar,11.2847,68.7784,-90.0,6.3889,66.2049,0.278975,single,1,120
train_000523,Train-Target-000523,26.29950365,70.50136821,5,94,187,1,optical,3.6027,41.0845,8.0,8.2274,31.8625,0.343165,simultaneous,2,120
train_000320,Train-Target-000320,10.56567844,24.76580813,9,87,216,1,infrared,18.5435,73.9178,-90.0,6.0605,24.5044,0.304692,single,1,120
train_000703,Train-Target-000703,-53.66274117,60.52473221,4,176,239,1,optical,9.7883,56.2907,8.0,5.7517,32.3314,0.182138,single,1,120
train_001184,Train-Target-001184,-62.34298561,123.94648703,8,188,231,1,optical,2.1843,48.7082,8.0,6.8825,59.3756,0.392746,single,1,120
train_000238,Train-Target-000238,24.45825195,-45.45283347,2,69,183,1,infrared,32.4766,104.2449,-90.0,5.2030,27.8482,0.390129,single,1,120
train_000011,Train-Target-000011,-36.45627984,-4.09966073,4,46,100,1,optical,9.9533,41.8976,8.0,7.2975,30.0029,0.436803,single,1,120
train_000257,Train-Target-000257,27.89935795,159.71052639,7,64,176,1,optical,4.3067,11.9766,8.0,6.5713,47.2714,0.378045,single,1,120
train_001078,Train-Target-001078,79.89409844,-48.22334508,6,73,203,1,optical,3.8245,17.4482,8.0,6.5407,37.5782,0.315131,single,1,120
train_001409,Train-Target-001409,-4.73813260,-119.35308788,5,25,137,1,optical,4.0389,42.1888,8.0,6.1272,83.8165,0.443288,single,1,120
train_002575,Train-Target-002575,-16.73774017,9.09108150,5,66,166,1,optical,5.0787,36.1404,8.0,7.4308,46.7875,0.263829,single,1,120
train_001789,Train-Target-001789,-48.05115640,-79.82509093,4,28,188,1,optical,9.5717,55.0365,8.0,5.1064,42.5722,0.426008,sequential,2,120
train_001153,Train-Target-001153,-32.15574362,49.50735625,2,86,166,1,sar,13.7284,51.6217,-90.0,4.9688,28.4323,0.432398,single,1,120
train_002088,Train-Target-002088,-29.97596054,106.30153003,7,41,190,1,optical,4.9679,41.3259,8.0,7.0306,75.4213,0.400132,sequential,2,120
train_002498,Train-Target-002498,54.14804284,-79.73104849,6,74,127,1,sar,20.1169,85.5737,-90.0,5.9829,83.3884,0.271382,single,1,120
train_000439,Train-Target-000439,51.09902656,-28.92207255,1,140,185,1,optical,8.9707,48.5925,8.0,6.0337,78.1779,0.324679,single,1,120
train_002663,Train-Target-002663,-12.37589410,-67.53479691,8,132,226,1,optical,4.5786,58.3057,8.0,5.0673,33.6679,0.247617,single,1,120
train_001775,Train-Target-001775,27.49404342,120.06708850,1,49,91,1,optical,7.6447,26.5205,8.0,7.9848,47.6184,0.282779,single,1,120
train_000645,Train-Target-000645,49.17566195,-12.12031530,6,55,210,1,infrared,36.0649,92.0903,-90.0,6.1171,61.0331,0.357353,simultaneous,2,120
train_000632,Train-Target-000632,-56.78463823,158.92731380,4,28,92,1,infrared,37.9836,142.9674,-90.0,6.0373,23.3255,0.313218,simultaneous,2,120
train_001158,Train-Target-001158,-7.71930536,-123.87412887,1,50,159,1,optical,5.7533,27.6299,8.0,7.6625,22.7217,0.384866,single,1,120
train_002137,Train-Target-002137,61.77962479,-11.54052231,5,12,61,1,sar,9.4256,98.6089,-90.0,8.3154,48.9754,0.266332,single,1,120
train_000548,Train-Target-000548,13.36246849,76.58618449,8,18,77,1,optical,2.5250,38.8659,8.0,6.9438,64.0592,0.238359,single,1,120
train_000325,Train-Target-000325,45.61757100,73.86942193,7,1,114,1,optical,5.6170,18.7425,8.0,5.3487,68.6631,0.343988,single,1,120
train_001468,Train-Target-001468,65.76385981,119.01422588,6,67,199,1,sar,12.5801,49.8860,-90.0,4.6751,38.9756,0.398845,simultaneous,2,120
train_001529,Train-Target-001529,-57.95147407,-169.47861125,5,41,161,1,optical,7.5739,54.2144,8.0,6.3035,31.5947,0.316054,single,1,120
train_000214,Train-Target-000214,-63.11262595,-112.07294758,2,57,211,1,optical,3.3704,43.5989,8.0,8.3043,20.5783,0.360944,single,1,120
train_001801,Train-Target-001801,-16.16506996,-30.36136883,8,96,190,1,optical,4.8237,35.1721,8.0,5.2492,60.1517,0.192660,sequential,2,120
train_000072,Train-Target-000072,1.89363694,119.27931349,3,119,216,1,optical,5.6040,19.3473,8.0,5.4802,44.4956,0.181005,single,1,120
train_002455,Train-Target-002455,62.07879098,86.73787460,10,53,213,1,optical,5.1005,44.9829,8.0,7.1728,85.6210,0.331410,simultaneous,2,120
train_000311,Train-Target-000311,-2.62266429,-37.79052781,2,10,98,1,optical,6.1360,63.4495,8.0,5.9849,59.6248,0.251130,single,1,120
train_001627,Train-Target-001627,-20.51554483,-34.33336091,7,125,237,1,optical,8.3514,50.1727,8.0,5.6821,25.3559,0.212820,single,1,120
train_000454,Train-Target-000454,-55.07701931,-61.97337543,7,12,127,1,optical,6.0927,57.8756,8.0,5.8567,62.1618,0.370888,single,1,120
train_000463,Train-Target-000463,-42.11960815,62.04438917,4,46,135,1,optical,9.5595,50.6090,8.0,5.5022,41.1117,0.351776,sequential,2,120
train_002826,Train-Target-002826,-53.99682468,104.15767139,4,11,159,1,optical,6.8194,23.1425,8.0,7.6644,79.7515,0.214668,single,1,120
train_001568,Train-Target-001568,15.85663900,32.79192258,5,71,166,1,optical,8.5958,14.9624,8.0,6.1647,39.0909,0.257033,single,1,120
train_001412,Train-Target-001412,12.86380457,-93.50002578,10,93,140,1,optical,7.8696,24.7280,8.0,6.8516,67.3366,0.365907,sequential,2,120
train_003028,Train-Target-003028,-59.44301075,-162.42754825,5,103,155,1,sar,13.6559,83.6190,-90.0,7.9830,89.8457,0.288152,single,1,120
train_000313,Train-Target-000313,6.64832673,161.49123126,5,79,164,1,infrared,37.4455,144.3681,-90.0,4.6313,76.0002,0.449852,single,1,120
train_002499,Train-Target-002499,-22.39017685,152.28626004,8,73,229,1,optical,6.5669,33.6975,8.0,6.1562,71.5134,0.286910,sequential,2,120
train_000076,Train-Target-000076,56.90924503,-58.51324740,5,69,155,1,sar,11.8126,32.3458,-90.0,6.5945,61.9055,0.381516,single,1,120
train_001214,Train-Target-001214,19.64207043,36.32768340,6,120,223,1,sar,16.6323,58.0551,-90.0,6.0456,21.3518,0.197207,single,1,120
train_002058,Train-Target-002058,63.77025320,157.77655766,10,1,138,1,infrared,18.6238,45.2779,-90.0,7.6214,41.8022,0.289740,single,1,120
train_000858,Train-Target-000858,19.53790007,23.74503117,5,1,109,1,optical,5.7762,24.0533,8.0,5.5235,31.1153,0.240241,single,1,120
train_000052,Train-Target-000052,35.64095831,-173.46193950,10,105,220,1,optical,5.2007,58.4805,8.0,7.5278,32.8393,0.374779,single,1,120
train_000963,Train-Target-000963,30.49022061,92.17943988,10,117,221,1,optical,7.0119,54.5642,8.0,5.7991,37.1135,0.382510,sequential,2,120
train_000716,Train-Target-000716,36.41361460,-137.40757565,2,1,83,1,optical,8.8102,23.3204,8.0,4.5982,22.2965,0.393921,single,1,120
train_002356,Train-Target-002356,-46.32371776,125.29711275,2,189,234,1,sar,20.9644,99.5968,-90.0,4.9883,40.2483,0.279319,single,1,120
train_000707,Train-Target-000707,18.68785029,-12.97877708,5,5,104,1,optical,8.1048,13.1840,8.0,4.8598,61.8862,0.244894,single,1,120
train_000690,Train-Target-000690,-23.87175266,78.12274523,1,96,238,1,optical,8.4790,22.6704,8.0,7.4285,75.8654,0.199938,single,1,120
train_002957,Train-Target-002957,36.29602959,72.45429232,7,58,188,1,sar,20.0528,78.0526,-90.0,4.9811,57.3185,0.433802,simultaneous,2,120
train_001947,Train-Target-001947,-43.23670908,-2.07047181,5,111,209,1,optical,3.4521,13.3533,8.0,7.8495,67.8258,0.397159,single,1,120
train_000932,Train-Target-000932,46.12382639,-149.73541692,2,96,229,1,optical,9.5021,47.3610,8.0,6.2074,83.7491,0.361605,single,1,120
train_001817,Train-Target-001817,20.87229260,128.84037306,6,58,164,1,sar,21.5696,77.5503,-90.0,7.7199,88.4239,0.408136,simultaneous,2,120
train_002637,Train-Target-002637,-30.81159829,-133.49159877,7,90,179,1,optical,2.6426,11.9455,8.0,5.8691,38.4764,0.344183,sequential,2,120
train_002000,Train-Target-002000,46.75774742,115.17226629,1,59,118,1,optical,3.6081,64.1895,8.0,7.5812,57.5577,0.308522,single,1,120
train_002959,Train-Target-002959,33.20306346,38.28421022,8,12,165,1,optical,3.5310,23.9403,8.0,5.1741,23.8076,0.378130,single,1,120
train_000354,Train-Target-000354,18.88748870,-97.29326922,1,89,197,1,infrared,33.2200,128.6058,-90.0,7.0553,23.1909,0.386449,single,1,120
train_002651,Train-Target-002651,-10.95680803,91.31257538,3,3,54,1,infrared,23.5826,66.5329,-90.0,5.9926,24.2115,0.204404,single,1,120
train_000191,Train-Target-000191,34.00313826,76.22304020,1,59,195,1,optical,7.8494,11.5158,8.0,6.6759,88.0182,0.377413,sequential,2,120
train_000937,Train-Target-000937,-20.65682738,177.39721100,1,13,132,1,optical,2.8663,51.6436,8.0,7.1032,46.5892,0.342510,single,1,120
train_000119,Train-Target-000119,8.81929357,113.60108942,8,48,98,1,optical,2.9985,16.7453,8.0,4.5012,59.1911,0.223521,single,1,120
train_002721,Train-Target-002721,26.40353832,-111.44718688,2,83,188,1,sar,11.6681,45.7082,-90.0,6.0763,41.6224,0.391527,single,1,120
train_002678,Train-Target-002678,27.48368274,51.72888581,10,20,109,1,sar,13.1923,77.6970,-90.0,5.9294,67.7322,0.384226,single,1,120
train_002517,Train-Target-002517,64.71535208,-74.25279260,2,19,83,1,optical,4.8754,24.4956,8.0,6.1702,83.5755,0.368062,single,1,120
train_000954,Train-Target-000954,-8.27574269,-136.56404592,2,88,153,1,infrared,35.4586,68.1659,-90.0,7.2208,26.7714,0.429619,single,1,120
train_002043,Train-Target-002043,65.92591390,-63.74299302,2,87,199,1,sar,13.2776,78.4890,-90.0,5.9796,52.2849,0.427263,simultaneous,2,120
train_001352,Train-Target-001352,25.80976297,-67.40030742,6,69,197,1,optical,2.6631,48.9937,8.0,6.4088,80.4138,0.357092,simultaneous,2,120
train_001386,Train-Target-001386,-43.91713781,136.58663704,4,49,106,1,optical,3.9351,23.8653,8.0,6.3544,23.3741,0.246562,single,1,120
train_002409,Train-Target-002409,-2.14082923,136.53513162,3,5,116,1,optical,2.0709,29.7900,8.0,6.1412,24.0809,0.232859,simultaneous,2,120
train_001269,Train-Target-001269,-22.06179872,-27.73598722,3,132,238,1,sar,9.2081,62.6284,-90.0,5.3349,43.6153,0.236258,single,1,120
train_001381,Train-Target-001381,-65.70615288,108.56802996,1,77,203,1,sar,21.1407,67.1258,-90.0,4.8118,40.9901,0.192599,sequential,2,120
train_002795,Train-Target-002795,-18.05578721,173.03621163,10,44,136,1,sar,20.7593,26.4042,-90.0,5.0341,86.3575,0.323882,simultaneous,2,120
train_000222,Train-Target-000222,18.27846600,26.06064050,5,130,175,1,optical,2.1438,23.4623,8.0,4.6569,77.9530,0.438318,single,1,120
train_002805,Train-Target-002805,-65.75554223,34.76274672,4,62,166,1,sar,8.0064,85.8951,-90.0,5.7162,57.1475,0.264318,sequential,2,120
train_000446,Train-Target-000446,-7.80338081,-158.67596899,7,67,189,1,optical,2.3479,33.5242,8.0,6.3025,58.3270,0.279501,single,1,120
train_001501,Train-Target-001501,-48.82742052,116.10642669,6,97,216,1,sar,13.3506,86.0255,-90.0,4.8294,45.0202,0.206620,single,1,120
train_002300,Train-Target-002300,-15.27963339,-47.33286047,7,65,176,1,optical,9.7093,42.3908,8.0,6.3333,23.6365,0.403976,single,1,120
train_001632,Train-Target-001632,37.36892914,-160.80749002,10,87,185,1,optical,4.0881,57.4215,8.0,5.3454,48.1931,0.336153,sequential,2,120
train_001902,Train-Target-001902,-32.10657554,-112.34486031,4,61,217,1,optical,4.8409,17.0488,8.0,7.0632,49.7155,0.192819,single,1,120
train_001926,Train-Target-001926,-15.16081718,26.29507855,3,45,171,1,infrared,31.8865,128.2213,-90.0,6.7398,78.3232,0.400475,single,1,120
train_001805,Train-Target-001805,10.02335645,113.90842186,9,78,220,1,sar,10.4677,43.4619,-90.0,5.0076,52.0878,0.388413,simultaneous,2,120
train_000606,Train-Target-000606,-5.45467122,112.77665260,6,111,183,1,optical,7.1797,10.7765,8.0,6.2081,89.4076,0.321211,single,1,120
train_000150,Train-Target-000150,36.44757506,-118.92919223,1,62,128,1,sar,11.3200,60.9357,-90.0,5.9104,78.8488,0.265258,sequential,2,120
train_000098,Train-Target-000098,-13.88512755,-99.18227642,9,68,227,1,optical,8.6169,50.6978,8.0,5.5682,20.8911,0.340459,single,1,120
train_000046,Train-Target-000046,15.11204551,-127.38266341,8,71,164,1,sar,15.6915,57.6770,-90.0,6.7690,72.6990,0.252027,sequential,2,120
train_002747,Train-Target-002747,11.02284981,84.52681242,8,49,181,1,sar,18.9694,92.0240,-90.0,7.1118,23.7061,0.370208,simultaneous,2,120
train_000799,Train-Target-000799,-26.06113942,-94.71012699,8,50,142,1,optical,3.1490,46.1067,8.0,5.9180,77.5878,0.249341,single,1,120
train_001363,Train-Target-001363,-12.73393097,-152.45631813,1,73,196,1,infrared,30.9558,85.9049,-90.0,6.4807,82.6925,0.365316,single,1,120
train_000309,Train-Target-000309,-62.40189846,-141.66317061,3,79,210,1,optical,2.7053,38.8560,8.0,6.3270,89.0762,0.290302,single,1,120
train_002440,Train-Target-002440,-76.08911917,-176.11182631,2,3,123,1,infrared,35.3273,91.4620,-90.0,6.5471,89.8843,0.277974,simultaneous,2,120
train_000990,Train-Target-000990,80.76833823,-12.52055321,1,16,166,1,optical,9.3031,27.4982,8.0,5.5966,26.6762,0.358034,single,1,120
train_000213,Train-Target-000213,-60.96624674,87.51044087,1,73,170,1,optical,7.6619,41.1475,8.0,7.9491,66.4255,0.441923,single,1,120
train_001816,Train-Target-001816,21.65507623,-171.77255612,8,115,227,1,sar,11.8279,64.9563,-90.0,5.5918,32.0644,0.374124,sequential,2,120
train_000401,Train-Target-000401,15.76772836,83.13837508,8,176,232,1,optical,8.0341,60.5840,8.0,6.2928,60.1850,0.368730,single,1,120
train_001305,Train-Target-001305,-47.06113661,166.57699341,2,33,164,1,optical,7.4822,60.8947,8.0,4.7938,87.7423,0.312016,single,1,120
train_002565,Train-Target-002565,-84.82110598,160.05344789,7,50,165,1,sar,14.5086,51.9481,-90.0,6.8465,88.4887,0.333405,sequential,2,120
train_002311,Train-Target-002311,-19.04432192,75.54801399,6,33,124,1,sar,10.8006,57.1670,-90.0,4.6977,79.5939,0.207421,single,1,120
train_003025,Train-Target-003025,-14.75650925,-72.42908388,7,67,111,1,optical,6.7422,38.0603,8.0,7.9154,67.6242,0.263187,single,1,120
train_000547,Train-Target-000547,34.66036254,110.94885199,5,71,177,1,optical,3.9562,51.0004,8.0,6.6031,23.9740,0.414975,single,1,120
train_001740,Train-Target-001740,6.37035086,24.60269284,3,53,194,1,sar,8.7349,61.7321,-90.0,8.1069,45.2585,0.299944,simultaneous,2,120
train_001965,Train-Target-001965,-52.46431677,137.45050069,5,158,214,1,sar,12.1617,95.0463,-90.0,4.5134,30.5997,0.374485,single,1,120
train_000713,Train-Target-000713,67.99030441,122.29907275,6,6,152,1,sar,21.2792,67.9432,-90.0,8.0269,63.0195,0.194324,single,1,120
train_000605,Train-Target-000605,0.10283896,-1.25682595,9,49,186,1,sar,21.6198,71.7228,-90.0,4.5873,39.7906,0.331340,sequential,2,120
train_002040,Train-Target-002040,-6.55373680,120.01796124,8,19,145,1,optical,3.1421,63.9486,8.0,5.1852,64.9133,0.365180,single,1,120
train_000989,Train-Target-000989,-9.15590427,24.76777667,1,110,190,1,sar,13.6886,70.5313,-90.0,6.3990,79.9519,0.352169,sequential,2,120
train_001058,Train-Target-001058,23.15047400,-168.75136845,5,152,205,1,optical,2.7480,25.0142,8.0,5.9376,33.2999,0.395723,single,1,120
train_000403,Train-Target-000403,-24.08884363,-22.92488593,5,17,152,1,optical,9.9165,40.7732,8.0,4.6790,89.9333,0.220623,single,1,120
train_001021,Train-Target-001021,-21.04598391,102.35901103,9,77,172,1,infrared,29.7606,71.8554,-90.0,6.9337,80.4558,0.361176,single,1,120
train_001852,Train-Target-001852,82.11102322,51.44268212,8,0,114,1,optical,4.2179,28.9200,8.0,5.2881,29.0962,0.211750,single,1,120
train_002920,Train-Target-002920,15.12066993,73.57384678,5,83,216,1,optical,6.4983,50.0994,8.0,7.1249,37.4534,0.398205,single,1,120
train_001209,Train-Target-001209,-39.49810454,161.75767779,10,147,194,1,sar,10.5078,44.5298,-90.0,6.7680,69.1960,0.194948,single,1,120
train_002875,Train-Target-002875,-75.93452353,140.54127671,4,8,71,1,optical,7.3317,14.4416,8.0,7.5422,41.8672,0.408220,single,1,120
train_001823,Train-Target-001823,-33.84316018,-127.71160880,10,15,137,1,optical,3.3515,20.5375,8.0,5.1794,37.5644,0.388945,sequential,2,120
train_001824,Train-Target-001824,-67.98995665,-58.08457614,7,68,203,1,optical,4.8961,36.0836,8.0,8.0255,45.1636,0.439096,single,1,120
train_000201,Train-Target-000201,59.69052721,162.77174368,9,17,165,1,optical,6.7454,36.3652,8.0,6.1072,59.1039,0.195931,single,1,120
train_001224,Train-Target-001224,-62.56781374,144.26943669,6,129,172,1,optical,9.4913,25.7253,8.0,7.2766,32.8898,0.260427,simultaneous,2,120
train_001533,Train-Target-001533,-55.46406586,-157.76809166,3,97,214,1,infrared,20.2423,130.7539,-90.0,5.7404,64.1756,0.247987,single,1,120
train_000535,Train-Target-000535,16.60788135,-157.41621539,8,89,213,1,optical,3.4041,23.7417,8.0,5.2017,47.1194,0.388124,simultaneous,2,120
train_001866,Train-Target-001866,-12.49691446,-147.58749253,2,117,170,1,sar,17.6000,55.9661,-90.0,6.3807,31.6222,0.302610,single,1,120
train_001662,Train-Target-001662,-26.29593168,-87.71336873,3,92,181,1,optical,8.1497,13.4509,8.0,8.3702,41.4225,0.265038,single,1,120
train_002510,Train-Target-002510,44.65590516,150.03204179,7,120,198,1,optical,3.0773,51.4361,8.0,7.4609,42.2395,0.318253,single,1,120
train_001268,Train-Target-001268,-7.86710656,48.05517663,4,38,145,1,optical,4.2477,41.3851,8.0,4.7254,39.7658,0.191975,sequential,2,120
train_000833,Train-Target-000833,21.88590066,-132.77280684,2,146,190,1,optical,8.6508,45.5868,8.0,7.3288,48.6894,0.195201,single,1,120
train_001968,Train-Target-001968,-9.51007401,-6.94864290,2,53,202,1,optical,5.6750,27.2584,8.0,7.5043,32.6721,0.368979,single,1,120
train_000293,Train-Target-000293,31.58620898,-36.97534023,5,49,106,1,optical,4.7910,61.1721,8.0,6.5554,70.3510,0.268171,sequential,2,120
train_000104,Train-Target-000104,40.12254097,-119.58644475,10,68,227,1,sar,12.6172,87.0897,-90.0,7.0221,87.5732,0.297277,sequential,2,120
train_000558,Train-Target-000558,-55.44238011,-41.72035774,5,3,114,1,optical,8.9870,58.8120,8.0,6.1309,83.8952,0.407557,simultaneous,2,120
train_000038,Train-Target-000038,56.67512962,67.37640022,10,26,135,1,optical,2.1610,49.8089,8.0,7.3250,64.4526,0.286034,single,1,120
train_001151,Train-Target-001151,-55.36873328,-147.21405691,3,34,176,1,sar,11.4465,97.4745,-90.0,7.7004,27.3517,0.266582,single,1,120
train_002807,Train-Target-002807,-30.36498813,-117.37607180,5,18,93,1,optical,4.6695,16.6341,8.0,5.8954,87.5193,0.343061,single,1,120
train_001017,Train-Target-001017,-1.56956021,12.24042085,5,94,180,1,sar,9.1180,93.2655,-90.0,7.1322,33.8885,0.276522,single,1,120
train_000467,Train-Target-000467,-31.72311038,114.73017871,1,111,231,1,optical,7.4131,46.4913,8.0,7.5301,26.4130,0.319467,single,1,120
train_003003,Train-Target-003003,-15.99279721,54.66096305,1,70,227,1,sar,8.8307,26.1605,-90.0,7.8209,64.1480,0.184326,single,1,120
train_000102,Train-Target-000102,33.02045154,27.55079930,8,72,226,1,sar,16.2694,65.7031,-90.0,4.5931,36.0858,0.272362,sequential,2,120
train_000417,Train-Target-000417,-10.70939235,-168.81109058,2,90,203,1,infrared,25.0944,138.2810,-90.0,5.5585,50.3708,0.436240,single,1,120
train_001779,Train-Target-001779,18.69512418,-87.28355598,5,68,170,1,optical,2.2542,51.9242,8.0,6.1801,39.9468,0.317417,sequential,2,120
train_000679,Train-Target-000679,5.04906659,-35.61473964,4,127,168,1,optical,7.9220,53.0441,8.0,7.6438,37.1516,0.390986,single,1,120
train_001822,Train-Target-001822,68.87184136,-170.51984771,6,59,160,1,optical,8.0903,23.4188,8.0,7.0938,55.2548,0.402101,sequential,2,120
train_002267,Train-Target-002267,54.84222364,-86.72831358,10,91,228,1,optical,3.2301,60.8303,8.0,7.9589,59.0004,0.267653,single,1,120
train_001670,Train-Target-001670,36.16309069,-12.61449524,8,45,188,1,optical,9.1406,40.8841,8.0,8.0899,87.9677,0.288446,single,1,120
train_001630,Train-Target-001630,36.54272373,146.81204206,8,59,151,1,sar,21.0815,52.2285,-90.0,8.2796,75.3806,0.298508,single,1,120
train_002203,Train-Target-002203,8.22681613,-117.38687405,1,53,154,1,optical,5.4206,36.9239,8.0,7.4427,88.4566,0.330159,single,1,120
train_002613,Train-Target-002613,50.84326358,-102.62595578,4,41,187,1,infrared,23.3325,139.7686,-90.0,5.6721,67.2068,0.272430,single,1,120
train_000898,Train-Target-000898,8.78128752,-59.65416491,2,39,108,1,optical,6.8326,36.8858,8.0,7.6652,31.7427,0.317573,single,1,120
train_001921,Train-Target-001921,18.54433406,-80.81212424,10,52,193,1,optical,5.0116,28.0950,8.0,8.3908,62.7524,0.358234,single,1,120
train_000891,Train-Target-000891,22.95751278,34.09483967,9,84,203,1,sar,21.2549,102.1429,-90.0,6.1373,75.9542,0.318847,sequential,2,120
train_001549,Train-Target-001549,14.42272730,91.57707574,6,34,133,1,sar,20.2611,47.0644,-90.0,6.6740,84.9630,0.449616,sequential,2,120
train_002861,Train-Target-002861,-49.15731355,-95.98956471,2,65,216,1,optical,9.1571,64.2575,8.0,4.9713,80.5502,0.196232,single,1,120
train_000700,Train-Target-000700,-21.49251592,6.82917097,1,13,71,1,optical,9.6199,56.6641,8.0,7.4637,50.5199,0.273729,single,1,120
train_000383,Train-Target-000383,6.78186200,-158.54047320,6,26,89,1,optical,7.2599,64.6561,8.0,8.2887,62.1091,0.369738,single,1,120
train_000623,Train-Target-000623,-27.65085347,-57.60181098,4,63,125,1,optical,3.7876,25.6575,8.0,7.1459,31.9203,0.302270,single,1,120
train_001087,Train-Target-001087,38.79225776,178.64960098,4,30,186,1,optical,2.1656,57.8239,8.0,4.6824,33.9823,0.227970,single,1,120
train_000007,Train-Target-000007,-5.63404673,154.06455601,8,114,171,1,optical,8.5986,54.1473,8.0,7.8968,53.9119,0.297637,single,1,120
train_000659,Train-Target-000659,-36.59241219,1.41193125,10,75,234,1,optical,9.0981,39.3491,8.0,6.4887,27.1910,0.400612,sequential,2,120
train_000722,Train-Target-000722,52.71268695,-3.69313630,5,28,177,1,sar,16.1318,70.8305,-90.0,7.0420,71.5641,0.290078,single,1,120
train_000650,Train-Target-000650,79.10499174,170.36036235,3,8,115,1,sar,21.8984,52.4154,-90.0,4.8885,32.3692,0.317105,single,1,120
train_002682,Train-Target-002682,57.31024397,38.71959222,10,71,176,1,optical,6.2172,55.5275,8.0,8.1809,63.1871,0.206051,single,1,120
train_002098,Train-Target-002098,-50.54546751,-133.61501212,2,73,170,1,sar,9.7462,49.2729,-90.0,7.4765,83.2574,0.180745,sequential,2,120
train_000730,Train-Target-000730,70.46467383,163.62386557,4,135,212,1,infrared,21.2465,72.2408,-90.0,7.3015,22.6207,0.241700,simultaneous,2,120
train_001106,Train-Target-001106,18.19804314,-66.70864557,5,87,160,1,optical,5.4524,22.5289,8.0,6.8789,32.7587,0.276721,single,1,120
train_001960,Train-Target-001960,2.21274234,64.41266275,6,105,175,1,optical,4.6873,14.3125,8.0,7.5384,35.6182,0.398611,single,1,120
train_002681,Train-Target-002681,-26.88231379,21.04887104,4,45,129,1,sar,11.4090,93.6885,-90.0,5.4616,67.3658,0.435424,single,1,120
train_000278,Train-Target-000278,-45.54193836,-89.53503573,8,14,134,1,sar,11.8584,41.1532,-90.0,7.2787,27.7146,0.250517,single,1,120
train_002007,Train-Target-002007,-20.18073979,158.39514835,7,70,164,1,optical,6.5968,49.4104,8.0,7.4842,70.1309,0.328353,sequential,2,120
train_001593,Train-Target-001593,24.23761453,-132.21260128,4,0,43,1,sar,9.4528,108.7116,-90.0,7.3404,43.4092,0.235412,simultaneous,2,120
train_001205,Train-Target-001205,55.16002748,15.05429552,10,130,233,1,optical,3.9460,56.8778,8.0,6.0036,45.1549,0.317847,single,1,120
train_000484,Train-Target-000484,10.03539838,161.68828827,3,72,174,1,optical,6.1418,24.7868,8.0,5.9319,59.6539,0.239692,sequential,2,120
train_001827,Train-Target-001827,-43.52773633,168.65942342,7,28,101,1,optical,2.1206,57.2684,8.0,8.2417,29.5892,0.232973,single,1,120
train_001563,Train-Target-001563,-36.92733613,113.86531383,2,53,149,1,infrared,38.4665,125.7118,-90.0,6.8210,31.1580,0.267308,single,1,120
train_002559,Train-Target-002559,19.45065229,-34.42943214,7,103,230,1,optical,3.7400,45.1933,8.0,6.5601,86.3489,0.229479,single,1,120
train_000387,Train-Target-000387,34.60403277,-105.44718275,5,76,187,1,sar,14.2142,28.8599,-90.0,7.9007,48.8552,0.400068,simultaneous,2,120
train_001596,Train-Target-001596,-8.38304496,113.89431498,8,34,191,1,optical,8.2509,35.2869,8.0,7.4515,64.0037,0.423140,single,1,120
train_001105,Train-Target-001105,-54.95033508,-177.40591562,1,161,236,1,optical,2.8922,18.9884,8.0,6.7260,25.3809,0.206149,single,1,120
train_002905,Train-Target-002905,-24.33891884,-99.60441544,2,35,190,1,optical,9.7165,22.7607,8.0,6.4312,36.7872,0.307944,single,1,120
train_001714,Train-Target-001714,-16.88881340,-21.38988161,4,80,233,1,infrared,31.1721,92.5252,-90.0,7.8396,82.7250,0.437153,sequential,2,120
train_002587,Train-Target-002587,-15.97542417,-117.18079262,9,122,223,1,infrared,26.3588,45.5366,-90.0,7.2690,41.1383,0.221261,single,1,120
train_002375,Train-Target-002375,5.62159129,127.06144178,9,31,148,1,optical,2.2811,60.0882,8.0,4.6699,72.8778,0.424737,single,1,120
train_001152,Train-Target-001152,-5.59550093,-62.90671336,5,71,221,1,optical,7.1635,28.1517,8.0,7.4079,73.1412,0.336990,single,1,120
train_000015,Train-Target-000015,5.78144835,32.57584077,3,144,206,1,sar,10.6773,90.8892,-90.0,5.2407,27.6818,0.280662,sequential,2,120
train_002423,Train-Target-002423,-4.26879621,-85.30243477,10,64,181,1,optical,5.4506,30.9352,8.0,5.6505,33.4102,0.414617,sequential,2,120
train_002544,Train-Target-002544,-27.00599083,4.93485826,3,107,191,1,sar,9.3475,89.6278,-90.0,4.9325,69.8537,0.383982,single,1,120
train_001663,Train-Target-001663,-19.78451028,-5.28281226,4,14,61,1,sar,16.2495,29.5508,-90.0,4.5439,72.1711,0.341723,single,1,120
train_002347,Train-Target-002347,-57.92553160,174.13682789,1,4,157,1,optical,6.4240,62.1548,8.0,8.2757,80.3402,0.284150,single,1,120
train_002966,Train-Target-002966,30.02679997,-22.84768218,2,13,60,1,sar,10.3544,80.3061,-90.0,4.5829,84.4447,0.442810,single,1,120
train_000841,Train-Target-000841,16.23989406,-56.77798740,9,22,159,1,optical,2.5434,60.0400,8.0,4.7841,60.4208,0.187311,single,1,120
train_002752,Train-Target-002752,60.13503381,150.14921445,6,76,207,1,optical,7.3729,57.7029,8.0,5.8318,83.8260,0.357746,single,1,120
train_000559,Train-Target-000559,80.71580414,44.66650779,4,113,220,1,optical,5.3236,21.3877,8.0,6.0151,70.0851,0.256126,simultaneous,2,120
train_002190,Train-Target-002190,41.58271087,36.75907732,4,48,141,1,infrared,28.4875,61.8241,-90.0,5.6951,52.4528,0.442491,single,1,120
train_001052,Train-Target-001052,-0.98158195,152.31491934,2,30,187,1,sar,10.6014,39.7274,-90.0,7.8531,44.0067,0.236654,sequential,2,120
train_001276,Train-Target-001276,44.86488668,71.01161072,6,12,158,1,optical,7.5714,53.6027,8.0,5.4960,55.4544,0.199732,simultaneous,2,120
train_000506,Train-Target-000506,59.53820124,-62.98802491,7,61,190,1,optical,8.1582,52.5750,8.0,7.9933,52.0726,0.349891,single,1,120
train_002737,Train-Target-002737,-61.34006748,134.37026299,1,0,95,1,sar,20.5202,71.3668,-90.0,6.8407,74.1513,0.223016,single,1,120
train_002280,Train-Target-002280,-50.77275212,48.37420992,9,6,159,1,sar,19.2776,39.5282,-90.0,5.1863,85.7256,0.281055,single,1,120
train_002846,Train-Target-002846,11.82901208,89.12356726,3,121,180,1,optical,8.4532,32.6115,8.0,6.9038,20.9439,0.279967,single,1,120
train_002185,Train-Target-002185,-28.03356365,110.10825062,7,26,122,1,sar,19.8065,86.3155,-90.0,6.0426,66.1498,0.437858,sequential,2,120
train_002420,Train-Target-002420,14.60829861,96.06051208,8,60,173,1,optical,3.8089,24.5055,8.0,7.8407,40.0869,0.196042,single,1,120
train_000763,Train-Target-000763,16.89117309,98.20725806,1,53,108,1,optical,3.9230,26.6175,8.0,4.7865,72.0365,0.292040,single,1,120
train_002290,Train-Target-002290,-6.62049180,58.46071090,9,98,181,1,optical,2.2374,37.0041,8.0,7.7590,28.7832,0.356803,simultaneous,2,120
train_000577,Train-Target-000577,-32.23138139,-39.92624178,1,48,113,1,sar,16.0737,86.5438,-90.0,4.9897,42.4518,0.358289,single,1,120
train_002114,Train-Target-002114,1.36218410,170.31557420,3,86,226,1,optical,3.3065,56.2351,8.0,5.6654,69.6134,0.448637,single,1,120
train_002952,Train-Target-002952,-44.91889177,-12.89801357,4,94,203,1,optical,7.4047,13.8581,8.0,4.6557,70.7625,0.268497,sequential,2,120
train_002239,Train-Target-002239,-28.37377680,-34.59193053,3,3,82,1,optical,4.9535,35.8327,8.0,7.5358,49.8320,0.183138,single,1,120
train_001311,Train-Target-001311,-34.10519267,22.47845439,8,39,160,1,sar,15.9075,32.7382,-90.0,7.1651,42.8348,0.414082,single,1,120
train_000051,Train-Target-000051,1.33499951,-31.64866599,3,37,190,1,sar,20.3484,39.6559,-90.0,7.2200,30.2273,0.255136,sequential,2,120
train_001365,Train-Target-001365,-49.31161930,-88.82578600,1,187,233,1,optical,7.5200,33.0386,8.0,4.8493,65.8960,0.394652,single,1,120
train_000127,Train-Target-000127,79.21024846,-7.88738510,9,30,129,1,optical,9.2585,26.4350,8.0,7.5443,88.1479,0.255817,simultaneous,2,120
train_001858,Train-Target-001858,42.13491340,-68.22798920,4,105,163,1,infrared,18.3533,103.1024,-90.0,7.9429,47.4859,0.434378,single,1,120
train_000619,Train-Target-000619,27.07398431,97.16482075,2,117,237,1,optical,6.8739,39.3031,8.0,6.2133,30.2649,0.220240,sequential,2,120
train_001578,Train-Target-001578,26.48934269,-118.61832531,8,48,188,1,sar,12.5206,98.3999,-90.0,5.6916,36.8737,0.302772,single,1,120
train_002790,Train-Target-002790,71.68285800,51.35628109,1,70,177,1,sar,8.4630,89.2083,-90.0,8.3648,61.6239,0.344305,single,1,120
train_000208,Train-Target-000208,-14.27676524,-168.73136221,10,55,173,1,infrared,21.7299,141.2248,-90.0,7.9174,81.0506,0.297003,single,1,120
train_000533,Train-Target-000533,-47.81479088,-173.62005566,3,29,181,1,optical,7.0418,41.6250,8.0,6.7028,75.4776,0.214573,single,1,120
train_001767,Train-Target-001767,-41.74935456,-33.93643650,6,34,145,1,optical,9.9483,28.6547,8.0,5.2138,85.3719,0.327280,simultaneous,2,120
train_001379,Train-Target-001379,-36.02001834,31.74636249,1,125,237,1,optical,3.7197,11.0289,8.0,8.2122,40.9303,0.273127,single,1,120
train_000324,Train-Target-000324,-44.43239717,-16.23405224,10,13,92,1,optical,3.8017,23.0592,8.0,8.2322,31.8899,0.412352,single,1,120
train_001227,Train-Target-001227,-45.46900549,138.41375171,10,45,100,1,sar,20.5491,62.5350,-90.0,4.8363,71.7018,0.225246,single,1,120
train_001519,Train-Target-001519,59.29798763,-145.22056735,6,9,127,1,optical,8.3768,43.3396,8.0,4.7172,84.2642,0.356377,single,1,120
train_001765,Train-Target-001765,0.27404328,-108.96495863,7,21,173,1,optical,4.3539,53.5481,8.0,6.8723,51.3658,0.422200,sequential,2,120
train_001922,Train-Target-001922,-14.28560872,-60.85749731,6,67,196,1,optical,8.7195,21.0329,8.0,4.8376,20.8002,0.215597,simultaneous,2,120
train_002834,Train-Target-002834,9.90071613,-55.87117278,6,79,134,1,optical,5.3922,46.8182,8.0,6.0085,44.2451,0.229128,single,1,120
train_001755,Train-Target-001755,38.85635894,60.52038833,1,121,165,1,optical,7.4275,31.5752,8.0,5.9596,43.7754,0.438126,single,1,120
train_002797,Train-Target-002797,8.42909161,4.20532083,2,166,219,1,optical,8.2717,55.3560,8.0,7.8414,26.4319,0.388905,sequential,2,120
train_001730,Train-Target-001730,21.00286830,68.82002240,9,77,154,1,optical,4.7582,59.3380,8.0,5.6263,65.5984,0.384657,single,1,120
train_002366,Train-Target-002366,-31.04845655,-47.96088055,9,111,226,1,infrared,35.0905,61.2701,-90.0,7.0969,40.6367,0.223313,sequential,2,120
train_001648,Train-Target-001648,-38.03359411,-110.97573543,2,51,193,1,sar,11.9033,67.2172,-90.0,6.2489,73.7335,0.295545,single,1,120
train_000112,Train-Target-000112,-20.72033582,125.80506629,4,65,196,1,optical,3.1735,17.4744,8.0,7.0813,81.0385,0.280580,single,1,120
train_002103,Train-Target-002103,-63.56648603,117.39570286,2,129,193,1,infrared,30.5914,84.4980,-90.0,6.2548,47.7596,0.425038,single,1,120
train_002896,Train-Target-002896,47.47269951,-172.31857086,9,11,153,1,sar,10.8515,67.3313,-90.0,8.0097,76.7214,0.219136,sequential,2,120
train_000888,Train-Target-000888,41.54740405,-168.99331746,2,94,216,1,optical,6.3076,58.9117,8.0,6.2717,87.3707,0.319548,sequential,2,120
train_001437,Train-Target-001437,-37.02664341,-176.73077221,10,117,164,1,optical,7.6338,43.7826,8.0,8.1921,58.2741,0.368960,sequential,2,120
train_000995,Train-Target-000995,-19.23697048,59.75794377,2,3,53,1,optical,5.8325,31.3571,8.0,4.8140,54.8404,0.180638,single,1,120
train_001878,Train-Target-001878,-13.41884233,61.05432536,8,69,201,1,optical,8.6076,39.9977,8.0,5.2390,67.3074,0.259009,single,1,120
train_000922,Train-Target-000922,51.75479662,-143.72484314,2,63,223,1,optical,9.2100,24.8648,8.0,4.8129,77.3326,0.275097,single,1,120
train_001265,Train-Target-001265,25.39763591,24.87626038,10,76,136,1,infrared,19.3623,137.7516,-90.0,5.4695,80.5250,0.255306,single,1,120
train_000290,Train-Target-000290,32.78648272,136.15238988,1,110,186,1,optical,3.7547,22.4480,8.0,7.7281,30.7934,0.332358,single,1,120
train_002815,Train-Target-002815,-55.76211112,-30.63498625,9,85,227,1,sar,21.0664,97.2946,-90.0,8.0962,35.8644,0.388780,sequential,2,120
train_000363,Train-Target-000363,5.82107367,-48.13309000,6,56,180,1,optical,2.8851,52.1553,8.0,5.4720,85.6318,0.386753,single,1,120
train_001316,Train-Target-001316,50.76623402,-155.57936180,7,3,109,1,optical,3.6855,12.2390,8.0,7.1738,75.1741,0.222439,single,1,120
train_002708,Train-Target-002708,45.79261477,-100.37240289,6,97,203,1,sar,15.7942,64.7974,-90.0,5.9896,51.7187,0.215859,single,1,120
train_002809,Train-Target-002809,9.09539200,-96.09559314,4,11,88,1,optical,5.4835,33.3086,8.0,6.2754,46.5953,0.259166,single,1,120
train_002036,Train-Target-002036,-40.06683432,-54.56834265,8,91,216,1,optical,4.2777,35.6982,8.0,8.2611,35.4051,0.232551,simultaneous,2,120
train_000251,Train-Target-000251,67.68171409,-122.64355044,8,55,206,1,optical,6.6006,56.3823,8.0,7.9975,79.1976,0.427795,single,1,120
train_001304,Train-Target-001304,63.04118391,56.72064649,6,93,205,1,optical,4.2233,64.2392,8.0,5.0184,54.1106,0.433457,single,1,120
train_000364,Train-Target-000364,-37.47182334,-135.75372161,10,112,188,1,sar,10.1995,102.2588,-90.0,5.4729,44.6411,0.237663,single,1,120
train_000215,Train-Target-000215,-49.72840919,-102.76152007,2,0,84,1,optical,2.2031,44.7801,8.0,7.9665,47.5866,0.206520,single,1,120
train_000023,Train-Target-000023,-50.86760099,-80.35170347,2,39,115,1,optical,2.0663,36.4670,8.0,5.3196,79.1473,0.250330,sequential,2,120
train_001349,Train-Target-001349,34.16037977,-64.81750136,9,74,230,1,optical,7.8260,53.7877,8.0,6.0528,66.0387,0.429379,sequential,2,120
train_000686,Train-Target-000686,-8.77551917,-22.47220550,7,94,173,1,sar,18.4337,107.9091,-90.0,4.8303,64.4878,0.338243,single,1,120
train_000380,Train-Target-000380,38.39898320,28.74057994,9,142,202,1,optical,3.4845,15.7089,8.0,8.3192,80.2809,0.424074,single,1,120
train_002123,Train-Target-002123,-2.29644849,-104.06893861,4,42,197,1,optical,7.6145,53.6473,8.0,8.2054,44.9060,0.403117,single,1,120
train_002010,Train-Target-002010,-63.10554981,14.93849457,8,67,133,1,infrared,29.7239,95.4737,-90.0,7.8986,69.9531,0.278658,single,1,120
train_001407,Train-Target-001407,-19.98297263,-113.08581158,8,132,186,1,optical,5.4259,38.3751,8.0,7.6089,43.3604,0.449254,sequential,2,120
train_002806,Train-Target-002806,29.74690673,18.87907517,6,111,200,1,optical,2.0159,53.2733,8.0,6.2172,28.0565,0.358360,sequential,2,120
train_001963,Train-Target-001963,-16.38442465,0.30806753,3,84,181,1,infrared,20.7248,82.5767,-90.0,5.4490,20.6987,0.255447,sequential,2,120
train_002038,Train-Target-002038,58.53951236,14.47267351,2,53,131,1,optical,6.3926,11.5444,8.0,6.7542,80.8578,0.353496,single,1,120
train_000227,Train-Target-000227,-58.34893349,49.27137967,1,4,83,1,sar,11.4541,26.2103,-90.0,6.3014,24.4619,0.184610,single,1,120
train_002435,Train-Target-002435,14.32406283,-71.23611744,1,92,173,1,optical,2.9355,15.8399,8.0,5.4886,44.7070,0.440651,single,1,120
train_001005,Train-Target-001005,39.32864338,-71.55447673,4,57,105,1,optical,2.0119,32.9855,8.0,7.1094,83.9615,0.448801,sequential,2,120
train_001753,Train-Target-001753,53.24529427,8.18663960,1,177,225,1,optical,2.2910,29.2080,8.0,7.8657,81.3171,0.448687,single,1,120
train_000845,Train-Target-000845,16.89743147,164.43871598,5,30,134,1,optical,6.3226,21.5624,8.0,6.0195,27.4947,0.423445,single,1,120
train_000575,Train-Target-000575,55.62819355,-119.82493485,9,58,172,1,optical,6.6898,60.1543,8.0,5.4336,77.8519,0.305286,single,1,120
train_000943,Train-Target-000943,-2.02109099,-29.67690716,7,48,191,1,optical,4.7848,54.6290,8.0,5.1693,85.4888,0.212002,sequential,2,120
train_002794,Train-Target-002794,-74.63367539,105.97185348,4,4,145,1,optical,6.8508,25.9848,8.0,4.9041,32.6664,0.403463,sequential,2,120
train_002715,Train-Target-002715,-48.27421446,-24.76628247,9,18,92,1,sar,10.4133,33.1837,-90.0,5.5781,85.4373,0.327547,sequential,2,120
train_001317,Train-Target-001317,-37.59944329,67.34961922,9,69,206,1,optical,3.8935,56.4824,8.0,4.9709,63.3546,0.337897,sequential,2,120
train_002220,Train-Target-002220,-82.39836204,69.58942023,1,37,127,1,sar,10.3470,73.3074,-90.0,6.6041,66.7221,0.300237,sequential,2,120
train_000628,Train-Target-000628,-27.66433379,-1.58523219,5,84,129,1,optical,8.6563,60.2414,8.0,4.9292,63.1554,0.439155,sequential,2,120
train_002865,Train-Target-002865,-44.18999012,-22.89102991,6,55,183,1,sar,21.4554,109.6266,-90.0,7.8876,47.9704,0.308215,single,1,120
train_001916,Train-Target-001916,-1.15751429,-171.61657962,7,3,63,1,optical,2.8355,22.5836,8.0,6.9010,50.9705,0.423902,single,1,120
train_000550,Train-Target-000550,39.71188455,-30.96909288,7,56,97,1,optical,6.2360,23.8150,8.0,5.5668,44.3085,0.410327,single,1,120
train_001453,Train-Target-001453,-9.94555353,95.17091482,6,47,181,1,infrared,38.5936,88.4050,-90.0,6.5571,63.6274,0.414747,single,1,120
train_001454,Train-Target-001454,33.64603424,61.14159463,10,37,103,1,infrared,30.9980,99.8244,-90.0,8.2810,33.3864,0.428502,single,1,120
train_000181,Train-Target-000181,-10.16053558,-100.44093566,10,122,230,1,sar,15.9552,40.3570,-90.0,4.6154,35.6918,0.352452,sequential,2,120
train_002638,Train-Target-002638,22.03878469,43.20600023,6,133,211,1,optical,2.6227,52.9679,8.0,5.3877,81.7191,0.379897,single,1,120
train_002358,Train-Target-002358,27.29588013,-107.79947517,6,6,116,1,optical,3.6209,42.3732,8.0,8.2033,68.9098,0.237403,single,1,120
train_002315,Train-Target-002315,4.21162197,-139.12763027,1,48,131,1,optical,6.4742,62.6951,8.0,6.2498,53.6613,0.212142,sequential,2,120
train_001169,Train-Target-001169,-26.00460802,-141.44586152,3,3,90,1,infrared,29.5714,59.7809,-90.0,7.1536,31.0820,0.334264,single,1,120
train_002727,Train-Target-002727,-19.40622146,-167.72890555,5,84,133,1,optical,3.6470,32.3605,8.0,6.3199,79.3949,0.224225,single,1,120
train_002679,Train-Target-002679,35.66785019,91.45029418,7,22,79,1,sar,18.9381,106.3412,-90.0,5.5125,85.5118,0.380756,single,1,120
train_001114,Train-Target-001114,-18.43440802,29.18332014,6,50,125,1,sar,9.4112,96.0686,-90.0,6.8798,30.7343,0.221003,simultaneous,2,120
train_002894,Train-Target-002894,-15.73401203,106.80738376,9,25,166,1,optical,9.5073,40.1779,8.0,7.0004,82.6034,0.203856,simultaneous,2,120
train_001241,Train-Target-001241,10.62868042,-77.25287428,8,99,207,1,optical,6.7101,24.3534,8.0,8.0615,58.3694,0.283599,sequential,2,120
train_000025,Train-Target-000025,41.48909525,-86.49666142,1,40,152,1,optical,2.8886,44.8681,8.0,6.9347,51.0396,0.216802,sequential,2,120
train_000747,Train-Target-000747,-14.68005456,-172.60017683,10,67,146,1,optical,6.2270,62.8220,8.0,6.6324,61.6657,0.293868,single,1,120
train_002092,Train-Target-002092,-16.37995474,40.07197485,8,83,234,1,infrared,34.6853,57.4871,-90.0,7.2003,52.9585,0.403398,sequential,2,120
train_002702,Train-Target-002702,33.38765556,7.35587204,8,4,112,1,sar,17.5280,77.2820,-90.0,8.3607,24.1452,0.331060,single,1,120
train_002296,Train-Target-002296,-13.24643816,-135.42812992,10,2,148,1,sar,17.0900,63.1732,-90.0,8.0237,77.7451,0.387977,simultaneous,2,120
train_000365,Train-Target-000365,50.20347687,-115.69818712,8,86,220,1,sar,21.4688,88.8407,-90.0,6.3666,40.2807,0.265547,single,1,120
train_002590,Train-Target-002590,-73.49910697,-159.26697277,3,65,111,1,sar,18.1030,38.5369,-90.0,6.7968,65.7817,0.346950,single,1,120
train_000790,Train-Target-000790,6.90910422,-102.68482871,3,5,111,1,sar,8.9682,58.6039,-90.0,8.2567,78.6711,0.328887,single,1,120
train_000627,Train-Target-000627,9.53896799,-168.22262510,3,49,203,1,infrared,18.8406,54.8776,-90.0,8.2495,51.0706,0.266009,single,1,120
train_002294,Train-Target-002294,-1.94337127,17.74423094,2,88,235,1,infrared,24.6061,115.9302,-90.0,7.6284,77.2254,0.282615,sequential,2,120
train_001044,Train-Target-001044,-9.68315272,-153.09473933,2,0,83,1,sar,16.5157,55.0204,-90.0,7.2902,84.0478,0.289108,single,1,120
train_002463,Train-Target-002463,-16.47444762,34.54132966,5,113,200,1,optical,9.5954,23.0060,8.0,7.0477,43.6810,0.398535,sequential,2,120
train_001251,Train-Target-001251,-37.69252510,-55.35327302,1,176,217,1,optical,3.1093,57.5735,8.0,6.2417,27.2446,0.191563,single,1,120
train_000684,Train-Target-000684,-66.29452277,-159.34628091,8,44,158,1,infrared,31.2978,132.0565,-90.0,8.2502,54.7003,0.339911,sequential,2,120
train_001984,Train-Target-001984,12.45308872,114.64611968,2,130,217,1,sar,15.1262,87.2342,-90.0,7.7940,47.8347,0.402529,single,1,120
train_001844,Train-Target-001844,-76.95800829,56.99411024,5,66,175,1,optical,6.5542,13.8967,8.0,5.3623,64.3516,0.204877,single,1,120
train_000532,Train-Target-000532,-25.34095097,-68.53992566,10,87,151,1,sar,11.2708,28.6415,-90.0,4.5810,78.0208,0.182246,single,1,120
train_002659,Train-Target-002659,7.94157500,84.99770297,2,16,148,1,optical,9.4088,47.0260,8.0,8.2157,86.4978,0.449913,sequential,2,120
train_002346,Train-Target-002346,65.00908096,-173.15226703,2,15,132,1,optical,5.9578,34.7919,8.0,5.4672,81.4813,0.295106,single,1,120
train_000217,Train-Target-000217,-49.10378634,102.61694976,4,53,184,1,optical,8.8532,53.3748,8.0,5.7730,47.4559,0.233744,single,1,120
train_000124,Train-Target-000124,74.21118366,-80.49848854,10,146,232,1,optical,3.7186,25.5710,8.0,6.0066,45.2778,0.226628,sequential,2,120
train_002630,Train-Target-002630,25.31710403,82.44804415,5,105,231,1,optical,4.1241,34.9336,8.0,5.8342,40.5895,0.181785,single,1,120
train_002634,Train-Target-002634,21.38615884,-106.90973271,6,50,118,1,sar,9.1680,79.3701,-90.0,6.8565,41.3310,0.272078,single,1,120
train_001139,Train-Target-001139,42.64173884,53.95097391,4,15,169,1,optical,5.2254,18.1460,8.0,6.5525,47.4636,0.305985,sequential,2,120
train_001890,Train-Target-001890,-10.01130203,-39.39400068,6,122,215,1,optical,2.2651,53.4615,8.0,8.2698,52.3331,0.338786,single,1,120
train_000160,Train-Target-000160,30.22721534,176.80259941,5,93,140,1,optical,8.0521,20.3659,8.0,6.4408,36.2640,0.253475,sequential,2,120
train_002650,Train-Target-002650,71.98838701,139.07510979,4,125,167,1,optical,4.6016,43.3936,8.0,6.7426,65.6421,0.365427,sequential,2,120
train_000477,Train-Target-000477,57.04306007,47.72253614,6,69,212,1,optical,2.4439,48.1813,8.0,5.1014,78.4188,0.216332,single,1,120
train_002105,Train-Target-002105,-45.72625528,-2.28485382,2,107,201,1,optical,4.1762,46.3664,8.0,7.7124,61.3635,0.309169,simultaneous,2,120
train_000693,Train-Target-000693,29.42214646,-4.45106641,6,63,143,1,sar,10.2560,99.2155,-90.0,6.3721,40.3912,0.432271,single,1,120
train_000921,Train-Target-000921,62.88082200,-32.21517397,1,170,238,1,optical,4.4540,39.9221,8.0,8.3362,22.0283,0.188757,single,1,120
train_000123,Train-Target-000123,72.28382653,72.88678204,3,10,105,1,sar,13.7234,68.6469,-90.0,6.8147,64.7002,0.307539,single,1,120
train_001193,Train-Target-001193,-56.06399511,9.26467518,4,113,194,1,optical,8.6803,24.2534,8.0,6.6194,31.8355,0.404350,single,1,120
train_002814,Train-Target-002814,34.35489018,-146.18771939,4,11,73,1,sar,9.4775,96.9961,-90.0,7.6763,35.2535,0.309045,single,1,120
train_002853,Train-Target-002853,44.57732129,133.33541027,8,80,235,1,sar,19.4667,72.9340,-90.0,6.9905,22.2653,0.414864,sequential,2,120
train_001873,Train-Target-001873,-54.06260374,-100.16010273,8,3,161,1,optical,6.9918,31.0928,8.0,7.3022,30.2018,0.308768,single,1,120
train_000541,Train-Target-000541,-81.13480215,174.49025404,1,10,104,1,optical,8.2965,61.3285,8.0,5.7960,32.1231,0.347410,sequential,2,120
train_000589,Train-Target-000589,23.24343897,74.43689623,4,160,217,1,sar,16.8784,84.6358,-90.0,7.6878,27.4256,0.212877,single,1,120
train_002306,Train-Target-002306,-14.25930189,141.00476007,3,117,222,1,optical,3.2575,49.3278,8.0,5.2993,65.3550,0.426648,simultaneous,2,120
train_002735,Train-Target-002735,-52.75264525,35.76700003,4,32,126,1,optical,5.1613,57.5075,8.0,6.3953,82.8198,0.304135,single,1,120
train_000856,Train-Target-000856,-33.44791379,-17.10703571,2,73,226,1,optical,3.6534,36.4923,8.0,4.7407,80.1457,0.297897,sequential,2,120
train_000110,Train-Target-000110,45.39656510,80.33171066,4,72,227,1,optical,6.5124,35.9697,8.0,6.8746,31.2956,0.303243,single,1,120
train_002207,Train-Target-002207,-38.66386177,142.88507651,1,82,127,1,sar,20.0238,104.7864,-90.0,6.9463,76.7689,0.432116,single,1,120
train_000120,Train-Target-000120,-75.85781423,110.35468701,10,35,104,1,sar,12.9703,109.7004,-90.0,4.9033,34.2539,0.227090,single,1,120
train_002832,Train-Target-002832,-8.78692873,-86.77279910,6,0,158,1,optical,7.7794,52.3303,8.0,8.1718,35.3933,0.368165,sequential,2,120
train_001197,Train-Target-001197,-83.04678720,-107.30814847,10,86,179,1,sar,13.0689,36.6420,-90.0,4.6605,83.2969,0.202764,single,1,120
train_001440,Train-Target-001440,-61.70631222,-147.50602050,2,28,182,1,optical,8.8558,33.8939,8.0,5.3186,29.8397,0.212171,simultaneous,2,120
train_000993,Train-Target-000993,-14.09898316,23.81075502,2,66,211,1,optical,2.5750,59.5303,8.0,7.1530,22.1508,0.447497,single,1,120
train_002616,Train-Target-002616,69.98384978,-99.81045353,7,44,115,1,optical,9.0616,58.5325,8.0,4.8577,84.8224,0.329616,sequential,2,120
train_000740,Train-Target-000740,-18.94272176,-21.29396997,8,10,154,1,optical,2.6951,37.3228,8.0,4.9528,30.6965,0.189773,sequential,2,120
train_002231,Train-Target-002231,-3.02211122,-173.96911978,9,73,198,1,optical,2.8021,38.0379,8.0,7.9459,74.3684,0.394318,sequential,2,120
train_001664,Train-Target-001664,-53.05943306,-116.81192665,5,12,123,1,sar,17.2817,89.5930,-90.0,6.4233,70.5610,0.261294,single,1,120
train_000274,Train-Target-000274,-37.20174864,73.03641653,3,80,239,1,sar,14.2811,78.1632,-90.0,5.0131,50.8862,0.272879,single,1,120
train_002541,Train-Target-002541,-10.11583600,-164.46501166,10,47,191,1,infrared,21.8321,130.6164,-90.0,6.8691,42.0864,0.437231,single,1,120
train_002205,Train-Target-002205,43.98594403,-21.55862908,8,66,198,1,optical,6.6434,52.4052,8.0,4.7003,34.5067,0.348431,simultaneous,2,120
train_000260,Train-Target-000260,-29.91754057,138.39016484,9,53,193,1,optical,5.4622,13.4309,8.0,5.1568,53.6902,0.341294,sequential,2,120
train_000638,Train-Target-000638,1.50592371,113.11231743,3,16,66,1,sar,9.7313,51.3384,-90.0,6.1191,87.0472,0.440936,simultaneous,2,120
train_000170,Train-Target-000170,-49.44252415,142.40022665,4,54,170,1,sar,16.5954,96.4802,-90.0,7.8138,51.6273,0.267770,single,1,120
train_000578,Train-Target-000578,84.15643993,-88.39423575,5,93,190,1,optical,6.8568,44.8250,8.0,5.8645,56.1825,0.202289,sequential,2,120
train_002967,Train-Target-002967,24.83272072,-165.30894350,9,98,237,1,optical,7.2015,34.5401,8.0,8.0184,67.6631,0.395383,single,1,120
train_001223,Train-Target-001223,8.40921519,-142.59097932,5,99,149,1,sar,12.7660,103.3077,-90.0,4.8246,61.9576,0.284518,single,1,120
train_001403,Train-Target-001403,-29.93748356,67.07521671,4,67,134,1,optical,3.0383,19.1177,8.0,8.2707,86.3835,0.270693,single,1,120
train_001031,Train-Target-001031,-33.59691484,-68.85789359,1,92,171,1,sar,10.1745,94.7427,-90.0,5.3706,37.5092,0.186843,simultaneous,2,120
train_001490,Train-Target-001490,-26.46711207,-109.35289993,7,7,128,1,optical,8.0651,61.7873,8.0,6.8189,48.5520,0.341895,single,1,120
train_001666,Train-Target-001666,12.15973285,-0.77000425,6,28,170,1,optical,8.7751,10.7139,8.0,4.7664,56.4390,0.185487,sequential,2,120
train_000811,Train-Target-000811,-43.36371028,-27.65263609,5,134,216,1,optical,9.9243,50.8932,8.0,8.3819,25.9332,0.324024,single,1,120
train_002449,Train-Target-002449,-36.64819114,-83.19473095,7,4,90,1,sar,11.1851,108.1827,-90.0,8.0314,79.0682,0.191071,single,1,120
train_001401,Train-Target-001401,23.86244183,130.40081386,2,34,125,1,optical,6.8750,34.2352,8.0,7.7334,63.4722,0.359187,single,1,120
train_001201,Train-Target-001201,-24.73228325,26.69525262,10,117,200,1,optical,8.3415,10.8581,8.0,6.8951,40.1872,0.340028,single,1,120
train_002045,Train-Target-002045,-19.49882052,114.14982382,9,63,171,1,optical,2.0884,47.1602,8.0,4.6950,39.7384,0.344179,single,1,120
train_002096,Train-Target-002096,-29.25619853,-175.90196618,3,51,136,1,optical,2.2885,18.6759,8.0,5.9331,40.5025,0.219591,sequential,2,120
train_001721,Train-Target-001721,12.62257099,-167.79154406,4,23,82,1,sar,20.2855,38.0088,-90.0,6.0594,78.3799,0.432058,single,1,120
train_001945,Train-Target-001945,55.30187721,-147.18029094,7,82,235,1,optical,8.6752,51.8260,8.0,4.9633,31.6971,0.294235,sequential,2,120
train_001356,Train-Target-001356,85.60337571,-54.93516340,5,43,141,1,infrared,33.3709,83.4179,-90.0,5.2787,89.2300,0.292608,single,1,120
train_001911,Train-Target-001911,27.35040999,140.74547165,1,72,167,1,infrared,25.6198,91.2078,-90.0,7.5741,22.3937,0.280273,simultaneous,2,120
train_000804,Train-Target-000804,-34.97680940,170.31081474,7,67,186,1,sar,20.5788,37.5351,-90.0,6.7416,24.1207,0.193598,single,1,120
train_001204,Train-Target-001204,37.94486153,-51.74860781,6,40,169,1,sar,14.9743,87.7787,-90.0,4.6429,56.0179,0.230241,single,1,120
train_002521,Train-Target-002521,29.34989205,59.92084424,4,55,205,1,optical,4.1832,55.4872,8.0,8.3232,37.3665,0.387436,simultaneous,2,120
train_002144,Train-Target-002144,-69.50341831,-47.20617806,8,67,223,1,infrared,19.9068,116.0131,-90.0,7.5856,76.9932,0.270510,simultaneous,2,120
train_002476,Train-Target-002476,46.81574889,137.01328732,10,81,197,1,optical,8.3483,10.0355,8.0,5.0082,49.1128,0.323481,sequential,2,120
train_000760,Train-Target-000760,69.45559973,5.52734638,4,18,176,1,optical,9.9132,59.9005,8.0,5.4544,32.3799,0.368626,single,1,120
train_000727,Train-Target-000727,1.38101719,10.73588280,5,85,186,1,optical,2.1098,40.7558,8.0,8.2134,30.4700,0.187712,single,1,120
train_002728,Train-Target-002728,37.37878201,-1.56126094,3,71,176,1,sar,12.1916,36.3229,-90.0,5.4212,77.8083,0.350027,single,1,120
train_001800,Train-Target-001800,-62.94252545,-63.62755863,3,29,104,1,sar,10.9192,52.9652,-90.0,6.6866,33.2349,0.310282,single,1,120
train_002522,Train-Target-002522,-32.32563370,24.07067813,3,74,232,1,optical,4.7541,30.2317,8.0,5.2417,22.8304,0.259467,single,1,120
train_000437,Train-Target-000437,65.54757774,69.88030568,3,106,201,1,sar,20.8920,58.5422,-90.0,5.0285,59.3431,0.285991,single,1,120
train_000986,Train-Target-000986,-17.76027626,-70.51961416,6,63,190,1,optical,5.8761,16.6864,8.0,7.9780,36.0139,0.189964,single,1,120
train_001070,Train-Target-001070,28.01056052,-93.05307696,6,86,195,1,sar,8.3158,31.0036,-90.0,5.0557,48.3051,0.283061,single,1,120
train_001572,Train-Target-001572,-76.76025447,32.69922830,10,86,137,1,optical,4.1045,55.8129,8.0,4.6353,54.1601,0.380281,simultaneous,2,120
train_002457,Train-Target-002457,47.45615482,-97.43168851,3,46,95,1,sar,20.1248,53.7060,-90.0,8.3056,25.8991,0.348710,single,1,120
train_002692,Train-Target-002692,9.69649565,126.32546834,5,35,186,1,optical,8.2030,24.1902,8.0,7.8476,25.7733,0.415308,single,1,120
train_001655,Train-Target-001655,22.82952593,-87.19296807,9,51,166,1,optical,9.1278,20.2565,8.0,5.2546,27.9404,0.420100,single,1,120
train_000493,Train-Target-000493,-23.30483871,-178.77280194,4,80,196,1,sar,14.8295,95.7205,-90.0,5.8071,80.6428,0.187544,sequential,2,120
train_000754,Train-Target-000754,47.65503339,-11.37517074,4,127,173,1,optical,7.1874,22.9406,8.0,5.1210,52.5215,0.265517,single,1,120
train_000755,Train-Target-000755,-42.29250889,-132.42831729,7,109,220,1,sar,8.3003,59.2986,-90.0,7.2536,37.7509,0.208486,sequential,2,120
train_002536,Train-Target-002536,-13.61226151,-76.94094307,6,76,196,1,sar,18.2044,64.1418,-90.0,6.4488,26.3528,0.221668,single,1,120
train_003030,Train-Target-003030,2.96404595,-15.54524774,1,23,123,1,sar,10.2298,104.2718,-90.0,7.2672,36.1279,0.363967,single,1,120
train_001748,Train-Target-001748,-18.87061221,-99.78753275,5,5,97,1,sar,17.2375,61.1440,-90.0,8.1836,43.2947,0.306432,single,1,120
train_000941,Train-Target-000941,-57.97635579,56.64974264,1,36,153,1,optical,5.3538,15.6815,8.0,5.0820,34.9060,0.353184,single,1,120
train_001631,Train-Target-001631,-71.69517397,166.22833147,3,67,216,1,optical,5.0619,46.9129,8.0,4.8919,51.2466,0.281504,single,1,120
train_000338,Train-Target-000338,-60.88077000,-146.93143225,3,42,100,1,optical,2.3809,64.8153,8.0,7.0927,44.9844,0.362284,single,1,120
train_001958,Train-Target-001958,-48.56645049,9.05112090,2,89,140,1,infrared,19.7901,48.2623,-90.0,5.3609,59.0523,0.245352,single,1,120
train_002786,Train-Target-002786,35.70561657,-67.81616390,7,80,171,1,optical,9.3373,18.9035,8.0,6.9297,58.6322,0.401342,sequential,2,120
train_001614,Train-Target-001614,24.84037184,175.58438464,3,36,80,1,sar,16.4078,53.5857,-90.0,8.0488,52.8908,0.287659,sequential,2,120
train_000060,Train-Target-000060,-18.84181540,150.00440028,5,70,207,1,sar,14.3642,36.6117,-90.0,4.7782,76.6109,0.268017,single,1,120
train_000830,Train-Target-000830,62.40590480,-68.92867591,8,51,144,1,optical,2.0257,34.3848,8.0,6.5449,50.0794,0.316890,sequential,2,120
train_001165,Train-Target-001165,48.71403937,1.12516134,9,11,123,1,sar,14.5327,74.7969,-90.0,4.6775,51.6703,0.310858,single,1,120
train_001119,Train-Target-001119,-65.05829815,-5.64497334,2,45,204,1,optical,3.7445,28.9418,8.0,7.5629,54.0760,0.294479,single,1,120
train_001834,Train-Target-001834,-41.59020564,57.02612462,4,97,200,1,optical,5.5999,24.9979,8.0,5.5428,76.4571,0.315537,single,1,120
train_002647,Train-Target-002647,-22.27729852,-68.92000146,9,54,209,1,sar,19.8600,107.6015,-90.0,7.4649,46.7411,0.304940,single,1,120
train_000302,Train-Target-000302,-70.31217462,-36.35366885,10,127,175,1,optical,4.3604,35.0173,8.0,5.5846,49.6050,0.247011,single,1,120
train_002027,Train-Target-002027,28.89475247,44.71458148,3,1,59,1,optical,3.6933,59.6844,8.0,7.4400,68.1467,0.411034,sequential,2,120
train_001203,Train-Target-001203,4.94042202,123.10298323,10,55,175,1,optical,2.8241,15.1952,8.0,5.4551,34.7659,0.281571,simultaneous,2,120
train_002991,Train-Target-002991,64.30695971,127.10331938,7,102,224,1,sar,8.1415,61.8264,-90.0,8.3797,64.2845,0.279828,single,1,120
train_002859,Train-Target-002859,-66.60626561,-118.74927575,5,116,219,1,optical,2.3964,15.2575,8.0,6.1533,63.9688,0.230626,single,1,120
train_002434,Train-Target-002434,-5.66361363,4.77111889,6,14,89,1,optical,6.9824,41.8615,8.0,5.1389,84.3578,0.184512,single,1,120
train_000408,Train-Target-000408,-1.90227991,80.23690216,9,11,63,1,optical,4.0262,36.5909,8.0,7.3807,43.5198,0.312107,single,1,120
train_002014,Train-Target-002014,-39.37604761,76.93996174,8,66,188,1,optical,2.0457,27.9100,8.0,4.7983,45.5884,0.409474,single,1,120
train_001906,Train-Target-001906,-28.75333177,61.43841560,9,24,94,1,optical,6.7682,20.6754,8.0,8.0153,31.3465,0.189714,single,1,120
train_001095,Train-Target-001095,20.02462238,26.18266269,4,110,192,1,sar,9.7848,53.8249,-90.0,4.5604,86.1173,0.372853,single,1,120
train_001936,Train-Target-001936,10.12546095,178.77276867,4,27,182,1,optical,3.5126,30.9134,8.0,8.2411,47.6067,0.399128,single,1,120
train_000988,Train-Target-000988,32.98946763,22.40648149,10,40,118,1,optical,7.6194,58.9645,8.0,7.4866,56.2798,0.340562,single,1,120
train_002873,Train-Target-002873,73.17851173,55.54293806,3,77,189,1,optical,9.7444,50.6452,8.0,5.9760,73.8925,0.197389,sequential,2,120
train_002361,Train-Target-002361,45.62266857,-65.81047150,3,61,210,1,infrared,37.1739,103.9461,-90.0,6.7808,52.9203,0.429988,single,1,120
train_001504,Train-Target-001504,42.39526203,-83.38661035,1,68,182,1,optical,8.7147,64.3482,8.0,6.6671,54.5839,0.363045,single,1,120
train_000842,Train-Target-000842,43.06421094,76.40354883,2,36,178,1,sar,15.2449,94.9511,-90.0,8.1485,25.2260,0.342183,single,1,120
train_000008,Train-Target-000008,-4.90315293,-23.60354267,6,13,109,1,optical,8.0260,26.8057,8.0,6.6567,20.4828,0.322553,sequential,2,120
train_001810,Train-Target-001810,63.15426960,-122.81152944,5,165,216,1,optical,2.3182,17.4217,8.0,5.7632,54.0250,0.401093,simultaneous,2,120
train_001435,Train-Target-001435,-0.48301480,85.80184430,4,26,165,1,sar,10.5817,99.9159,-90.0,4.7960,62.5195,0.386629,sequential,2,120
train_002291,Train-Target-002291,7.38238982,-126.94049373,3,20,127,1,optical,3.3240,17.5128,8.0,6.3179,68.4312,0.244678,sequential,2,120
train_002843,Train-Target-002843,15.33804476,151.79420860,6,113,191,1,infrared,30.2102,80.3969,-90.0,7.1772,86.0205,0.237934,single,1,120
train_001266,Train-Target-001266,-78.85052272,117.87948180,9,171,235,1,optical,5.4451,22.1197,8.0,6.5975,87.9385,0.212613,simultaneous,2,120
train_000935,Train-Target-000935,-41.57988288,52.12850173,9,67,148,1,sar,11.5290,32.7863,-90.0,4.6488,33.1511,0.418609,single,1,120
train_002325,Train-Target-002325,13.87541923,-78.80281490,1,62,193,1,infrared,26.3980,56.0579,-90.0,5.4024,57.4980,0.217825,single,1,120
train_002197,Train-Target-002197,65.05266099,25.01290758,10,4,144,1,optical,9.2804,17.5884,8.0,8.3177,82.1880,0.317693,single,1,120
train_002178,Train-Target-002178,-33.47107585,32.15913293,6,63,209,1,optical,3.4106,39.1648,8.0,8.1231,60.4788,0.252720,single,1,120
train_002241,Train-Target-002241,70.18565511,61.36431897,1,75,190,1,optical,9.8968,64.5774,8.0,6.4197,67.1473,0.214472,simultaneous,2,120
train_002271,Train-Target-002271,18.17058226,126.96012724,8,62,180,1,sar,9.5479,109.4207,-90.0,5.3090,82.9859,0.284606,simultaneous,2,120
train_001498,Train-Target-001498,-20.73220555,104.65206875,6,80,234,1,optical,5.8910,14.5959,8.0,6.6121,43.8772,0.436984,single,1,120
train_002854,Train-Target-002854,-42.44318532,129.27197741,3,150,214,1,sar,14.8516,97.1224,-90.0,7.2266,57.1248,0.241020,single,1,120
train_000292,Train-Target-000292,-63.21847842,-47.30472905,6,66,206,1,sar,20.2447,32.5434,-90.0,6.4256,82.7351,0.361313,sequential,2,120
train_002566,Train-Target-002566,54.06958239,109.45600825,4,96,150,1,sar,20.3833,38.8417,-90.0,7.1911,35.9293,0.261795,single,1,120
train_001132,Train-Target-001132,-11.87403477,-20.92386320,8,158,203,1,optical,2.8520,51.4588,8.0,7.7799,28.6437,0.414767,sequential,2,120
train_002050,Train-Target-002050,-4.53616724,-23.48770944,9,72,202,1,optical,7.8390,64.0041,8.0,8.1392,46.5042,0.380338,sequential,2,120
train_000086,Train-Target-000086,-9.26522859,-81.10974429,5,104,152,1,optical,7.7350,62.9327,8.0,7.2011,42.4047,0.238827,sequential,2,120
train_001508,Train-Target-001508,-58.20940084,-117.13062340,5,17,174,1,optical,4.0746,63.1105,8.0,7.5658,84.1510,0.264578,single,1,120
train_000004,Train-Target-000004,25.37827481,-166.82397745,9,40,106,1,optical,4.6378,53.8891,8.0,6.5166,28.5319,0.209389,single,1,120
train_002909,Train-Target-002909,-72.91360609,152.14607507,2,70,181,1,infrared,23.2570,134.4194,-90.0,6.0444,42.8021,0.421258,single,1,120
train_000378,Train-Target-000378,52.45642782,82.71712677,4,19,82,1,optical,3.8465,31.7637,8.0,4.9227,64.9661,0.202124,single,1,120
train_000420,Train-Target-000420,-49.33672209,57.06469501,6,19,157,1,optical,7.2526,42.7158,8.0,4.5017,67.2474,0.267398,single,1,120
train_002330,Train-Target-002330,-7.54359142,-91.79514018,7,113,182,1,sar,21.7232,29.0472,-90.0,7.3118,29.9244,0.250863,single,1,120
train_001977,Train-Target-001977,-68.79267856,0.75874881,2,58,204,1,infrared,27.7515,96.2214,-90.0,5.2816,49.7912,0.275474,single,1,120
train_001018,Train-Target-001018,33.99186045,131.54980044,7,67,224,1,optical,5.8614,27.3962,8.0,7.3452,21.1332,0.379372,single,1,120
train_000206,Train-Target-000206,-17.31691255,65.61440350,1,80,226,1,optical,6.4146,45.9822,8.0,6.1551,49.2738,0.262616,single,1,120
train_002907,Train-Target-002907,55.17415828,-35.76187827,1,12,105,1,optical,5.5821,55.7371,8.0,5.2262,23.1018,0.184842,single,1,120
train_002738,Train-Target-002738,45.21147413,-152.48469382,1,169,220,1,optical,8.5123,53.4336,8.0,4.8642,32.5797,0.240724,single,1,120
train_000598,Train-Target-000598,45.01956282,-54.90064407,6,41,189,1,optical,3.0934,63.7504,8.0,5.4951,79.8299,0.416688,single,1,120
train_000806,Train-Target-000806,6.00515636,-105.33000614,2,24,125,1,sar,17.0613,104.6914,-90.0,5.9673,85.4760,0.379516,single,1,120
train_002501,Train-Target-002501,17.42130319,179.93314253,6,53,195,1,optical,8.0035,14.4977,8.0,7.0362,29.6517,0.384150,single,1,120
train_002981,Train-Target-002981,-41.19317081,35.96464674,8,83,126,1,optical,6.2107,12.7566,8.0,4.8099,40.2151,0.221848,single,1,120
train_002911,Train-Target-002911,-13.50965074,-174.27041063,5,90,233,1,sar,12.6064,28.4811,-90.0,7.2513,77.0832,0.185336,simultaneous,2,120
train_000107,Train-Target-000107,19.78997137,-51.79003382,5,174,230,1,optical,8.6917,49.7291,8.0,6.7467,62.7869,0.198701,single,1,120
train_001682,Train-Target-001682,45.32186564,-111.06611958,3,80,146,1,infrared,18.4962,99.5062,-90.0,6.0670,83.4148,0.412074,simultaneous,2,120
train_002609,Train-Target-002609,23.12294117,-154.48936743,7,162,226,1,optical,7.5506,40.6829,8.0,7.9031,87.3988,0.300105,single,1,120
train_001283,Train-Target-001283,-53.83495937,50.08691807,3,24,155,1,optical,5.2964,19.7164,8.0,5.6333,32.2451,0.330573,single,1,120
train_002483,Train-Target-002483,1.79446921,-57.49243227,7,12,154,1,sar,20.9279,62.5086,-90.0,5.9009,86.7117,0.276331,single,1,120
train_002374,Train-Target-002374,-50.06675710,-150.55245219,5,55,179,1,infrared,37.3025,96.0681,-90.0,6.3604,32.6316,0.424294,sequential,2,120
train_002689,Train-Target-002689,32.09060451,101.54796271,4,56,110,1,optical,5.0425,25.2684,8.0,8.3886,37.4275,0.362064,single,1,120
train_002224,Train-Target-002224,-0.16205968,-118.76439807,10,116,233,1,optical,2.7690,18.0825,8.0,5.7870,84.0609,0.346282,single,1,120
train_000013,Train-Target-000013,-25.27301100,-168.24966304,2,103,146,1,sar,11.4207,86.4087,-90.0,5.4192,79.2012,0.323111,sequential,2,120
train_001147,Train-Target-001147,-19.36576335,-172.64532001,1,66,144,1,optical,9.2879,51.0678,8.0,4.8613,54.3326,0.260608,single,1,120
train_001544,Train-Target-001544,-32.42924905,-85.37509355,6,155,202,1,optical,9.6014,46.5804,8.0,7.0206,61.0080,0.211558,single,1,120
train_002113,Train-Target-002113,-33.02551099,-84.70633939,7,51,127,1,sar,13.9727,89.4200,-90.0,7.9767,34.4195,0.341137,simultaneous,2,120
train_001976,Train-Target-001976,19.08342807,44.91397524,4,69,151,1,optical,6.0354,46.1293,8.0,5.1651,53.2545,0.182466,sequential,2,120
train_002232,Train-Target-002232,3.91287833,34.40807810,9,84,139,1,sar,10.8598,44.1675,-90.0,6.5306,55.5060,0.428414,single,1,120
train_000457,Train-Target-000457,9.24293946,-146.90182706,4,22,96,1,sar,16.7106,69.8991,-90.0,6.9929,32.2171,0.185663,single,1,120
train_000658,Train-Target-000658,-12.95392560,67.63828667,5,96,168,1,sar,12.6459,57.9238,-90.0,8.0876,71.8050,0.268093,single,1,120
train_000850,Train-Target-000850,-14.38362897,-140.01965145,4,50,145,1,optical,6.0393,10.5822,8.0,7.4580,33.3602,0.189921,single,1,120
train_001092,Train-Target-001092,3.55216650,7.06082248,6,78,141,1,sar,9.2875,32.9624,-90.0,5.0024,61.5920,0.363607,sequential,2,120
train_002460,Train-Target-002460,-13.92636341,152.65679168,2,11,161,1,optical,4.2486,54.9815,8.0,6.2109,77.2114,0.284239,sequential,2,120
train_001536,Train-Target-001536,-26.94394539,38.95379115,7,2,123,1,optical,3.0590,55.6208,8.0,5.2686,78.0746,0.435844,simultaneous,2,120
train_001691,Train-Target-001691,-32.99307093,-47.97048736,9,86,216,1,sar,8.1164,53.0262,-90.0,5.4676,75.9301,0.393945,single,1,120
train_001434,Train-Target-001434,-40.62695655,13.75381429,9,54,198,1,optical,2.5892,21.8177,8.0,5.8215,35.7306,0.429029,single,1,120
train_000563,Train-Target-000563,38.52225630,-167.87508192,5,108,238,1,optical,2.9574,16.6231,8.0,5.5202,32.4371,0.310228,simultaneous,2,120
train_001361,Train-Target-001361,60.66838365,74.45624081,9,79,189,1,optical,4.0695,42.8410,8.0,4.9440,23.4907,0.293474,single,1,120
train_002910,Train-Target-002910,-3.58078969,-30.81315778,4,115,183,1,sar,19.0080,30.2792,-90.0,6.5094,77.5070,0.361786,single,1,120
train_000796,Train-Target-000796,11.10549384,-126.60812501,7,23,82,1,infrared,35.5112,131.4232,-90.0,7.8698,33.6782,0.261056,single,1,120
train_001910,Train-Target-001910,-1.36532175,111.92414484,2,54,182,1,sar,17.0728,54.4401,-90.0,4.9108,69.2387,0.326952,sequential,2,120
train_002367,Train-Target-002367,-50.29424083,-124.74454310,1,97,222,1,optical,6.5730,15.7813,8.0,6.4982,40.8215,0.378609,single,1,120
train_002635,Train-Target-002635,-8.56323433,106.50751146,4,90,229,1,optical,9.2208,26.0312,8.0,5.5172,29.5499,0.376497,single,1,120
train_002504,Train-Target-002504,77.46404973,-159.38683438,6,49,204,1,sar,12.1531,49.9476,-90.0,6.9729,38.1544,0.335865,single,1,120
train_000780,Train-Target-000780,24.92789168,-88.88022106,5,35,158,1,sar,21.9377,87.1546,-90.0,6.6416,89.8047,0.318626,sequential,2,120
train_002120,Train-Target-002120,-34.60340400,12.28401592,10,16,161,1,optical,4.7049,29.4773,8.0,5.8035,62.1406,0.361944,single,1,120
train_001967,Train-Target-001967,14.86325496,-15.53534016,10,18,122,1,sar,15.1091,104.9853,-90.0,5.6905,34.3075,0.402643,single,1,120
train_002552,Train-Target-002552,37.85078486,8.89590656,4,64,174,1,optical,2.7788,17.2349,8.0,4.5422,83.6052,0.273879,single,1,120
train_000630,Train-Target-000630,16.54134198,80.37575115,2,11,134,1,sar,21.3176,81.2923,-90.0,7.2826,48.3877,0.413653,single,1,120
train_002132,Train-Target-002132,41.94978159,-75.18334044,8,65,213,1,optical,6.4620,27.7398,8.0,6.1888,37.0031,0.197965,sequential,2,120
train_003059,Train-Target-003059,-72.52445859,100.69565521,2,109,223,1,sar,11.9985,43.6481,-90.0,5.1557,46.4801,0.327814,sequential,2,120
train_001706,Train-Target-001706,13.08485624,-137.29846835,10,95,191,1,sar,20.0793,91.9662,-90.0,7.2882,26.1991,0.327068,sequential,2,120
train_002417,Train-Target-002417,-38.41502963,-21.60739601,3,8,137,1,infrared,32.3263,129.0766,-90.0,7.4460,80.2325,0.360655,sequential,2,120
train_000412,Train-Target-000412,3.73195494,92.24142712,7,12,129,1,optical,9.1706,20.0781,8.0,5.7804,75.2340,0.183225,single,1,120
train_001466,Train-Target-001466,59.28456598,-166.34175594,3,60,135,1,optical,3.9592,10.2802,8.0,7.4662,88.3485,0.336894,sequential,2,120
train_002919,Train-Target-002919,7.08496929,-42.11861240,2,147,227,1,optical,8.1347,43.6326,8.0,6.0882,71.0841,0.275853,simultaneous,2,120
train_001303,Train-Target-001303,-6.66665041,85.45532473,2,68,205,1,optical,2.6001,45.5690,8.0,7.1590,46.7079,0.370927,single,1,120
train_002600,Train-Target-002600,19.69912833,73.18208040,7,106,188,1,optical,4.7369,28.0080,8.0,5.6456,38.5629,0.358771,single,1,120
train_001069,Train-Target-001069,-52.02003310,30.67550088,9,68,157,1,infrared,23.6022,56.2766,-90.0,7.3943,58.4712,0.371452,single,1,120
train_000857,Train-Target-000857,-41.05004465,7.44992122,2,22,64,1,optical,6.7078,35.5315,8.0,7.0889,65.0372,0.306970,single,1,120
train_000814,Train-Target-000814,40.32561275,-47.97008239,8,20,156,1,infrared,22.2436,77.5159,-90.0,7.4797,44.5401,0.338608,sequential,2,120
train_000653,Train-Target-000653,9.15633988,-80.79800707,1,149,189,1,optical,6.3529,41.9906,8.0,8.2359,24.7665,0.299724,simultaneous,2,120
train_001552,Train-Target-001552,-56.43482106,-1.80863468,4,69,181,1,optical,2.3438,30.2536,8.0,6.5020,44.4944,0.320198,single,1,120
train_000221,Train-Target-000221,38.16062581,42.40949511,5,88,154,1,infrared,33.4394,109.3969,-90.0,7.5800,77.1166,0.310969,single,1,120
train_000228,Train-Target-000228,12.64062262,-35.48458215,8,50,173,1,sar,8.3832,39.7989,-90.0,6.5204,26.8763,0.188271,single,1,120
train_001660,Train-Target-001660,-8.92133356,144.32570183,10,71,196,1,optical,7.2371,40.3021,8.0,6.0853,84.7467,0.226752,sequential,2,120
train_000794,Train-Target-000794,-0.37720345,-22.36514095,7,17,129,1,optical,5.8568,56.1622,8.0,7.8083,26.5244,0.249687,sequential,2,120
train_002086,Train-Target-002086,-18.15870523,-48.23953349,1,77,210,1,sar,14.7306,99.6818,-90.0,5.7703,29.9639,0.213193,single,1,120
train_000422,Train-Target-000422,8.57860353,87.39108395,2,89,205,1,optical,6.5298,12.3554,8.0,5.5648,54.6252,0.346568,single,1,120
train_002227,Train-Target-002227,14.15033797,111.80415218,7,20,147,1,optical,8.4581,37.7859,8.0,4.9506,24.8096,0.375825,single,1,120
train_001496,Train-Target-001496,-47.74816797,34.76553644,2,114,181,1,infrared,29.8876,55.2694,-90.0,7.3242,48.8887,0.400378,single,1,120
train_000584,Train-Target-000584,-58.25381569,-27.28077747,2,77,152,1,optical,6.4787,10.3878,8.0,8.0734,65.2698,0.239825,single,1,120
train_000366,Train-Target-000366,-38.86585379,-164.75862444,7,119,163,1,sar,14.8924,44.7668,-90.0,8.3775,53.8021,0.218824,single,1,120
train_000057,Train-Target-000057,54.22978715,-49.26498776,9,54,109,1,sar,17.9129,108.0247,-90.0,6.9310,73.3199,0.399033,single,1,120
train_001057,Train-Target-001057,-30.44858562,95.43051355,5,15,88,1,optical,2.2229,17.8427,8.0,5.9353,66.9944,0.335527,sequential,2,120
train_002994,Train-Target-002994,60.89306538,96.82830570,6,66,203,1,optical,9.1807,11.6782,8.0,7.0601,56.9847,0.411211,single,1,120
train_000236,Train-Target-000236,51.75787153,109.63882276,6,35,146,1,optical,9.9630,63.2231,8.0,7.4700,42.9702,0.430070,sequential,2,120
train_001457,Train-Target-001457,22.50595006,167.63157247,2,97,201,1,optical,6.3676,18.4146,8.0,6.7898,79.3689,0.254837,single,1,120
train_002255,Train-Target-002255,-68.34189678,31.20299437,3,10,147,1,optical,5.2111,54.9270,8.0,5.2728,60.8238,0.360978,simultaneous,2,120
train_001049,Train-Target-001049,-10.57558759,177.53848099,3,83,201,1,optical,4.4122,57.3916,8.0,6.4511,71.1692,0.402066,single,1,120
train_000864,Train-Target-000864,-25.87766191,-40.47428987,2,176,228,1,optical,6.4432,30.4143,8.0,4.8452,24.9442,0.238155,simultaneous,2,120
train_002700,Train-Target-002700,61.08462143,111.01388683,2,5,159,1,optical,6.9621,16.3788,8.0,4.8192,82.5639,0.194154,single,1,120
train_000211,Train-Target-000211,13.75952240,61.41855933,1,108,154,1,infrared,22.3215,111.0574,-90.0,8.3914,79.0480,0.186099,single,1,120
train_001417,Train-Target-001417,-10.12357100,112.50518414,6,141,231,1,optical,6.8123,52.2580,8.0,7.3845,43.4553,0.283171,single,1,120
train_001372,Train-Target-001372,-25.49190534,-160.53045868,7,108,184,1,optical,7.8627,57.7993,8.0,8.3413,52.3945,0.327368,single,1,120
train_002164,Train-Target-002164,49.08582140,-63.24286399,7,70,208,1,optical,7.7688,61.6216,8.0,7.1088,71.0178,0.431164,single,1,120
train_002471,Train-Target-002471,10.33222278,-66.28834496,3,86,165,1,sar,20.5026,89.0743,-90.0,5.4309,37.8675,0.189370,single,1,120
train_002334,Train-Target-002334,57.08380194,59.67511960,3,35,107,1,optical,7.5902,39.4144,8.0,5.0703,33.4639,0.442060,single,1,120
train_001723,Train-Target-001723,42.13839189,156.01358275,10,47,171,1,optical,5.1486,30.9659,8.0,8.2016,50.0507,0.250133,single,1,120
train_000250,Train-Target-000250,-4.90316521,-41.42140645,10,100,194,1,sar,19.7482,55.5510,-90.0,7.0524,35.0172,0.274965,single,1,120
train_000099,Train-Target-000099,-64.75601438,-93.51670207,7,144,238,1,optical,5.4570,41.1733,8.0,5.8414,37.7403,0.220444,single,1,120
train_001366,Train-Target-001366,-74.75636460,-59.84644259,9,94,173,1,optical,5.7625,43.1755,8.0,5.9582,74.6239,0.308038,single,1,120
train_002170,Train-Target-002170,-76.40327850,92.57729335,9,43,155,1,optical,4.4971,56.1010,8.0,8.0323,36.0474,0.380022,single,1,120
train_002764,Train-Target-002764,-20.67949989,171.33419863,10,129,203,1,optical,7.2694,27.8699,8.0,7.6463,25.2512,0.362585,single,1,120
train_000554,Train-Target-000554,-17.63203814,142.68009059,4,20,69,1,sar,10.1449,105.3241,-90.0,7.9787,86.5965,0.312616,single,1,120
train_000549,Train-Target-000549,25.38129591,-44.25169938,4,31,174,1,sar,8.7284,50.7459,-90.0,4.8538,50.1114,0.317923,single,1,120
train_000981,Train-Target-000981,67.31822132,44.22574481,3,45,158,1,optical,8.4188,64.8559,8.0,8.3745,72.4662,0.410856,single,1,120
train_000382,Train-Target-000382,-30.56031151,167.52923376,6,72,230,1,optical,2.4581,47.9817,8.0,7.3370,60.2675,0.321593,single,1,120
train_001872,Train-Target-001872,-50.77332026,-83.97755127,8,140,207,1,sar,19.9818,101.7392,-90.0,6.9550,59.7960,0.300717,simultaneous,2,120
train_000505,Train-Target-000505,-45.74658957,159.71173228,8,54,107,1,infrared,23.7835,116.4854,-90.0,7.4878,43.9890,0.190407,simultaneous,2,120
train_000871,Train-Target-000871,63.75071427,-49.04432059,2,43,165,1,optical,8.1739,17.6686,8.0,8.1062,61.2103,0.313266,sequential,2,120
train_000272,Train-Target-000272,72.59601142,98.89722115,3,18,177,1,sar,11.0292,105.6073,-90.0,7.0227,46.9398,0.422511,single,1,120
train_001090,Train-Target-001090,15.57372402,-96.77576151,4,69,171,1,sar,13.5137,71.9405,-90.0,6.1136,35.1885,0.330115,simultaneous,2,120
train_000950,Train-Target-000950,31.11707761,26.13946347,4,58,105,1,optical,5.2668,26.2685,8.0,6.9020,33.8595,0.424180,simultaneous,2,120
train_000923,Train-Target-000923,-12.66903272,-12.01090209,10,79,220,1,sar,20.3627,28.1991,-90.0,5.9503,48.6824,0.340686,single,1,120
train_001089,Train-Target-001089,-24.41019557,84.80195047,2,116,234,1,optical,7.3022,47.7783,8.0,5.6702,74.2579,0.442254,single,1,120
train_002770,Train-Target-002770,21.15732419,-24.67503601,7,44,118,1,sar,18.7022,48.2963,-90.0,8.1340,23.0835,0.396426,sequential,2,120
train_003009,Train-Target-003009,-26.95376720,35.11706425,10,81,164,1,optical,5.8531,56.6334,8.0,7.1716,61.8665,0.251101,sequential,2,120
train_000140,Train-Target-000140,27.50711678,-18.34139626,5,68,212,1,optical,5.9932,54.2493,8.0,6.7449,50.3888,0.264715,single,1,120
train_001050,Train-Target-001050,33.31859758,-50.33968048,3,52,139,1,sar,11.0386,78.3603,-90.0,4.5625,56.5049,0.325017,single,1,120
train_000978,Train-Target-000978,-23.64818730,120.67412975,6,6,152,1,optical,6.7157,39.2285,8.0,5.3048,36.1584,0.206866,sequential,2,120
train_002821,Train-Target-002821,-51.69167637,62.18376112,3,132,232,1,optical,3.4362,15.9083,8.0,5.0311,42.6713,0.372305,single,1,120
train_002029,Train-Target-002029,-4.19732181,79.05726973,6,90,234,1,sar,12.4188,99.5486,-90.0,5.0608,73.5227,0.404553,single,1,120
train_001060,Train-Target-001060,20.70120086,48.27179851,1,8,146,1,sar,19.1193,76.1334,-90.0,8.3072,74.4377,0.278097,single,1,120
train_002160,Train-Target-002160,60.48817783,76.39428745,9,34,168,1,optical,5.1806,34.0278,8.0,7.3478,43.1011,0.254726,single,1,120
train_001932,Train-Target-001932,29.48361345,-68.56235265,8,32,137,1,optical,5.9505,29.3846,8.0,5.6425,38.8595,0.433549,single,1,120
train_002464,Train-Target-002464,-47.97024528,3.23248337,4,91,162,1,optical,5.1972,34.7609,8.0,6.2009,71.2306,0.229850,sequential,2,120
train_001323,Train-Target-001323,-67.62002929,104.41546641,1,122,197,1,optical,6.1954,20.8383,8.0,8.2771,66.5766,0.208137,single,1,120
train_000275,Train-Target-000275,69.08212771,176.14546474,8,66,128,1,optical,3.2266,39.1321,8.0,4.9618,37.2902,0.412597,simultaneous,2,120
train_002691,Train-Target-002691,-44.38852831,-134.19532459,8,136,229,1,optical,6.1165,10.6090,8.0,5.9145,59.9553,0.419902,sequential,2,120
train_002084,Train-Target-002084,69.09989131,130.40454763,4,24,124,1,optical,7.6710,39.5299,8.0,8.0631,72.5695,0.359838,single,1,120
train_002035,Train-Target-002035,31.72338169,-107.31143215,4,94,216,1,optical,8.4900,15.9408,8.0,5.2595,27.1579,0.182322,simultaneous,2,120
train_002240,Train-Target-002240,26.91955725,124.52639400,7,94,235,1,optical,6.0606,34.4629,8.0,5.3127,39.8424,0.287362,single,1,120
train_002337,Train-Target-002337,-20.62123919,32.36287286,10,173,222,1,sar,12.2083,88.7354,-90.0,7.2481,57.2299,0.254461,single,1,120
train_000277,Train-Target-000277,-53.55441653,-17.68719414,5,31,189,1,sar,20.7422,91.1928,-90.0,5.9549,33.9959,0.446674,single,1,120
train_000028,Train-Target-000028,39.07712857,-81.71126048,7,143,233,1,sar,18.7612,45.0072,-90.0,7.1040,79.9339,0.339423,single,1,120
train_002754,Train-Target-002754,-66.21672512,12.66822138,4,57,150,1,sar,11.0529,79.1467,-90.0,7.7718,25.8327,0.205404,single,1,120
train_001428,Train-Target-001428,3.01213740,46.90462262,6,30,127,1,infrared,35.2205,121.4776,-90.0,7.8832,68.8599,0.417250,single,1,120
train_000131,Train-Target-000131,-52.78020785,-91.60824558,6,22,169,1,optical,5.4410,46.8363,8.0,5.1485,61.1103,0.365010,sequential,2,120
train_003051,Train-Target-003051,-84.10791242,-30.11268096,3,166,233,1,optical,4.9875,63.4377,8.0,5.8054,23.5878,0.300393,single,1,120
train_001374,Train-Target-001374,-28.05987049,-93.56159091,8,39,185,1,sar,14.9238,39.3853,-90.0,8.1562,71.7514,0.347175,single,1,120
train_000518,Train-Target-000518,-38.46546745,-80.16576605,5,3,142,1,optical,4.5431,22.0172,8.0,5.0049,64.4587,0.375253,single,1,120
train_001210,Train-Target-001210,2.29436711,43.15406228,3,11,144,1,optical,4.6963,33.7842,8.0,5.1050,72.8377,0.340941,single,1,120
train_000546,Train-Target-000546,47.03954097,158.29809212,6,2,154,1,optical,8.1136,11.1791,8.0,5.0541,59.1496,0.411664,single,1,120
train_001677,Train-Target-001677,-18.25177388,-49.50153273,10,99,237,1,infrared,28.0032,110.4698,-90.0,5.0786,81.6847,0.434812,sequential,2,120
train_002047,Train-Target-002047,-13.64451084,155.82196672,2,41,197,1,sar,11.3995,53.9109,-90.0,8.0994,73.7786,0.401172,single,1,120
train_002263,Train-Target-002263,-52.28329007,72.04769994,5,106,191,1,optical,3.0699,12.1224,8.0,6.0323,62.2745,0.235596,single,1,120
train_001164,Train-Target-001164,26.66718695,9.74238002,1,21,143,1,optical,4.4264,19.4506,8.0,6.1382,78.1269,0.291576,single,1,120
train_000178,Train-Target-000178,-41.86194550,47.41280710,6,91,226,1,optical,6.9503,34.6788,8.0,6.3384,58.5653,0.373854,single,1,120
train_002950,Train-Target-002950,12.86168437,-165.53424813,7,30,156,1,optical,3.2448,62.9802,8.0,7.3873,55.0346,0.356952,sequential,2,120
train_002847,Train-Target-002847,21.53217853,102.82708790,7,98,162,1,optical,6.3939,15.9175,8.0,6.7176,42.3705,0.366034,single,1,120
train_000827,Train-Target-000827,-10.60735147,63.42895637,6,4,58,1,optical,9.3932,59.9381,8.0,7.6000,38.6329,0.404950,single,1,120
train_001716,Train-Target-001716,-59.63557324,106.54292171,3,145,193,1,optical,4.3741,37.6266,8.0,7.7915,87.2608,0.364751,single,1,120
train_001597,Train-Target-001597,-56.09832339,73.16059554,4,62,218,1,optical,7.7922,14.6695,8.0,6.9403,83.3519,0.217287,sequential,2,120
train_002252,Train-Target-002252,43.99495765,-60.00578050,3,23,83,1,sar,15.3790,53.1543,-90.0,5.8003,35.3675,0.441416,single,1,120
train_001343,Train-Target-001343,67.44039796,-130.91932933,9,54,194,1,optical,2.6795,47.5020,8.0,8.3764,44.2260,0.281620,sequential,2,120
train_000503,Train-Target-000503,29.38201257,-119.23764781,9,57,145,1,sar,21.1273,74.7292,-90.0,7.9077,84.0966,0.348870,single,1,120
train_001625,Train-Target-001625,58.16477913,156.47088905,4,122,210,1,sar,18.8223,104.1617,-90.0,6.4334,68.2930,0.299357,sequential,2,120
train_000840,Train-Target-000840,-46.21925856,-127.18412375,4,37,178,1,optical,3.3444,51.4936,8.0,6.3476,58.2297,0.251877,simultaneous,2,120
train_000820,Train-Target-000820,-21.70990988,141.64222236,10,17,151,1,sar,17.7357,42.1002,-90.0,7.7498,71.9994,0.401008,single,1,120
train_002198,Train-Target-002198,69.40767970,-89.20167023,4,28,96,1,sar,14.8746,95.3488,-90.0,6.8597,56.8022,0.372078,single,1,120
train_002006,Train-Target-002006,-43.32869776,79.23433576,4,116,199,1,sar,15.8220,40.5099,-90.0,6.6649,20.3221,0.249361,simultaneous,2,120
train_000134,Train-Target-000134,-29.78883493,-69.74509384,8,40,122,1,optical,5.4049,31.8866,8.0,8.1944,65.5683,0.337654,single,1,120
train_002051,Train-Target-002051,-36.94222613,155.54967992,2,36,134,1,optical,6.8584,32.8621,8.0,6.5394,38.6512,0.350501,single,1,120
train_002362,Train-Target-002362,31.39414838,-85.55325823,6,60,148,1,optical,8.4364,59.5596,8.0,6.0168,73.6924,0.181739,single,1,120
train_000101,Train-Target-000101,35.80171788,-112.46020120,1,89,217,1,optical,9.3496,41.2605,8.0,6.1024,45.8507,0.276171,single,1,120
train_001155,Train-Target-001155,-4.38738362,-91.90855632,5,23,173,1,optical,8.0857,10.8151,8.0,6.7211,60.7237,0.364495,single,1,120
train_001595,Train-Target-001595,-80.81815875,-59.12901955,9,68,182,1,infrared,38.4057,57.0551,-90.0,6.4005,56.7621,0.324300,single,1,120
train_002039,Train-Target-002039,71.24849340,19.75596174,5,19,98,1,sar,13.4411,63.3786,-90.0,6.3978,38.9116,0.426215,single,1,120
train_000536,Train-Target-000536,-3.94182567,-114.70609501,5,95,228,1,sar,12.5618,76.8477,-90.0,8.1014,40.4651,0.289936,single,1,120
train_002518,Train-Target-002518,27.83068652,-62.66153644,7,32,157,1,sar,21.0345,54.1276,-90.0,6.8974,24.7505,0.356593,single,1,120
train_002275,Train-Target-002275,4.65648990,18.74357617,10,33,136,1,sar,19.5709,48.2097,-90.0,5.2925,38.0551,0.377871,single,1,120
train_000608,Train-Target-000608,5.67738553,68.79686457,4,54,199,1,optical,9.2897,56.0036,8.0,4.9447,70.4299,0.232280,single,1,120
train_000224,Train-Target-000224,-16.82188592,-107.14488054,5,44,199,1,optical,9.4754,63.7803,8.0,5.3544,34.8632,0.282372,single,1,120
train_001252,Train-Target-001252,43.26437842,100.62263920,3,167,215,1,optical,5.5225,62.7579,8.0,6.1783,31.7772,0.217165,single,1,120
train_002833,Train-Target-002833,-69.00086693,-97.27156631,7,122,205,1,infrared,18.9571,136.3985,-90.0,8.2260,53.4060,0.208693,single,1,120
train_000093,Train-Target-000093,3.43932796,175.06126994,9,109,167,1,sar,21.9586,31.2103,-90.0,6.1317,51.8754,0.427080,single,1,120
train_001813,Train-Target-001813,-55.93013278,147.27718004,7,57,134,1,optical,4.9800,33.4819,8.0,4.7673,88.0759,0.204594,simultaneous,2,120
train_002370,Train-Target-002370,-36.61849996,121.15364345,7,120,194,1,optical,9.6875,16.9702,8.0,6.9070,41.1786,0.442993,single,1,120
train_001264,Train-Target-001264,8.14418501,151.91860780,7,109,206,1,optical,2.7561,20.8795,8.0,6.6073,52.3088,0.441141,single,1,120
train_002762,Train-Target-002762,20.21119674,62.95248823,10,91,155,1,optical,7.2323,37.8565,8.0,6.3083,62.4193,0.240310,single,1,120
train_002965,Train-Target-002965,23.42086515,-114.49395800,4,30,102,1,sar,17.3103,107.1131,-90.0,4.8433,52.5477,0.260244,single,1,120
train_002189,Train-Target-002189,12.04865235,-93.96039716,1,119,187,1,sar,13.0179,25.6695,-90.0,6.4702,81.2017,0.263284,single,1,120
train_002848,Train-Target-002848,-22.08182933,-162.84229620,1,5,80,1,infrared,21.9609,48.6681,-90.0,5.9035,83.4418,0.311769,single,1,120
train_000044,Train-Target-000044,47.61249607,140.50699593,5,28,113,1,optical,9.0198,53.5253,8.0,6.0388,59.6291,0.248256,single,1,120
train_000649,Train-Target-000649,13.44117453,-142.31813604,7,162,235,1,sar,17.9292,69.7339,-90.0,7.0650,61.9335,0.393437,single,1,120
train_002490,Train-Target-002490,-8.03529368,-38.15954791,8,38,147,1,sar,9.7180,47.4119,-90.0,7.9376,27.6283,0.238932,single,1,120
train_002890,Train-Target-002890,-19.05851235,-15.81990877,6,0,68,1,optical,7.2700,21.6354,8.0,8.1179,49.4765,0.343594,single,1,120
train_000687,Train-Target-000687,66.12720130,42.68396205,1,36,182,1,optical,6.3869,20.1008,8.0,7.1269,28.4177,0.261487,single,1,120
train_001661,Train-Target-001661,36.76981747,131.68088234,1,15,62,1,optical,8.7659,20.9068,8.0,7.7135,22.0147,0.399262,single,1,120
train_000376,Train-Target-000376,37.52219349,173.78707079,9,125,167,1,optical,5.3600,63.5975,8.0,4.7129,23.0626,0.251222,single,1,120
train_002558,Train-Target-002558,21.50117934,-136.90763171,7,8,140,1,optical,9.4028,13.1102,8.0,8.2661,23.2233,0.441325,sequential,2,120
train_000147,Train-Target-000147,-70.61476538,-64.13703166,7,1,123,1,sar,18.7209,107.3095,-90.0,4.9203,58.9447,0.204291,single,1,120
train_002407,Train-Target-002407,-48.54756076,51.04014479,6,14,68,1,optical,4.8376,20.7682,8.0,5.1364,85.8927,0.352320,simultaneous,2,120
train_000047,Train-Target-000047,31.93051358,6.42929007,10,54,142,1,infrared,27.2666,94.8072,-90.0,7.3689,20.4421,0.230584,simultaneous,2,120
train_001085,Train-Target-001085,-34.12595693,87.44834227,9,84,168,1,sar,17.6349,29.6809,-90.0,5.9987,39.6841,0.387085,simultaneous,2,120
train_001470,Train-Target-001470,56.99578441,27.89148008,3,93,155,1,optical,7.2273,56.4972,8.0,7.9679,30.5321,0.245951,single,1,120
train_000962,Train-Target-000962,-25.92850358,-120.76918204,5,167,209,1,sar,16.8602,27.7471,-90.0,7.8546,81.0907,0.320312,single,1,120
train_002633,Train-Target-002633,-8.71768899,-18.65152532,9,36,108,1,optical,6.3011,53.2574,8.0,5.3001,55.2498,0.399479,single,1,120
train_001002,Train-Target-001002,-82.52587720,-148.35761872,2,36,107,1,infrared,39.7592,102.0743,-90.0,5.4178,54.2640,0.335272,single,1,120
train_000204,Train-Target-000204,-68.82679698,110.96672734,10,50,166,1,optical,5.7103,24.0924,8.0,8.0921,74.2070,0.225537,single,1,120
train_002723,Train-Target-002723,-27.41873276,123.19301507,10,118,199,1,sar,10.6285,35.1936,-90.0,4.7418,56.3648,0.371161,simultaneous,2,120
train_002110,Train-Target-002110,-2.01545548,69.64314134,8,144,228,1,optical,4.2091,45.7592,8.0,6.1878,40.2056,0.298162,single,1,120
train_001173,Train-Target-001173,32.51555810,89.77590005,4,43,182,1,sar,13.4763,66.5074,-90.0,7.5202,43.3528,0.334076,single,1,120
train_001636,Train-Target-001636,4.50198689,-22.22372693,10,133,223,1,sar,8.4075,65.3751,-90.0,7.2922,43.3964,0.271905,single,1,120
train_002376,Train-Target-002376,47.45641433,47.11600662,9,53,133,1,infrared,21.7072,72.5730,-90.0,5.7535,36.9919,0.186418,single,1,120
train_001127,Train-Target-001127,-40.45750590,121.15982175,6,50,173,1,optical,2.9855,23.4354,8.0,4.8524,81.6026,0.235498,single,1,120
train_002342,Train-Target-002342,-48.57525606,-45.15824197,10,125,172,1,infrared,39.3296,127.8718,-90.0,5.6348,69.6948,0.372355,single,1,120
train_001879,Train-Target-001879,-30.18542327,-97.12220648,3,23,74,1,infrared,29.5130,143.6853,-90.0,4.5649,67.6818,0.353303,sequential,2,120
train_001273,Train-Target-001273,-0.78426351,-155.91551674,1,16,62,1,sar,15.1837,96.7375,-90.0,5.6197,75.7209,0.204434,single,1,120
train_001461,Train-Target-001461,-50.32729965,28.33573453,4,61,213,1,optical,6.8477,59.7533,8.0,7.6402,40.1344,0.335304,simultaneous,2,120
train_001392,Train-Target-001392,-49.99874360,106.06524235,7,4,157,1,infrared,20.9915,91.7567,-90.0,6.8605,66.6269,0.286244,single,1,120
train_000053,Train-Target-000053,50.71111743,-131.39691659,9,122,224,1,optical,2.1369,34.7146,8.0,4.8516,68.0738,0.432776,single,1,120
train_002842,Train-Target-002842,-48.85850840,-143.99120127,10,61,200,1,sar,17.4676,37.5944,-90.0,7.4816,21.7708,0.269950,single,1,120
train_000641,Train-Target-000641,35.60029631,-117.23885537,9,41,83,1,optical,9.3243,21.4017,8.0,8.3262,66.4728,0.246281,single,1,120
train_002673,Train-Target-002673,10.58066233,149.52364118,7,120,161,1,sar,17.6173,76.9955,-90.0,6.2649,74.8756,0.421478,single,1,120
train_000491,Train-Target-000491,-21.71677204,-48.84344008,3,104,159,1,infrared,34.2978,98.0016,-90.0,5.0167,31.4075,0.281185,single,1,120
train_000189,Train-Target-000189,-2.46689697,-81.57213164,4,42,167,1,infrared,18.0646,136.8585,-90.0,5.7556,64.1085,0.231291,sequential,2,120
train_001267,Train-Target-001267,-68.43110564,160.17525905,1,94,225,1,optical,2.0643,63.0622,8.0,6.7123,56.3028,0.349965,simultaneous,2,120
train_002166,Train-Target-002166,26.24543771,-29.49350487,9,75,234,1,optical,5.5259,40.2127,8.0,8.0061,65.6803,0.211218,sequential,2,120
train_001678,Train-Target-001678,62.86332608,-19.06822883,10,85,235,1,sar,11.1469,60.7565,-90.0,6.2746,33.6096,0.335811,sequential,2,120
train_002599,Train-Target-002599,64.16604152,-114.01785751,7,184,229,1,sar,12.6795,46.6304,-90.0,5.8124,67.0454,0.206263,sequential,2,120
train_000629,Train-Target-000629,10.14338408,16.57555597,7,104,233,1,infrared,27.6748,105.2097,-90.0,4.5092,70.0787,0.343894,single,1,120
train_001645,Train-Target-001645,-13.55094962,-31.18062761,7,3,118,1,optical,7.0798,53.3913,8.0,7.8886,23.2825,0.249438,single,1,120
train_002798,Train-Target-002798,-6.56574712,-33.84320453,4,20,64,1,optical,2.2421,57.5653,8.0,5.2348,33.7252,0.259053,single,1,120
train_002106,Train-Target-002106,66.29987288,47.55438149,8,12,127,1,sar,15.0815,95.8764,-90.0,5.9945,69.0282,0.432948,sequential,2,120
train_001383,Train-Target-001383,-70.55738504,51.47862666,6,47,122,1,optical,9.8520,17.7406,8.0,7.0408,80.6862,0.332478,single,1,120
train_002116,Train-Target-002116,-44.85337051,-65.65377598,4,53,186,1,optical,7.5529,58.6195,8.0,5.1615,63.8515,0.270528,sequential,2,120
train_002283,Train-Target-002283,71.24604464,-46.25113919,5,11,116,1,optical,9.2765,12.7167,8.0,7.5894,33.0055,0.386198,single,1,120
train_000332,Train-Target-000332,56.35601400,-60.55460169,5,15,136,1,optical,3.7642,41.1061,8.0,5.3432,61.0724,0.358873,single,1,120
train_001359,Train-Target-001359,30.11516357,-52.00230581,3,150,204,1,optical,4.5906,54.8234,8.0,7.3506,50.6855,0.320778,single,1,120
train_001161,Train-Target-001161,53.08069227,-88.83354467,9,92,164,1,optical,9.4426,38.2719,8.0,6.3471,20.9998,0.200098,single,1,120
train_001638,Train-Target-001638,-24.28601841,-1.70243908,6,138,216,1,optical,3.6758,41.0272,8.0,5.3995,58.5079,0.438656,single,1,120
train_001715,Train-Target-001715,-10.49570358,8.74637729,2,70,180,1,sar,12.0664,100.3998,-90.0,7.5920,80.9953,0.218480,single,1,120
train_001629,Train-Target-001629,58.99709656,89.28467669,4,35,179,1,optical,4.1198,24.5622,8.0,7.8231,30.5152,0.395824,single,1,120
train_000977,Train-Target-000977,-27.73535831,5.21753864,7,100,215,1,sar,19.7016,55.9790,-90.0,5.8725,22.5887,0.199540,sequential,2,120
train_001108,Train-Target-001108,-62.32649515,-69.49252034,9,62,143,1,optical,7.4392,11.6090,8.0,7.2054,74.4133,0.396186,single,1,120
train_002398,Train-Target-002398,82.44386849,-60.31921172,6,67,130,1,optical,9.4253,18.4192,8.0,7.8618,31.7333,0.286317,single,1,120
train_001928,Train-Target-001928,-66.54124948,-67.44742539,6,165,220,1,optical,2.2714,12.0491,8.0,4.9852,47.5667,0.446775,simultaneous,2,120
train_000748,Train-Target-000748,39.94201546,-89.80756047,3,90,230,1,infrared,36.2069,83.7384,-90.0,7.5982,33.8446,0.192058,single,1,120
train_000692,Train-Target-000692,19.61909190,-86.28937520,2,82,124,1,sar,16.1680,32.0877,-90.0,8.2381,30.4377,0.382789,single,1,120
train_000583,Train-Target-000583,-39.15605824,29.95812310,5,71,131,1,optical,8.7875,12.5785,8.0,6.5932,86.9506,0.256022,single,1,120
train_000738,Train-Target-000738,20.28890829,3.44187700,6,70,147,1,optical,3.6622,24.5692,8.0,7.6670,23.5450,0.208921,sequential,2,120
train_000172,Train-Target-000172,-59.23343395,-175.94926599,4,98,224,1,sar,10.9339,71.8825,-90.0,5.3771,70.2550,0.385135,simultaneous,2,120
train_000492,Train-Target-000492,0.36740116,-148.13228882,10,52,204,1,sar,8.6228,82.6301,-90.0,5.7770,70.0014,0.343274,single,1,120
train_000640,Train-Target-000640,4.96459053,-76.93650691,4,105,187,1,optical,4.1561,10.4458,8.0,5.3411,28.5144,0.355381,single,1,120
train_003021,Train-Target-003021,5.83168634,-146.04057666,6,182,238,1,sar,12.3803,45.3322,-90.0,6.5229,23.4074,0.298473,single,1,120
train_001761,Train-Target-001761,22.40678068,-139.29368134,7,89,206,1,sar,11.8508,60.1313,-90.0,5.6520,79.7855,0.332075,single,1,120
train_001704,Train-Target-001704,-22.54025830,147.63529693,3,88,148,1,optical,6.2635,53.3410,8.0,5.0936,58.2539,0.237379,single,1,120
train_002052,Train-Target-002052,73.85190301,-173.04765596,7,174,221,1,sar,19.1364,65.4881,-90.0,7.2149,66.7464,0.395529,single,1,120
train_002652,Train-Target-002652,-23.63338231,142.10527416,1,72,200,1,sar,21.1156,93.5704,-90.0,5.8923,43.2024,0.290948,single,1,120
train_000768,Train-Target-000768,-5.74431095,-43.75026927,7,24,66,1,optical,5.5203,55.1468,8.0,6.2151,35.1541,0.188370,sequential,2,120
train_001084,Train-Target-001084,38.34993114,-104.66396084,10,46,110,1,optical,6.6718,35.9118,8.0,8.2871,45.5975,0.263562,sequential,2,120
train_002761,Train-Target-002761,48.96051123,92.37460826,1,46,190,1,infrared,32.0101,141.6497,-90.0,8.0783,39.2003,0.388481,single,1,120
train_003066,Train-Target-003066,-57.14766368,24.28233433,7,53,201,1,infrared,30.1054,80.5377,-90.0,6.8703,67.8415,0.383817,sequential,2,120
train_002021,Train-Target-002021,28.89680802,70.24210681,3,68,131,1,optical,4.5757,17.3895,8.0,4.9306,49.1401,0.228037,single,1,120
train_002838,Train-Target-002838,57.91435494,10.86777404,8,76,121,1,optical,8.7100,51.3011,8.0,4.6256,45.9225,0.363245,sequential,2,120
train_000450,Train-Target-000450,-53.44619241,115.57842358,10,37,112,1,infrared,24.8848,71.6654,-90.0,4.7072,59.5108,0.363454,simultaneous,2,120
train_002884,Train-Target-002884,38.09824135,60.13482952,1,109,219,1,optical,5.7686,29.6427,8.0,4.6932,63.0902,0.320982,single,1,120
train_000444,Train-Target-000444,53.11888507,68.32364836,5,70,152,1,sar,10.8703,46.2772,-90.0,6.4645,26.4848,0.223620,simultaneous,2,120
train_000448,Train-Target-000448,-56.79594714,83.92838573,7,42,135,1,infrared,22.6526,143.8273,-90.0,5.4430,35.6326,0.429160,single,1,120
train_001429,Train-Target-001429,50.15087142,-149.63422448,2,121,234,1,sar,21.0253,47.7625,-90.0,5.2333,26.2377,0.434577,single,1,120
train_001505,Train-Target-001505,26.56553781,115.51958775,4,139,233,1,sar,20.8259,69.2905,-90.0,4.6545,29.2978,0.273467,single,1,120
train_000433,Train-Target-000433,49.58470953,-116.42632326,1,81,188,1,sar,21.4519,101.9284,-90.0,6.6583,38.9256,0.183946,single,1,120
train_002748,Train-Target-002748,58.34045794,123.69676519,2,82,233,1,infrared,27.1383,93.0627,-90.0,7.4728,69.1030,0.210329,single,1,120
train_002844,Train-Target-002844,-74.57623349,17.33545010,9,78,225,1,optical,5.0243,10.4174,8.0,7.7486,73.5783,0.369377,simultaneous,2,120
train_000083,Train-Target-000083,13.54378257,65.27350157,4,48,199,1,optical,4.5466,48.4610,8.0,6.3794,50.4300,0.337076,single,1,120
train_001845,Train-Target-001845,38.63285126,-109.51191166,10,23,113,1,optical,9.0916,15.8758,8.0,7.2814,89.2627,0.224332,single,1,120
train_001259,Train-Target-001259,-46.92772122,133.56766778,1,13,165,1,optical,7.8950,19.6971,8.0,5.6979,65.0164,0.421158,single,1,120
train_002349,Train-Target-002349,56.88403839,20.27326956,7,64,213,1,optical,3.3120,29.1045,8.0,8.0210,41.6943,0.389388,single,1,120
train_000483,Train-Target-000483,-21.58462084,-144.26628622,6,45,116,1,infrared,38.1914,102.7683,-90.0,5.5698,88.7921,0.289329,single,1,120
train_000527,Train-Target-000527,45.68412102,-138.30971082,5,26,171,1,optical,2.9423,12.5195,8.0,5.5005,24.6797,0.445513,single,1,120
train_000708,Train-Target-000708,-8.61150304,84.73837374,4,60,173,1,optical,6.5597,58.7164,8.0,7.6832,89.1804,0.270295,single,1,120
train_002548,Train-Target-002548,55.24182349,-12.80005247,9,92,171,1,infrared,18.6461,99.0265,-90.0,6.3443,61.7264,0.273601,single,1,120
train_002515,Train-Target-002515,48.78231163,170.35942530,1,73,166,1,sar,17.5140,52.3574,-90.0,4.7245,22.0531,0.293032,single,1,120
train_000470,Train-Target-000470,-25.94832429,175.57115260,9,49,115,1,optical,6.1044,40.7093,8.0,7.7079,28.6829,0.272568,single,1,120
train_000427,Train-Target-000427,-13.94518105,7.80305384,4,117,210,1,optical,5.5055,47.0670,8.0,8.2731,54.8139,0.351230,single,1,120
train_002425,Train-Target-002425,-2.75517548,-63.32805893,9,7,141,1,optical,7.9707,35.5086,8.0,8.1610,64.8562,0.382376,sequential,2,120
train_000362,Train-Target-000362,-16.59382396,75.32454954,1,124,201,1,optical,5.8429,49.5320,8.0,5.1962,53.9630,0.388378,single,1,120
train_001796,Train-Target-001796,-69.66232596,96.48494987,8,45,91,1,optical,3.9279,64.3846,8.0,4.9829,75.2389,0.280097,single,1,120
train_002863,Train-Target-002863,29.60684241,-13.53811862,9,0,77,1,sar,9.6461,31.5345,-90.0,7.8738,47.6464,0.240018,single,1,120
train_003061,Train-Target-003061,-30.41649923,-50.64895045,5,168,227,1,optical,5.8969,32.1267,8.0,7.1075,87.2137,0.298844,single,1,120
train_001934,Train-Target-001934,75.42735715,83.29282874,3,142,211,1,optical,4.7914,28.9752,8.0,6.5106,85.9533,0.225639,simultaneous,2,120
train_003011,Train-Target-003011,63.17414821,105.49870675,1,38,103,1,sar,15.5329,56.0740,-90.0,5.6468,68.5291,0.257680,single,1,120
train_000252,Train-Target-000252,25.87311085,-62.04639726,9,154,224,1,optical,4.9435,55.1527,8.0,7.9090,64.8248,0.371194,sequential,2,120
train_000725,Train-Target-000725,-43.45933799,150.44495351,2,40,105,1,optical,5.2045,50.9338,8.0,5.4900,72.0744,0.180244,single,1,120
train_001628,Train-Target-001628,55.50147953,120.95874193,5,125,226,1,optical,2.0213,50.1661,8.0,7.5909,46.8400,0.180283,single,1,120
train_001187,Train-Target-001187,17.50546203,54.79563605,7,36,147,1,infrared,26.0885,121.8315,-90.0,7.1570,32.7694,0.308110,simultaneous,2,120
train_000333,Train-Target-000333,37.58051372,-54.93513097,9,88,203,1,optical,2.2211,17.9726,8.0,8.1637,61.3069,0.203774,sequential,2,120
train_000571,Train-Target-000571,-32.52811267,-145.52791783,4,11,152,1,optical,5.4812,51.5601,8.0,4.6728,46.6480,0.227802,single,1,120
train_002825,Train-Target-002825,12.13681896,-151.88642246,6,59,217,1,sar,10.1165,107.2135,-90.0,6.3266,57.9898,0.355787,single,1,120
train_000476,Train-Target-000476,-21.31171069,39.76045931,8,63,180,1,sar,17.1704,73.3570,-90.0,5.7932,74.8114,0.255507,simultaneous,2,120
train_000636,Train-Target-000636,-22.27310350,-43.66723967,10,135,217,1,infrared,38.2792,65.5593,-90.0,7.6222,23.1630,0.298791,single,1,120
train_000469,Train-Target-000469,22.85918399,156.56040120,3,51,130,1,optical,8.7941,33.4901,8.0,7.7847,22.9611,0.377542,sequential,2,120
train_003016,Train-Target-003016,-12.59163028,108.06226083,4,83,222,1,sar,12.1443,95.6631,-90.0,7.5187,20.3568,0.362196,single,1,120
train_000540,Train-Target-000540,3.40678421,-26.52511741,10,21,126,1,sar,17.9936,47.6670,-90.0,6.0269,41.3545,0.406441,sequential,2,120
train_002855,Train-Target-002855,-40.96110973,-172.61733741,4,126,196,1,sar,18.9169,34.4072,-90.0,5.8818,50.2632,0.183437,single,1,120
train_000526,Train-Target-000526,-42.86383729,7.41365202,2,91,146,1,optical,7.7725,48.5530,8.0,4.9964,61.5542,0.416172,simultaneous,2,120
train_001421,Train-Target-001421,9.82258455,-141.87671656,2,52,186,1,sar,18.6021,96.3811,-90.0,7.4369,20.3710,0.415449,single,1,120
train_000900,Train-Target-000900,12.06587749,-25.48883896,9,82,167,1,optical,2.9067,10.9552,8.0,7.7517,42.5967,0.290136,sequential,2,120
train_000355,Train-Target-000355,50.34395349,27.02548870,8,76,144,1,optical,7.2976,34.9667,8.0,4.5326,45.3184,0.307441,simultaneous,2,120
train_002079,Train-Target-002079,27.65174651,-43.18937152,5,16,64,1,sar,20.2779,87.3547,-90.0,5.3933,32.9832,0.444636,sequential,2,120
train_001258,Train-Target-001258,-70.94235601,177.39987114,3,24,126,1,optical,4.5662,62.4508,8.0,6.5282,65.1743,0.197037,sequential,2,120
train_001100,Train-Target-001100,-38.91465165,-135.15996131,10,31,105,1,sar,13.7999,63.5140,-90.0,5.9194,34.6063,0.401999,single,1,120
train_001312,Train-Target-001312,63.48651593,-105.35480144,7,151,239,1,optical,3.4111,10.4904,8.0,5.9522,81.8226,0.245023,sequential,2,120
train_002502,Train-Target-002502,30.93166021,-93.18593843,5,26,178,1,optical,7.9837,20.5275,8.0,5.3524,21.6064,0.229665,simultaneous,2,120
train_000576,Train-Target-000576,-36.95146625,-131.62673992,5,55,106,1,optical,6.2970,38.4391,8.0,7.3280,26.7973,0.345104,sequential,2,120
train_002554,Train-Target-002554,-15.30969754,-94.21957834,8,79,212,1,sar,14.6567,83.6700,-90.0,6.3936,78.0059,0.310392,single,1,120
train_001025,Train-Target-001025,-21.38960851,55.44780831,9,103,235,1,optical,8.5760,22.1986,8.0,7.2597,64.2653,0.193270,sequential,2,120
train_000519,Train-Target-000519,-57.08781465,143.66738309,1,55,164,1,optical,3.0884,61.2705,8.0,5.8547,79.2805,0.317304,sequential,2,120
train_002869,Train-Target-002869,-26.27287287,-122.02311488,9,86,162,1,sar,9.2217,34.6950,-90.0,5.4770,38.2135,0.215732,sequential,2,120
train_002287,Train-Target-002287,57.74711328,-28.28716396,4,126,212,1,sar,13.4155,45.1118,-90.0,5.6577,46.6251,0.307672,simultaneous,2,120
train_001893,Train-Target-001893,-51.04280717,145.54118758,5,3,114,1,optical,9.7702,44.3380,8.0,7.2140,29.0852,0.416078,single,1,120
train_000488,Train-Target-000488,-38.00202511,87.66851758,1,5,70,1,infrared,29.6608,63.6891,-90.0,7.7576,73.5444,0.447210,single,1,120
train_002866,Train-Target-002866,13.00665965,7.89118074,8,4,125,1,optical,3.3355,44.5127,8.0,7.5448,67.4444,0.311212,sequential,2,120
train_002668,Train-Target-002668,-49.27017252,-75.94545744,5,52,131,1,optical,3.1563,33.5504,8.0,6.9488,83.6835,0.356872,single,1,120
train_002608,Train-Target-002608,-60.35214540,-111.64067626,8,140,201,1,sar,14.2427,86.7738,-90.0,7.6391,45.5420,0.221080,simultaneous,2,120
train_000465,Train-Target-000465,35.21327606,-3.26232832,8,37,195,1,optical,8.0563,35.1878,8.0,6.3597,37.4682,0.230729,sequential,2,120
train_002360,Train-Target-002360,-56.18844380,96.57190511,1,177,229,1,sar,10.3742,48.7246,-90.0,5.0596,68.7379,0.426468,single,1,120
train_000385,Train-Target-000385,38.85979987,-68.80599070,6,49,203,1,optical,3.1977,25.0896,8.0,5.7627,77.0176,0.387663,single,1,120
train_000495,Train-Target-000495,77.72802231,157.77072975,8,77,208,1,sar,17.4578,59.0089,-90.0,6.1207,73.8834,0.329915,simultaneous,2,120
train_001066,Train-Target-001066,-52.33459219,-60.80620394,6,41,130,1,infrared,32.4470,108.1478,-90.0,8.2083,54.0432,0.427229,single,1,120
train_000997,Train-Target-000997,-10.52832598,132.82675781,9,137,211,1,sar,8.1534,55.6365,-90.0,5.6019,67.5791,0.256827,single,1,120
train_000056,Train-Target-000056,44.31435358,-27.35465448,9,122,178,1,sar,19.4480,41.1107,-90.0,5.6876,27.2120,0.349080,simultaneous,2,120
train_002528,Train-Target-002528,-11.02411658,-134.12157299,6,58,188,1,optical,6.9359,28.5322,8.0,6.1906,75.4015,0.391416,sequential,2,120
train_002090,Train-Target-002090,9.90871629,-24.88036895,10,47,191,1,sar,16.7298,89.5217,-90.0,4.9391,23.7361,0.213557,single,1,120
train_000019,Train-Target-000019,-7.38845956,-168.15451813,3,57,205,1,optical,4.1181,17.3126,8.0,5.8429,31.5100,0.395003,single,1,120
train_003063,Train-Target-003063,79.77455143,29.62148624,4,86,158,1,optical,2.4542,20.8195,8.0,7.6257,66.1396,0.269264,single,1,120
train_002424,Train-Target-002424,61.48413132,-99.45573766,3,37,94,1,optical,7.6241,50.1219,8.0,5.5369,67.8624,0.183773,sequential,2,120
train_000280,Train-Target-000280,17.95583449,-140.04146662,4,44,96,1,optical,6.8416,26.9535,8.0,5.2556,27.1043,0.331236,single,1,120
train_001850,Train-Target-001850,25.19089712,161.67177183,2,115,185,1,sar,14.7217,104.5006,-90.0,7.3231,27.3998,0.251692,single,1,120
train_000719,Train-Target-000719,1.00567181,55.47020147,3,96,215,1,sar,12.1203,51.6480,-90.0,6.2143,50.2354,0.209244,single,1,120
train_002579,Train-Target-002579,-34.08327845,-61.92267955,4,146,211,1,optical,4.6738,11.7534,8.0,7.7611,63.3107,0.448060,single,1,120
train_002411,Train-Target-002411,-79.90732102,136.06934426,4,72,117,1,optical,4.9373,54.5374,8.0,5.5750,56.7415,0.417716,single,1,120
train_000918,Train-Target-000918,42.66925015,-135.11888275,5,95,212,1,optical,8.3148,55.4103,8.0,6.5869,56.9219,0.353013,single,1,120
train_000633,Train-Target-000633,-28.64152677,129.74093889,5,82,148,1,optical,9.9899,64.8825,8.0,6.1660,79.7352,0.354724,simultaneous,2,120
train_000229,Train-Target-000229,37.07984420,-127.67738832,8,17,173,1,sar,12.9016,54.3644,-90.0,6.3913,53.9027,0.412248,single,1,120
train_000973,Train-Target-000973,7.20228486,-14.18100915,9,7,62,1,optical,7.3142,60.7440,8.0,4.9145,40.1469,0.355339,single,1,120
train_000835,Train-Target-000835,-56.42783166,66.34881852,1,29,92,1,optical,3.0202,49.4718,8.0,5.9026,54.9168,0.272148,single,1,120
train_002623,Train-Target-002623,77.74727294,129.54730475,4,173,220,1,optical,7.4384,31.1768,8.0,8.2325,54.7823,0.195285,simultaneous,2,120
train_000232,Train-Target-000232,7.09462942,-62.67656395,4,175,216,1,optical,2.6741,35.0756,8.0,7.8675,50.0217,0.220752,single,1,120
train_000341,Train-Target-000341,22.80383026,-5.87726082,9,33,112,1,sar,17.9660,74.1999,-90.0,6.5314,28.5779,0.220953,single,1,120
train_001687,Train-Target-001687,37.89154900,-93.53189570,4,17,146,1,sar,17.5005,42.8448,-90.0,5.5160,56.2572,0.416256,sequential,2,120
train_002527,Train-Target-002527,-2.84381184,-150.79055491,7,65,143,1,sar,11.9426,83.3936,-90.0,6.8222,52.2379,0.244197,single,1,120
train_001397,Train-Target-001397,-26.89637355,85.99870939,9,103,180,1,infrared,34.8905,79.8220,-90.0,6.9469,67.0952,0.223231,single,1,120
train_000243,Train-Target-000243,25.92252205,-16.60768653,10,56,114,1,optical,6.3476,21.4579,8.0,5.5145,49.3669,0.439853,single,1,120
train_001517,Train-Target-001517,-48.36312045,111.86053168,8,26,175,1,optical,9.9084,16.5111,8.0,4.6470,55.5486,0.364330,single,1,120
train_000616,Train-Target-000616,-38.02718330,-165.21324124,1,168,217,1,optical,9.5570,26.3315,8.0,4.5508,32.8596,0.311625,sequential,2,120
train_002997,Train-Target-002997,0.04025220,157.21753309,10,20,180,1,optical,3.3949,62.9497,8.0,7.0923,49.8682,0.206898,sequential,2,120
train_002607,Train-Target-002607,20.66142960,104.33836695,7,44,204,1,optical,8.6863,17.5663,8.0,6.3237,32.4021,0.367091,sequential,2,120
train_002063,Train-Target-002063,19.09535923,-127.01430447,5,12,111,1,optical,5.2199,44.7248,8.0,6.4674,84.8520,0.242157,single,1,120
train_000805,Train-Target-000805,41.15907473,68.97890303,1,99,222,1,optical,2.9164,13.9205,8.0,7.8373,65.7104,0.437874,single,1,120
train_002168,Train-Target-002168,6.74566052,-5.33145249,1,90,193,1,infrared,24.6815,88.9925,-90.0,7.8985,74.3721,0.263981,single,1,120
train_002097,Train-Target-002097,-7.23563162,67.05481980,8,43,179,1,optical,6.0652,38.5999,8.0,4.7380,79.4375,0.400572,sequential,2,120
train_000273,Train-Target-000273,36.36188777,-7.62243771,5,65,208,1,optical,3.4953,52.1135,8.0,6.2306,30.3898,0.375633,single,1,120
train_001296,Train-Target-001296,30.13220796,8.55539840,7,81,230,1,sar,8.4812,106.0354,-90.0,5.0233,71.3627,0.414568,sequential,2,120
train_000733,Train-Target-000733,-35.44671622,-178.81569567,8,90,193,1,optical,9.1334,17.1412,8.0,5.6040,76.1928,0.284358,sequential,2,120
train_000061,Train-Target-000061,-6.85839486,172.29580477,10,4,142,1,sar,12.2778,96.8765,-90.0,5.8387,42.0445,0.312695,single,1,120
train_002745,Train-Target-002745,-18.50121985,128.41202596,3,98,212,1,optical,5.4021,30.5094,8.0,5.4370,27.7255,0.386703,single,1,120
train_002614,Train-Target-002614,-42.06703821,-127.16744755,9,36,172,1,optical,8.2787,56.9746,8.0,7.3335,74.4785,0.190849,sequential,2,120
train_002685,Train-Target-002685,31.60224320,-10.25057832,4,59,199,1,optical,8.0134,13.7625,8.0,6.2851,60.4458,0.437440,sequential,2,120
train_001375,Train-Target-001375,-52.13419020,-114.65987186,9,55,201,1,optical,5.9499,48.5073,8.0,5.2966,47.9212,0.242987,single,1,120
train_001986,Train-Target-001986,20.94557386,-97.61546701,8,109,201,1,optical,5.5874,20.4833,8.0,5.3757,68.7573,0.209017,single,1,120
train_001411,Train-Target-001411,32.71420886,122.74147881,7,42,197,1,sar,10.1679,29.0965,-90.0,5.1811,52.9365,0.264228,single,1,120
train_001918,Train-Target-001918,-4.89936489,100.30771048,7,93,144,1,sar,9.2724,86.0545,-90.0,7.9757,55.9470,0.281842,single,1,120
train_001972,Train-Target-001972,85.45892203,40.90807056,10,37,106,1,sar,12.8417,68.4130,-90.0,5.8780,43.1206,0.361394,single,1,120
train_000184,Train-Target-000184,-23.73416287,103.15721084,3,2,119,1,optical,2.3706,60.6418,8.0,8.2540,60.5448,0.378662,single,1,120
train_000520,Train-Target-000520,64.07490352,-3.89010120,9,162,215,1,infrared,19.8316,65.8836,-90.0,4.5263,57.2398,0.285144,single,1,120
train_001271,Train-Target-001271,-0.61950229,-68.16012475,10,63,151,1,optical,4.4213,22.6024,8.0,5.8457,57.5919,0.276108,single,1,120
train_000458,Train-Target-000458,-16.55180925,-37.34594208,8,18,127,1,optical,7.7622,31.1309,8.0,8.2389,43.3230,0.261996,single,1,120
train_001122,Train-Target-001122,-8.35303443,134.71013148,8,119,184,1,sar,10.0363,88.3849,-90.0,7.1981,69.0511,0.398476,single,1,120
train_002711,Train-Target-002711,31.64063209,77.91908132,6,60,189,1,optical,6.1001,39.6452,8.0,8.1192,75.8734,0.251950,sequential,2,120
train_002345,Train-Target-002345,-40.39110926,-83.96128163,8,148,231,1,sar,21.4912,107.7818,-90.0,6.2570,45.4942,0.244061,single,1,120
train_001766,Train-Target-001766,-43.01015353,41.81956864,5,88,137,1,optical,4.4898,30.7404,8.0,7.6875,75.5042,0.216014,single,1,120
train_000985,Train-Target-000985,14.52009953,110.10855552,5,92,221,1,optical,7.8079,16.5655,8.0,4.9173,65.5220,0.313936,single,1,120
train_000286,Train-Target-000286,12.90159960,-45.77779002,6,66,175,1,sar,17.4134,100.6230,-90.0,4.7394,23.6034,0.343778,single,1,120
train_000782,Train-Target-000782,-15.24360553,84.44028170,2,19,151,1,sar,18.2736,108.3714,-90.0,4.8728,73.4611,0.446378,sequential,2,120
train_001179,Train-Target-001179,35.18637254,46.47377928,5,84,212,1,sar,16.8916,69.6515,-90.0,7.6914,66.3984,0.436623,single,1,120
train_000390,Train-Target-000390,-54.05185245,-36.56605753,7,34,153,1,sar,18.1730,83.2717,-90.0,5.7618,26.2530,0.389587,single,1,120
train_000441,Train-Target-000441,18.31423468,86.37357011,5,156,230,1,optical,8.1081,29.2850,8.0,6.1511,38.0031,0.350328,single,1,120
train_000848,Train-Target-000848,39.80326835,3.02214365,5,8,152,1,infrared,30.3577,131.2503,-90.0,7.2647,86.7219,0.322445,single,1,120
train_001591,Train-Target-001591,-68.64000715,-133.78181438,7,17,175,1,optical,4.3359,20.6206,8.0,6.7774,49.8063,0.296202,single,1,120
train_001959,Train-Target-001959,42.33377010,-160.35841765,7,42,160,1,optical,6.5084,56.2136,8.0,5.7848,20.7830,0.313154,single,1,120
train_000481,Train-Target-000481,54.11238737,158.88062728,6,56,109,1,sar,18.6766,83.8951,-90.0,4.8272,59.9995,0.424452,single,1,120
train_000406,Train-Target-000406,-10.08778582,78.42111256,10,49,104,1,optical,5.3795,41.5265,8.0,6.3414,82.3762,0.448978,single,1,120
train_001032,Train-Target-001032,-67.80386986,85.94552701,4,4,113,1,sar,12.8808,97.7286,-90.0,5.0253,20.5281,0.449397,sequential,2,120
train_002179,Train-Target-002179,14.01676854,162.02973534,2,81,159,1,optical,8.0899,50.4680,8.0,6.0680,50.0731,0.192903,single,1,120
train_000673,Train-Target-000673,4.49133715,-46.53836164,10,65,211,1,sar,15.7847,101.1396,-90.0,6.7834,63.4367,0.289067,single,1,120
train_000919,Train-Target-000919,-44.80250829,-162.50286042,4,68,148,1,sar,12.2456,90.8153,-90.0,7.6119,44.5917,0.418837,sequential,2,120
train_002947,Train-Target-002947,28.83081413,103.76665910,1,41,137,1,infrared,27.9475,106.8488,-90.0,4.8901,78.7442,0.256529,sequential,2,120
train_002514,Train-Target-002514,68.85289072,96.23897745,4,45,175,1,sar,16.5299,69.1305,-90.0,7.7685,72.3823,0.225328,single,1,120
train_002186,Train-Target-002186,31.33601749,138.74314293,8,17,148,1,optical,4.8670,57.3449,8.0,6.2543,24.9452,0.387330,single,1,120
train_002998,Train-Target-002998,19.28118324,-20.71888974,6,75,206,1,optical,8.0634,54.7316,8.0,6.0312,62.6086,0.395306,sequential,2,120
train_002953,Train-Target-002953,-31.24813871,-19.94102241,8,118,185,1,sar,11.2236,91.6013,-90.0,5.9484,46.1851,0.270138,single,1,120
train_000531,Train-Target-000531,14.00224367,73.45136415,6,23,138,1,sar,10.0201,102.8133,-90.0,7.3781,47.3838,0.190471,simultaneous,2,120
train_001707,Train-Target-001707,-29.23343453,-100.00079371,4,65,222,1,optical,4.0186,27.9951,8.0,4.8172,87.5137,0.448326,single,1,120
train_003033,Train-Target-003033,-30.06080311,105.35168425,1,35,137,1,infrared,28.2019,50.0974,-90.0,5.1245,24.6565,0.215392,sequential,2,120
train_000828,Train-Target-000828,61.99946524,94.56761735,5,24,104,1,infrared,18.1502,102.5443,-90.0,6.2191,53.5501,0.399568,sequential,2,120
train_001043,Train-Target-001043,25.85157183,-178.09613839,1,27,186,1,sar,11.6058,75.2942,-90.0,4.5638,56.4945,0.188830,single,1,120
train_001668,Train-Target-001668,-7.87336237,102.10723970,3,2,89,1,optical,3.9227,36.0600,8.0,4.5168,88.5780,0.447949,simultaneous,2,120
train_001642,Train-Target-001642,25.22374173,76.48709315,3,47,205,1,optical,3.2970,37.4419,8.0,5.2732,68.4633,0.425730,single,1,120
train_002377,Train-Target-002377,9.70687128,-160.95168596,4,123,199,1,sar,12.1799,98.8707,-90.0,7.9991,29.3757,0.408730,single,1,120
train_001418,Train-Target-001418,-15.53281523,43.57979474,9,71,207,1,sar,15.8412,73.1662,-90.0,6.9778,52.7298,0.308365,single,1,120
train_001157,Train-Target-001157,6.05507159,-176.57986900,8,41,193,1,infrared,19.5025,77.2158,-90.0,7.0660,46.3634,0.369554,single,1,120
train_003037,Train-Target-003037,43.00132602,-174.61640281,4,154,223,1,infrared,24.4116,95.1387,-90.0,4.5898,70.5697,0.257534,single,1,120
train_002023,Train-Target-002023,24.23232906,-89.24268408,5,18,169,1,optical,4.5202,33.2682,8.0,8.0913,76.5362,0.216250,single,1,120
train_002309,Train-Target-002309,-4.64206015,159.08910916,10,129,186,1,optical,3.7309,11.7244,8.0,7.2187,30.3374,0.428200,single,1,120
train_001233,Train-Target-001233,42.28406261,49.08555321,8,59,151,1,sar,11.7857,47.3341,-90.0,4.6326,60.1312,0.205082,single,1,120
train_000078,Train-Target-000078,27.97723476,-73.67755929,5,114,231,1,optical,9.9033,64.0855,8.0,6.8091,71.8633,0.404731,single,1,120
train_001997,Train-Target-001997,50.28049079,-8.60867633,1,15,124,1,optical,9.4356,41.6692,8.0,6.1485,33.5801,0.314647,single,1,120
train_001616,Train-Target-001616,-51.65044719,-171.57335435,7,112,235,1,optical,7.0503,42.9224,8.0,7.0975,66.5003,0.301219,simultaneous,2,120
train_002666,Train-Target-002666,1.80093705,-36.79762383,1,45,116,1,optical,9.3150,15.3689,8.0,8.1539,70.7414,0.182561,single,1,120
train_002182,Train-Target-002182,36.13946210,110.70262798,4,53,168,1,optical,3.3493,50.5218,8.0,6.2905,83.2162,0.309400,single,1,120
train_001051,Train-Target-001051,-28.40685167,-22.10648203,9,0,130,1,sar,16.4436,61.2464,-90.0,5.0584,26.3703,0.217770,single,1,120
train_002221,Train-Target-002221,19.03193166,89.02555681,6,85,235,1,optical,9.4107,44.3644,8.0,8.3663,81.7591,0.334692,simultaneous,2,120
train_001702,Train-Target-001702,-29.55892960,-53.76132808,8,162,216,1,optical,5.5641,52.0923,8.0,5.5190,57.8393,0.378845,single,1,120
train_001285,Train-Target-001285,-30.88206613,75.70009894,8,63,212,1,sar,16.6928,74.0527,-90.0,7.2322,82.0824,0.195500,single,1,120
train_002988,Train-Target-002988,14.00711936,-50.97438272,10,63,173,1,optical,2.1743,61.8217,8.0,7.5644,85.3941,0.322742,sequential,2,120
train_002336,Train-Target-002336,-49.18169553,-10.75774929,7,101,197,1,optical,2.0525,62.1939,8.0,7.4436,78.2995,0.351717,sequential,2,120
train_001651,Train-Target-001651,-48.27181126,-171.72245852,9,13,172,1,optical,3.4664,13.0078,8.0,8.3837,22.6007,0.411819,sequential,2,120
train_001038,Train-Target-001038,-7.18494463,-131.84085016,7,76,197,1,optical,2.2737,15.3904,8.0,7.5125,46.2194,0.239587,single,1,120
train_002022,Train-Target-002022,-47.88010774,20.88678712,7,104,180,1,optical,4.4137,52.2267,8.0,5.6051,58.6802,0.279594,single,1,120
train_000853,Train-Target-000853,-32.50276478,143.40684081,6,29,98,1,sar,18.4503,100.7615,-90.0,5.8308,72.7463,0.266932,single,1,120
train_002285,Train-Target-002285,-58.67407854,136.82173603,1,40,191,1,sar,12.9532,50.6992,-90.0,5.6408,25.1433,0.242413,single,1,120
train_000142,Train-Target-000142,-6.65806539,-178.69358697,6,76,197,1,optical,6.8301,58.8334,8.0,6.7655,54.3639,0.207911,single,1,120
train_002893,Train-Target-002893,-26.71550058,96.29109127,1,56,201,1,optical,6.8024,59.3619,8.0,6.7277,20.4693,0.420956,simultaneous,2,120
train_000225,Train-Target-000225,25.16567792,166.18852956,7,32,141,1,optical,6.9529,56.3262,8.0,4.5677,66.0792,0.383021,single,1,120
train_002626,Train-Target-002626,39.66201062,-165.29033802,10,118,225,1,infrared,32.0472,113.1480,-90.0,7.9977,30.0419,0.386941,single,1,120
train_000241,Train-Target-000241,-8.16393969,-104.40606267,2,62,173,1,sar,19.8894,80.8700,-90.0,7.1346,43.5570,0.410690,single,1,120
train_001176,Train-Target-001176,-24.05577749,-12.90312471,8,162,238,1,infrared,38.8743,125.2099,-90.0,5.4627,65.4384,0.440721,sequential,2,120
train_002473,Train-Target-002473,27.50955903,146.52155001,5,80,205,1,optical,7.4110,54.7587,8.0,7.5704,27.0696,0.422817,single,1,120
train_002225,Train-Target-002225,-1.66921793,33.91742359,10,56,161,1,optical,8.0388,19.6667,8.0,4.6421,52.6249,0.307238,single,1,120
train_001929,Train-Target-001929,15.77635481,172.01734831,2,72,214,1,optical,7.9005,54.0098,8.0,5.0950,89.6824,0.346020,single,1,120
train_002513,Train-Target-002513,-62.27273415,168.90092683,7,101,239,1,optical,2.4497,49.7106,8.0,7.3830,78.6210,0.406252,single,1,120
train_001526,Train-Target-001526,2.98448334,-164.61027169,10,38,192,1,optical,6.1558,62.0187,8.0,4.6234,30.6373,0.250640,single,1,120
train_002601,Train-Target-002601,-49.49218305,-144.21927925,2,163,206,1,optical,2.6535,42.6380,8.0,7.0542,67.8908,0.193296,single,1,120
train_002018,Train-Target-002018,-61.58487128,89.41059756,4,30,189,1,optical,3.2986,59.4579,8.0,7.5732,26.8201,0.241311,single,1,120
train_001953,Train-Target-001953,-4.50898114,93.69458069,4,79,166,1,optical,5.9429,62.0550,8.0,4.5941,50.4135,0.325137,single,1,120
train_002078,Train-Target-002078,-23.19359805,-72.18421497,2,71,221,1,optical,6.2909,16.2943,8.0,5.5133,34.5489,0.234505,single,1,120
train_000952,Train-Target-000952,-61.57819223,-98.92892304,4,27,172,1,optical,5.2497,22.3362,8.0,4.5695,51.6893,0.248171,single,1,120
train_001671,Train-Target-001671,-62.11845548,-123.53697004,5,104,150,1,optical,8.7491,48.5719,8.0,6.3363,58.4201,0.237067,single,1,120
train_003027,Train-Target-003027,-69.50834193,-86.96533873,8,0,51,1,optical,5.8068,27.7681,8.0,7.3320,28.4781,0.314769,single,1,120
train_001040,Train-Target-001040,29.57999100,-179.42455943,9,130,228,1,sar,15.1000,65.1346,-90.0,6.4031,63.7222,0.268836,single,1,120
train_001613,Train-Target-001613,16.00340061,-68.01904465,1,30,116,1,optical,4.2194,31.8184,8.0,5.3314,75.0524,0.335701,sequential,2,120
train_001219,Train-Target-001219,-43.73636027,89.44042256,8,38,156,1,optical,7.7253,60.1077,8.0,6.8553,20.8307,0.284989,sequential,2,120
train_002304,Train-Target-002304,-56.85652866,130.63091211,5,31,115,1,optical,4.0811,49.5938,8.0,7.9690,23.2798,0.397959,sequential,2,120
train_001808,Train-Target-001808,39.64727171,32.62577292,9,42,142,1,optical,7.3442,13.4772,8.0,6.1445,27.5350,0.422613,single,1,120
train_002687,Train-Target-002687,-34.03196058,45.22987832,1,152,204,1,optical,5.4930,15.4253,8.0,6.6958,55.3150,0.242133,single,1,120
train_001590,Train-Target-001590,-17.07178507,-8.92278724,5,178,219,1,optical,5.7452,26.8576,8.0,6.1822,51.5892,0.183993,single,1,120
train_002949,Train-Target-002949,33.12739303,67.52999813,7,107,157,1,optical,8.8993,12.6448,8.0,7.9452,44.8438,0.402343,single,1,120
train_001849,Train-Target-001849,47.09170592,-79.45153348,9,132,183,1,optical,5.6555,26.1639,8.0,6.0859,31.0534,0.354406,single,1,120
train_000368,Train-Target-000368,-22.29377955,-78.34264591,3,76,189,1,optical,4.8817,60.6653,8.0,4.9477,25.3186,0.370145,single,1,120
train_000775,Train-Target-000775,-12.54992247,-120.71631979,1,86,164,1,optical,2.8986,22.1470,8.0,7.0159,69.8325,0.349128,single,1,120
train_000125,Train-Target-000125,14.97429909,-85.16345115,3,103,197,1,infrared,31.5620,81.6628,-90.0,7.1921,52.1626,0.188956,sequential,2,120
train_001008,Train-Target-001008,-27.31495336,-166.99063837,3,175,219,1,optical,7.5624,10.2312,8.0,5.4291,73.3749,0.360077,single,1,120
train_000534,Train-Target-000534,2.74089062,-83.07275607,8,54,95,1,sar,12.7813,26.1045,-90.0,5.7192,84.7711,0.386288,single,1,120
train_003044,Train-Target-003044,23.33509643,-117.51497617,4,7,98,1,optical,6.1733,20.3175,8.0,7.9650,68.5680,0.243732,single,1,120
train_002412,Train-Target-002412,-19.14191559,-95.35648968,3,75,192,1,optical,9.8664,55.9408,8.0,5.7388,30.2386,0.401503,simultaneous,2,120
train_000570,Train-Target-000570,-8.80224866,59.12975693,4,43,197,1,optical,4.1405,45.9527,8.0,6.8206,81.0749,0.250951,single,1,120
train_000466,Train-Target-000466,-3.25743094,-125.93493092,7,55,143,1,optical,9.1138,34.0916,8.0,8.1535,58.1796,0.314376,simultaneous,2,120
train_003064,Train-Target-003064,43.39692997,-130.56096872,2,97,157,1,optical,6.1777,16.4933,8.0,5.2909,64.4280,0.315906,single,1,120
train_002031,Train-Target-002031,11.04117063,-6.78143787,3,42,108,1,optical,6.4136,18.2968,8.0,7.0089,45.7517,0.356011,single,1,120
train_002857,Train-Target-002857,-26.40274832,167.25804800,5,118,220,1,infrared,35.4071,58.0803,-90.0,5.7208,70.4914,0.332193,single,1,120
train_000327,Train-Target-000327,9.30905794,75.06357359,10,64,203,1,optical,8.6361,42.1269,8.0,5.1748,44.9694,0.340369,single,1,120
train_001804,Train-Target-001804,-13.84629769,122.08906799,1,33,191,1,sar,11.7542,76.7089,-90.0,5.1161,60.0698,0.396477,single,1,120
train_000041,Train-Target-000041,-67.23915660,-147.41995036,2,94,229,1,optical,5.4181,46.8791,8.0,6.8542,48.2590,0.430216,sequential,2,120
train_002249,Train-Target-002249,80.48635999,98.98766114,8,91,193,1,sar,15.6594,25.0067,-90.0,6.6812,43.4304,0.244527,single,1,120
train_002439,Train-Target-002439,1.75208828,88.41814705,9,40,181,1,sar,19.5204,50.2038,-90.0,7.4998,86.2850,0.390918,sequential,2,120
train_002426,Train-Target-002426,-54.97959267,-51.25525340,2,87,197,1,sar,19.6011,46.9604,-90.0,7.4786,87.6659,0.365208,single,1,120
train_001862,Train-Target-001862,0.60096011,-121.53867401,2,70,146,1,optical,6.0941,30.8861,8.0,5.8976,75.1155,0.418080,sequential,2,120
train_001546,Train-Target-001546,-76.49344586,-87.25875245,9,105,219,1,sar,11.6997,74.8874,-90.0,6.9375,84.3020,0.262382,single,1,120
train_002520,Train-Target-002520,20.70810863,-118.28271163,10,101,196,1,infrared,31.5431,83.8587,-90.0,4.8043,81.9241,0.383306,single,1,120
train_001971,Train-Target-001971,55.20391575,28.56242341,1,32,130,1,infrared,20.1964,99.2750,-90.0,8.2650,47.3108,0.318706,single,1,120
train_002281,Train-Target-002281,-78.69346928,-96.35537117,1,86,219,1,sar,15.8535,27.6357,-90.0,5.8155,30.8682,0.294289,sequential,2,120
train_001776,Train-Target-001776,1.08862842,-62.43050869,10,88,207,1,optical,2.0972,42.8587,8.0,5.2941,55.0626,0.387863,single,1,120
train_000813,Train-Target-000813,25.30723714,126.97438682,6,159,231,1,optical,9.9786,43.6582,8.0,5.4850,31.1707,0.404075,simultaneous,2,120
train_000884,Train-Target-000884,-37.05530549,-74.41414035,9,51,151,1,optical,9.3186,48.1218,8.0,7.5785,40.2795,0.350131,single,1,120
train_002082,Train-Target-002082,-44.61925853,105.82654787,9,98,180,1,optical,3.0482,21.3077,8.0,8.0652,59.4024,0.269324,single,1,120
train_000802,Train-Target-000802,29.97819674,27.58069484,4,75,231,1,optical,5.0874,50.2933,8.0,8.2453,34.4358,0.447133,single,1,120
train_003045,Train-Target-003045,-48.28062128,-65.02852246,5,81,224,1,optical,7.3621,14.2879,8.0,6.1633,85.6896,0.299258,single,1,120
train_000361,Train-Target-000361,40.36068567,-129.79706674,5,142,238,1,infrared,32.8980,134.8123,-90.0,8.1569,57.2808,0.445388,single,1,120
train_000115,Train-Target-000115,22.59244592,-25.66791421,10,11,154,1,optical,4.1008,12.9330,8.0,7.5002,38.7849,0.367554,sequential,2,120
train_002867,Train-Target-002867,-43.69236161,-109.00930323,5,46,173,1,optical,5.7162,55.2009,8.0,6.4469,55.9994,0.339806,single,1,120
train_003072,Train-Target-003072,-71.79827425,-173.79559012,4,55,177,1,optical,2.1166,56.0759,8.0,7.5866,36.9410,0.203320,single,1,120
train_001757,Train-Target-001757,6.55183738,-93.79239610,7,80,170,1,sar,18.3673,105.8481,-90.0,5.4795,23.4277,0.210975,single,1,120
train_000670,Train-Target-000670,46.87728424,-36.17589277,4,56,146,1,optical,4.0315,44.1010,8.0,5.8300,70.8139,0.258711,single,1,120
train_002640,Train-Target-002640,15.95809996,103.79882843,2,146,195,1,optical,5.6673,58.6582,8.0,5.8797,37.6886,0.381340,single,1,120
train_000735,Train-Target-000735,-24.37406789,87.74413177,2,8,138,1,optical,2.7671,44.2028,8.0,8.3121,80.7616,0.345873,sequential,2,120
train_001575,Train-Target-001575,-29.70777714,19.67807138,7,35,175,1,optical,6.5352,28.2590,8.0,6.4544,50.7008,0.368384,single,1,120
train_000049,Train-Target-000049,-12.03143120,-33.67781638,8,173,221,1,optical,6.4820,28.3426,8.0,4.5152,65.5444,0.292456,single,1,120
train_000675,Train-Target-000675,-39.16677301,-146.31588783,9,22,71,1,optical,8.3661,34.3517,8.0,5.9298,40.0649,0.240495,single,1,120
train_001935,Train-Target-001935,-6.97052455,48.05001378,10,70,228,1,sar,9.6037,34.2808,-90.0,6.0257,75.5126,0.246387,single,1,120
train_002158,Train-Target-002158,51.06330576,75.06965094,1,43,130,1,optical,9.1611,52.6367,8.0,7.5077,37.8011,0.441515,single,1,120
train_002971,Train-Target-002971,51.13980854,-55.14231463,9,54,150,1,sar,20.1825,31.3342,-90.0,8.3289,52.5040,0.425072,single,1,120
train_002573,Train-Target-002573,-58.73585369,37.56015572,8,69,219,1,optical,8.4467,32.7518,8.0,5.2293,62.0492,0.242736,single,1,120
train_001592,Train-Target-001592,-57.70796315,97.75504111,7,18,95,1,optical,7.5171,39.7036,8.0,4.6075,51.3161,0.277425,sequential,2,120
train_000111,Train-Target-000111,-20.91978801,-80.18438657,2,130,213,1,optical,8.4287,25.8563,8.0,4.9413,61.4729,0.195769,single,1,120
train_001868,Train-Target-001868,-18.75768646,155.39722695,5,88,232,1,sar,16.1999,26.8346,-90.0,8.3137,85.7533,0.405847,single,1,120
train_002688,Train-Target-002688,-20.13510844,-157.04447132,1,66,159,1,infrared,29.0104,70.4738,-90.0,7.7889,63.8095,0.202709,single,1,120
train_002881,Train-Target-002881,16.56300647,-25.05323661,1,107,228,1,sar,10.6605,37.4211,-90.0,7.5457,21.5343,0.272215,single,1,120
train_000862,Train-Target-000862,-52.83316797,-163.67722414,10,78,238,1,optical,6.5487,22.4800,8.0,6.2232,31.4199,0.413937,single,1,120
train_002654,Train-Target-002654,-2.88626272,0.73133789,8,83,183,1,sar,8.8865,105.6774,-90.0,8.3482,78.9793,0.188200,single,1,120
train_001238,Train-Target-001238,-29.65499516,160.94186227,1,69,170,1,optical,2.9407,14.7481,8.0,5.3665,73.8282,0.291727,single,1,120
train_000706,Train-Target-000706,42.33251817,-107.25520808,9,14,76,1,optical,2.5096,29.9740,8.0,6.1241,51.7992,0.404858,single,1,120
train_000180,Train-Target-000180,14.53677002,89.59015044,3,15,162,1,optical,9.1965,18.8371,8.0,6.2422,80.9122,0.430801,single,1,120
train_001867,Train-Target-001867,-20.00503560,-101.15912713,10,98,232,1,sar,9.8029,47.8266,-90.0,5.2518,57.8600,0.237139,single,1,120
train_001424,Train-Target-001424,-61.68394686,149.10049774,3,84,183,1,sar,17.8950,107.8684,-90.0,6.4479,20.1289,0.390424,single,1,120
train_000655,Train-Target-000655,49.86320258,102.95983208,4,31,188,1,sar,9.0490,89.0474,-90.0,6.2438,36.1973,0.264542,sequential,2,120
train_001684,Train-Target-001684,14.32354537,166.78991079,3,59,185,1,optical,7.1574,45.1511,8.0,6.4767,58.8029,0.370093,single,1,120
train_002391,Train-Target-002391,-64.41511247,-153.37222621,5,109,206,1,sar,21.1666,60.3383,-90.0,7.8805,89.2115,0.372028,single,1,120
train_001444,Train-Target-001444,5.33131685,57.14297402,2,95,227,1,optical,5.9129,55.2870,8.0,7.8460,80.5943,0.444963,single,1,120
train_000776,Train-Target-000776,3.27052360,-6.67514765,8,42,189,1,optical,3.6413,13.1396,8.0,8.2198,31.4661,0.320038,single,1,120
train_000372,Train-Target-000372,25.29433991,34.10059727,9,118,237,1,sar,19.9587,105.0591,-90.0,7.4604,74.0104,0.368310,sequential,2,120
train_001254,Train-Target-001254,51.54625723,57.27025080,8,10,153,1,optical,3.6011,38.4994,8.0,6.3404,69.9744,0.340308,single,1,120
train_002430,Train-Target-002430,74.31204222,-94.42288358,9,14,168,1,sar,9.4654,100.8881,-90.0,4.9070,31.3573,0.376536,single,1,120
train_001405,Train-Target-001405,49.10052847,-151.21324718,8,49,171,1,optical,6.8145,63.8742,8.0,5.6131,75.0444,0.309730,single,1,120
train_000591,Train-Target-000591,-27.03157639,8.24724240,1,123,195,1,infrared,35.1792,111.8353,-90.0,5.8476,64.5504,0.181248,simultaneous,2,120
train_001709,Train-Target-001709,-24.88130455,-19.19164602,10,64,201,1,infrared,35.8491,85.3381,-90.0,5.5518,85.7147,0.330516,single,1,120
train_002646,Train-Target-002646,63.12617462,-47.49842662,3,101,230,1,sar,16.2224,66.0335,-90.0,8.3248,23.5143,0.422386,single,1,120
train_000709,Train-Target-000709,-11.92126415,-68.30483426,3,53,118,1,optical,6.9843,49.1434,8.0,6.2028,82.9418,0.261893,single,1,120
train_000301,Train-Target-000301,-19.71619740,85.75606479,5,122,207,1,sar,17.6680,67.4581,-90.0,5.0098,88.1872,0.204089,single,1,120
train_000404,Train-Target-000404,43.99464716,26.82142415,8,51,134,1,sar,17.1264,73.5914,-90.0,7.9643,26.9472,0.379460,simultaneous,2,120
train_000724,Train-Target-000724,30.16324009,-70.27000065,3,83,231,1,optical,6.1690,11.8039,8.0,7.0434,43.0313,0.329306,single,1,120
train_001673,Train-Target-001673,-63.64195982,85.99293242,3,92,221,1,optical,3.7235,24.0856,8.0,5.8711,39.0608,0.277332,sequential,2,120
train_001387,Train-Target-001387,-21.88109485,160.93284770,10,109,222,1,infrared,33.3222,119.1894,-90.0,8.3865,82.6362,0.226029,single,1,120
train_001527,Train-Target-001527,-1.00776160,-87.71576233,9,105,177,1,optical,5.3257,53.8249,8.0,6.3185,73.8612,0.273644,single,1,120
train_000615,Train-Target-000615,-13.00565001,-105.85767906,9,118,202,1,infrared,25.2789,93.5637,-90.0,7.7088,50.9467,0.200589,single,1,120
train_000965,Train-Target-000965,-24.96209171,121.02042177,8,46,138,1,sar,16.3038,54.2902,-90.0,7.8093,42.2848,0.234198,simultaneous,2,120
train_002690,Train-Target-002690,-4.65326999,-141.21260198,5,95,170,1,optical,2.7193,37.3019,8.0,5.7274,67.5682,0.326160,single,1,120
train_001561,Train-Target-001561,-21.57211849,-96.92532376,2,20,76,1,optical,5.8855,45.2147,8.0,8.3433,72.9198,0.370398,single,1,120
train_000064,Train-Target-000064,-48.79154427,-35.09315728,9,166,228,1,optical,8.9961,50.6523,8.0,6.5886,60.2537,0.310045,simultaneous,2,120
train_000021,Train-Target-000021,-32.31920420,-177.06077765,4,157,227,1,infrared,27.8512,114.4113,-90.0,5.6765,76.6834,0.343486,sequential,2,120
train_002669,Train-Target-002669,-84.75627181,88.43972897,1,57,175,1,sar,20.1409,85.4553,-90.0,6.7555,36.0318,0.261586,single,1,120
train_002442,Train-Target-002442,-11.85721049,57.31371941,4,16,75,1,optical,3.4230,64.3143,8.0,5.7027,56.5482,0.316449,single,1,120
train_002886,Train-Target-002886,50.67376222,-53.70973724,6,4,152,1,sar,13.8403,57.5130,-90.0,4.5386,71.7263,0.335598,simultaneous,2,120
train_000927,Train-Target-000927,-64.40998645,6.54333127,2,45,178,1,optical,5.0148,59.5867,8.0,6.1477,81.3812,0.258232,single,1,120
train_003001,Train-Target-003001,-21.17009558,-143.68157972,5,13,156,1,optical,3.5366,23.2444,8.0,6.3738,38.6665,0.201029,single,1,120
train_000353,Train-Target-000353,10.58784911,170.71121972,2,153,218,1,optical,2.4623,16.4431,8.0,4.7643,53.1138,0.274299,single,1,120
train_002568,Train-Target-002568,51.38827808,105.37821071,9,34,176,1,optical,3.1123,32.5177,8.0,6.9621,76.4682,0.219994,sequential,2,120
train_002800,Train-Target-002800,44.71986210,94.15417862,9,58,148,1,optical,8.9585,11.7769,8.0,6.9795,29.2626,0.319088,single,1,120
train_001999,Train-Target-001999,70.01606724,155.01608404,4,11,161,1,sar,16.4749,98.0960,-90.0,8.0423,75.5847,0.363732,sequential,2,120
train_001218,Train-Target-001218,-81.68117316,65.37056659,10,50,116,1,optical,2.0753,24.4006,8.0,6.9827,50.4628,0.445065,sequential,2,120
train_002606,Train-Target-002606,-37.48761773,178.96897900,8,49,194,1,optical,2.5312,36.7867,8.0,8.1673,65.2029,0.258655,sequential,2,120
train_001329,Train-Target-001329,-4.29571997,87.48808454,4,62,103,1,infrared,22.5347,104.7469,-90.0,8.0363,78.3634,0.259453,sequential,2,120
train_001594,Train-Target-001594,-40.19039255,-71.37676116,7,165,230,1,sar,10.4255,50.5688,-90.0,6.8899,79.0017,0.429455,single,1,120
train_002405,Train-Target-002405,39.95525064,-12.21166149,1,78,157,1,optical,3.4849,46.5893,8.0,6.5040,31.5739,0.344388,single,1,120
train_001331,Train-Target-001331,15.79878986,-109.05520563,3,90,224,1,optical,3.9068,52.7256,8.0,6.6329,63.6075,0.360345,single,1,120
train_001140,Train-Target-001140,-71.72674096,44.94370981,6,24,172,1,optical,3.7714,25.4692,8.0,6.1346,52.4316,0.325324,single,1,120
train_000411,Train-Target-000411,6.64637194,50.01981699,9,95,180,1,optical,3.6276,11.1949,8.0,7.7772,71.1792,0.447343,single,1,120
train_001245,Train-Target-001245,-19.63602242,-54.49533480,9,77,198,1,optical,3.6337,61.4315,8.0,4.6478,45.9800,0.392684,single,1,120
train_002206,Train-Target-002206,-13.31446012,-6.67035997,3,67,203,1,optical,5.6280,18.5827,8.0,6.8026,25.2148,0.225741,simultaneous,2,120
train_001099,Train-Target-001099,1.77084311,17.26423823,1,146,196,1,optical,4.0576,39.0248,8.0,6.1051,54.4832,0.332950,simultaneous,2,120
train_000881,Train-Target-000881,48.05361080,106.28474553,4,46,120,1,optical,2.4692,25.2225,8.0,5.4586,81.4725,0.429864,single,1,120
train_000337,Train-Target-000337,-13.11784451,85.45451996,2,1,133,1,optical,4.0531,27.2297,8.0,5.7585,79.6372,0.438412,single,1,120
train_000129,Train-Target-000129,-3.60740226,-36.82926820,4,69,151,1,optical,8.2856,52.1926,8.0,5.1502,28.1508,0.326483,single,1,120
train_001037,Train-Target-001037,32.01996233,47.40680716,4,176,222,1,optical,9.7634,51.2683,8.0,6.0744,32.7200,0.325781,single,1,120
train_000509,Train-Target-000509,-79.37506704,-75.61617733,7,12,88,1,optical,8.0335,17.1855,8.0,5.1350,56.1887,0.205176,simultaneous,2,120
train_002017,Train-Target-002017,-75.62794056,6.50307081,6,13,121,1,optical,9.5161,30.3496,8.0,5.4395,59.5344,0.445180,single,1,120
train_001513,Train-Target-001513,21.95985908,173.48209531,1,170,234,1,optical,4.4458,25.1164,8.0,7.1105,56.8261,0.240086,single,1,120
train_001124,Train-Target-001124,63.05117124,167.55484470,9,20,132,1,optical,3.5480,24.1714,8.0,4.5701,80.6341,0.333851,single,1,120
train_002176,Train-Target-002176,-9.01217999,118.49954479,7,9,59,1,infrared,26.6442,51.7647,-90.0,6.9989,84.1829,0.275699,single,1,120
train_000746,Train-Target-000746,50.93292539,-22.83093123,4,7,123,1,optical,2.3768,23.0411,8.0,7.8558,58.5826,0.185188,single,1,120
train_002926,Train-Target-002926,20.49940641,-57.45516694,1,95,159,1,sar,9.6750,69.8183,-90.0,6.7747,75.8303,0.404766,single,1,120
train_002256,Train-Target-002256,-46.11693213,-154.79865835,2,3,78,1,sar,11.7768,37.7218,-90.0,6.4764,26.0672,0.246101,sequential,2,120
train_001962,Train-Target-001962,60.31310921,-74.63692638,3,67,144,1,optical,9.0007,48.0234,8.0,6.9220,68.0813,0.217937,sequential,2,120
train_002462,Train-Target-002462,-5.37184481,-143.00998343,7,76,166,1,infrared,36.1858,63.3849,-90.0,4.6521,27.6717,0.252788,single,1,120
train_001920,Train-Target-001920,1.33058977,136.48123914,4,119,195,1,optical,8.1423,14.8836,8.0,5.1610,83.3090,0.329182,single,1,120
train_000346,Train-Target-000346,49.37570935,-92.06247151,6,74,160,1,optical,3.0639,35.8551,8.0,6.8009,82.6610,0.382061,single,1,120
train_000834,Train-Target-000834,3.19374665,53.68155371,5,168,226,1,infrared,25.7900,141.9824,-90.0,5.1880,48.9463,0.423468,simultaneous,2,120
train_002775,Train-Target-002775,4.67434094,137.66552378,9,51,137,1,sar,14.7913,92.2272,-90.0,7.8264,78.1483,0.290316,sequential,2,120
train_000386,Train-Target-000386,-42.35583735,141.12723241,4,11,165,1,optical,2.7390,58.3918,8.0,7.7107,23.8497,0.433666,simultaneous,2,120
train_000348,Train-Target-000348,-33.18148684,-1.14204771,9,83,136,1,infrared,20.5544,76.8258,-90.0,6.6803,69.1776,0.311536,single,1,120
train_001686,Train-Target-001686,-32.31366322,-158.07767080,8,29,102,1,sar,10.9718,65.9941,-90.0,6.0508,71.4262,0.220833,single,1,120
train_000691,Train-Target-000691,-16.37957036,157.57445932,5,139,225,1,optical,8.2226,36.6495,8.0,6.1992,85.8496,0.271137,sequential,2,120
train_002046,Train-Target-002046,21.29917143,32.07702141,9,18,171,1,optical,6.3827,34.6376,8.0,7.0452,32.4560,0.406395,sequential,2,120
train_000879,Train-Target-000879,-48.77083810,84.55735095,10,57,140,1,sar,15.8921,101.3218,-90.0,7.8954,32.6127,0.399450,sequential,2,120
train_001809,Train-Target-001809,41.97362203,130.03003761,7,84,175,1,optical,7.3277,30.7023,8.0,5.6533,46.2285,0.275345,single,1,120
train_001956,Train-Target-001956,12.21244735,15.65036303,5,37,82,1,optical,6.7560,49.0406,8.0,7.0788,89.3834,0.448368,sequential,2,120
train_003039,Train-Target-003039,60.68346650,-103.76793714,10,49,131,1,optical,3.6708,60.0036,8.0,6.3869,26.7289,0.270990,single,1,120
train_001955,Train-Target-001955,30.92500010,-59.81762736,7,14,144,1,infrared,21.3711,50.7845,-90.0,6.8437,24.3413,0.431636,sequential,2,120
train_001711,Train-Target-001711,-54.51832091,158.68271074,4,9,80,1,optical,9.6346,61.3662,8.0,6.6226,51.4348,0.342292,sequential,2,120
train_000452,Train-Target-000452,-10.87627602,166.63909390,8,80,167,1,infrared,21.8880,106.3297,-90.0,7.6174,81.5333,0.232408,single,1,120
train_001562,Train-Target-001562,-23.82777562,173.21718080,9,24,96,1,optical,4.3106,28.2676,8.0,5.9636,34.9875,0.332042,single,1,120
train_001518,Train-Target-001518,-21.65961479,-168.17799876,5,40,161,1,optical,7.3129,14.0933,8.0,5.0327,53.4464,0.243397,single,1,120
train_000949,Train-Target-000949,10.29885847,-18.01036018,4,3,133,1,sar,8.0551,33.8053,-90.0,7.9433,73.1115,0.237007,single,1,120
train_002996,Train-Target-002996,-21.23637775,-10.71580377,9,87,183,1,sar,21.2970,103.0147,-90.0,6.7908,85.0211,0.338996,simultaneous,2,120
train_001229,Train-Target-001229,14.51335935,-145.53747993,9,110,213,1,optical,6.5206,34.4251,8.0,7.1811,63.3377,0.431357,single,1,120
train_002397,Train-Target-002397,-26.32809544,100.87296337,8,66,209,1,sar,20.7091,73.9046,-90.0,6.6382,50.7833,0.427023,simultaneous,2,120
train_002542,Train-Target-002542,-68.57772705,-15.75101804,10,84,154,1,optical,9.7539,52.8004,8.0,6.5005,60.5736,0.399985,single,1,120
train_000005,Train-Target-000005,49.16036720,139.02735074,2,62,115,1,optical,8.9521,40.6636,8.0,5.4217,23.3300,0.269577,simultaneous,2,120
train_000374,Train-Target-000374,-40.35509444,178.54240860,4,180,229,1,optical,7.0713,59.4385,8.0,7.9862,72.9919,0.389125,sequential,2,120
train_002095,Train-Target-002095,42.86383004,162.73597466,5,98,143,1,sar,10.0871,35.7921,-90.0,7.2032,51.1989,0.417986,single,1,120
train_000402,Train-Target-000402,35.37118966,-134.20328304,6,20,122,1,optical,2.1982,13.3111,8.0,7.7712,39.5548,0.343389,single,1,120
train_000945,Train-Target-000945,-25.42541146,104.92061182,9,133,236,1,optical,9.3121,47.6319,8.0,7.3469,29.2234,0.234781,sequential,2,120
train_002319,Train-Target-002319,-1.61859161,100.27024057,6,177,233,1,infrared,21.3124,56.8572,-90.0,6.4627,81.1183,0.280877,single,1,120
train_002939,Train-Target-002939,-36.93258448,-38.25120447,3,100,195,1,infrared,21.6426,81.3676,-90.0,6.3705,58.8625,0.395910,single,1,120
train_000545,Train-Target-000545,8.92953057,-161.68317663,7,123,208,1,optical,2.7029,55.8445,8.0,5.5415,33.7767,0.201469,sequential,2,120
train_000756,Train-Target-000756,-11.10881042,-176.32747497,10,2,134,1,sar,10.7158,31.6741,-90.0,4.8651,38.6939,0.291529,simultaneous,2,120
train_000948,Train-Target-000948,-47.82428832,147.32201120,1,11,77,1,optical,7.6075,53.9577,8.0,6.6844,55.6177,0.366557,single,1,120
train_000431,Train-Target-000431,-10.33083588,-76.29787971,8,60,138,1,sar,14.7545,98.6848,-90.0,7.3040,82.0948,0.434044,simultaneous,2,120
train_000612,Train-Target-000612,-11.09447696,-129.31656002,5,36,125,1,optical,8.0745,21.8891,8.0,7.8153,60.6576,0.367016,sequential,2,120
train_003002,Train-Target-003002,44.11735196,146.19684145,4,109,213,1,sar,8.6822,40.2042,-90.0,7.8109,68.4989,0.325860,single,1,120
train_002427,Train-Target-002427,-72.48843633,-49.34977496,8,146,215,1,optical,2.6855,10.0101,8.0,5.1885,55.7062,0.406989,sequential,2,120
train_003031,Train-Target-003031,-53.93705648,-73.13828943,8,85,194,1,optical,9.5238,30.7569,8.0,5.8139,55.7095,0.302422,simultaneous,2,120
train_001243,Train-Target-001243,-39.70005070,-89.23286482,9,23,96,1,sar,18.2327,58.2092,-90.0,4.8416,83.1036,0.226104,sequential,2,120
train_000043,Train-Target-000043,34.21232743,-36.82564833,9,65,169,1,optical,8.2823,43.6690,8.0,6.0884,44.8096,0.301992,single,1,120
train_000920,Train-Target-000920,47.83951031,36.08675286,5,14,154,1,optical,8.9649,29.8531,8.0,6.5415,44.2019,0.347124,single,1,120
train_001115,Train-Target-001115,-16.70033609,-122.37310853,7,24,142,1,sar,13.6131,102.6886,-90.0,7.6806,52.8613,0.345526,single,1,120
train_001975,Train-Target-001975,23.28493141,-49.59275985,1,53,136,1,optical,9.4585,58.1269,8.0,5.3077,59.9871,0.200483,single,1,120
train_001582,Train-Target-001582,75.75873856,178.18955625,6,6,134,1,sar,18.8078,51.0620,-90.0,6.4658,37.6109,0.290433,single,1,120
train_002119,Train-Target-002119,0.67378466,-23.84186332,8,32,100,1,optical,3.1309,11.2866,8.0,6.0406,78.3339,0.228977,single,1,120
train_003029,Train-Target-003029,11.97237497,118.98760416,6,23,94,1,sar,10.4930,62.1218,-90.0,6.8770,41.5838,0.388242,single,1,120
train_002749,Train-Target-002749,31.68868240,38.75347299,2,65,222,1,optical,5.3028,44.3992,8.0,5.7788,72.5261,0.253812,simultaneous,2,120
train_001360,Train-Target-001360,-44.03911778,34.69207029,1,33,154,1,optical,9.3755,54.8795,8.0,7.4051,50.1589,0.328040,single,1,120
train_002999,Train-Target-002999,18.52986570,-118.17982118,2,75,224,1,optical,9.4801,45.9101,8.0,8.0666,63.9784,0.414244,single,1,120
train_002619,Train-Target-002619,-19.16797196,-37.80738820,10,34,167,1,optical,3.6721,37.1514,8.0,5.7315,20.0585,0.196390,single,1,120
train_000517,Train-Target-000517,-13.89016608,132.95054389,1,83,227,1,optical,9.8344,54.0900,8.0,7.9913,41.3787,0.276778,single,1,120
train_000409,Train-Target-000409,-22.09971640,57.62309085,1,42,133,1,optical,4.2961,28.0737,8.0,7.7819,67.9997,0.323258,single,1,120
train_000264,Train-Target-000264,35.73057508,108.16357151,5,15,82,1,optical,6.7855,59.2124,8.0,7.6747,56.6416,0.261191,sequential,2,120
train_002136,Train-Target-002136,-17.36025556,87.64418152,6,117,216,1,optical,5.0734,56.1925,8.0,7.3433,55.4680,0.416439,single,1,120
train_003015,Train-Target-003015,0.69960910,77.23167125,4,1,55,1,sar,9.9134,90.1605,-90.0,8.1799,40.8664,0.360849,single,1,120
train_002888,Train-Target-002888,-3.16766851,6.56071540,9,24,89,1,optical,5.9398,45.3866,8.0,4.9189,81.6451,0.387011,single,1,120
train_001459,Train-Target-001459,-77.62775195,129.71517380,7,41,165,1,optical,8.2145,56.1236,8.0,6.5291,72.2862,0.389979,single,1,120
train_001605,Train-Target-001605,-57.23917243,31.00596985,9,111,218,1,optical,7.9469,22.4227,8.0,6.8236,71.8285,0.362753,sequential,2,120
train_001150,Train-Target-001150,-15.36719572,162.86256349,3,109,185,1,optical,3.0988,50.7542,8.0,7.2452,78.8590,0.336643,single,1,120
train_000381,Train-Target-000381,-17.87269677,-105.89644889,10,87,214,1,sar,13.8515,95.5885,-90.0,6.4871,26.6099,0.438921,single,1,120
train_001903,Train-Target-001903,-0.12638306,-55.07148184,4,7,99,1,sar,8.5965,88.1553,-90.0,6.8353,47.2205,0.370584,sequential,2,120
train_003053,Train-Target-003053,-6.79852580,-104.28725217,3,2,57,1,optical,9.2676,47.8745,8.0,4.6448,73.6124,0.337759,single,1,120
train_001120,Train-Target-001120,-24.13363113,-54.23194437,6,51,111,1,optical,2.1808,11.9045,8.0,7.0734,40.6869,0.202610,single,1,120
train_002126,Train-Target-002126,39.13163823,138.48664646,6,71,224,1,optical,8.3874,53.4896,8.0,8.0953,69.8858,0.359085,single,1,120
train_000998,Train-Target-000998,-10.86863151,-50.76312856,3,38,151,1,optical,4.4850,59.1205,8.0,7.3344,23.1884,0.221937,sequential,2,120
train_001842,Train-Target-001842,-5.53557473,127.17784688,2,86,230,1,optical,8.4709,19.4251,8.0,7.7962,28.2860,0.210822,single,1,120
train_001302,Train-Target-001302,57.19015780,-114.75190126,4,26,124,1,optical,8.1714,55.7520,8.0,5.7916,28.7528,0.318563,single,1,120
train_000351,Train-Target-000351,23.83762689,-10.45983018,3,5,150,1,optical,4.9260,25.9508,8.0,5.3282,68.7850,0.310151,single,1,120
train_001974,Train-Target-001974,52.05979804,52.31429790,2,149,218,1,optical,5.8830,20.4195,8.0,6.3847,22.1108,0.381688,sequential,2,120
train_002710,Train-Target-002710,12.51524980,-119.09607465,3,94,195,1,optical,6.0568,12.4306,8.0,6.8039,69.6561,0.313394,simultaneous,2,120
train_000777,Train-Target-000777,-10.85980760,27.74223858,5,55,125,1,optical,9.0763,26.6636,8.0,7.8324,77.9715,0.205918,single,1,120
train_001615,Train-Target-001615,4.12191362,78.08317692,2,53,164,1,sar,16.9100,67.6874,-90.0,4.5251,57.0899,0.409288,single,1,120
train_001465,Train-Target-001465,42.99340872,173.44423189,6,37,189,1,optical,3.2620,21.6729,8.0,5.1404,69.1461,0.341208,single,1,120
train_001183,Train-Target-001183,20.97002333,169.60678039,5,23,110,1,optical,9.9385,60.8153,8.0,4.6187,84.1423,0.184957,single,1,120
train_001195,Train-Target-001195,5.95336842,158.67662757,8,82,225,1,sar,16.9189,30.1407,-90.0,8.0790,64.6592,0.440154,single,1,120
train_000248,Train-Target-000248,21.58516196,-72.61518381,5,10,118,1,sar,19.2884,96.1089,-90.0,6.4353,24.1795,0.216104,sequential,2,120
train_000063,Train-Target-000063,-52.40813473,56.62155665,4,87,132,1,optical,4.5386,42.5560,8.0,8.1451,60.4608,0.277009,single,1,120
train_000350,Train-Target-000350,-35.78317730,58.60063553,2,64,215,1,optical,8.8177,10.2076,8.0,5.6354,70.8723,0.444158,single,1,120
train_001213,Train-Target-001213,10.24025763,70.51324972,2,114,173,1,infrared,39.2662,85.7007,-90.0,5.2870,25.5722,0.225155,single,1,120
train_000438,Train-Target-000438,56.23229055,-20.68400211,10,119,214,1,optical,9.7866,36.6270,8.0,5.7837,50.9956,0.354330,simultaneous,2,120
train_001015,Train-Target-001015,17.87724757,145.82741828,2,21,154,1,optical,4.3834,21.9592,8.0,6.7380,86.8663,0.330279,single,1,120
train_000308,Train-Target-000308,35.02988286,-91.54438642,9,64,105,1,optical,2.1261,23.3059,8.0,7.2636,20.8705,0.392267,single,1,120
train_000281,Train-Target-000281,0.49498585,-87.66339318,4,16,151,1,sar,19.0638,103.6014,-90.0,6.6442,78.0923,0.392575,sequential,2,120
train_000580,Train-Target-000580,17.24213119,76.38277036,3,30,181,1,optical,3.7072,15.5164,8.0,5.8606,58.1650,0.291892,sequential,2,120
train_002174,Train-Target-002174,-26.22459161,-147.13952762,10,56,101,1,sar,10.7912,79.9394,-90.0,5.3248,53.0533,0.233866,sequential,2,120
train_001514,Train-Target-001514,-18.98980844,115.30340634,4,154,237,1,optical,2.2833,10.9515,8.0,7.6304,43.7088,0.381429,sequential,2,120
train_000035,Train-Target-000035,24.23134531,144.08551069,5,180,227,1,infrared,33.1051,69.2540,-90.0,6.6723,84.4268,0.217032,single,1,120
train_000904,Train-Target-000904,13.92623965,-9.86408050,7,13,58,1,infrared,39.9896,119.5887,-90.0,6.5583,52.0468,0.350192,single,1,120
train_001537,Train-Target-001537,36.87677728,-71.58586913,9,117,171,1,optical,2.0021,38.7710,8.0,6.4002,55.3578,0.299973,single,1,120
train_000909,Train-Target-000909,-3.43343427,106.69926524,4,28,127,1,sar,13.5455,46.3751,-90.0,7.0292,80.3205,0.377222,single,1,120
train_001534,Train-Target-001534,-14.70347022,147.67565223,7,23,80,1,optical,9.5508,46.7656,8.0,5.5077,77.5685,0.244433,single,1,120
train_001419,Train-Target-001419,-43.19999736,-55.67269272,6,18,147,1,optical,2.7081,35.2685,8.0,5.5349,30.7610,0.334021,sequential,2,120
train_001230,Train-Target-001230,57.41924633,138.18511263,8,83,238,1,optical,8.6638,56.3575,8.0,5.7098,49.5597,0.431587,single,1,120
train_000787,Train-Target-000787,47.61454348,142.81842237,6,81,223,1,optical,7.0782,58.5866,8.0,5.2095,67.2951,0.199802,single,1,120
train_002712,Train-Target-002712,-1.57344338,-123.49705119,10,162,229,1,sar,15.0299,97.4414,-90.0,7.9893,79.6837,0.340068,single,1,120
train_000613,Train-Target-000613,-43.17214409,162.74742786,9,100,206,1,optical,2.1533,53.2352,8.0,7.6233,37.3618,0.218300,simultaneous,2,120
train_002726,Train-Target-002726,-9.15460057,34.16841038,8,45,92,1,optical,9.8630,48.4729,8.0,6.4908,68.8325,0.184109,single,1,120
train_000472,Train-Target-000472,16.21486959,-100.72716072,2,42,122,1,sar,12.7003,84.3363,-90.0,7.8386,39.9671,0.389492,single,1,120
train_001348,Train-Target-001348,-37.00469070,-126.80758248,9,108,157,1,optical,8.8149,16.4507,8.0,6.9953,38.2666,0.201255,sequential,2,120
train_000896,Train-Target-000896,67.31953630,89.43976767,1,39,118,1,optical,5.0318,33.2095,8.0,5.1705,34.9531,0.323363,single,1,120
train_001180,Train-Target-001180,-34.35239374,78.79004499,1,97,165,1,optical,3.8289,37.6358,8.0,7.4176,35.3012,0.394449,simultaneous,2,120
train_000955,Train-Target-000955,53.11587437,-39.75785955,3,11,130,1,optical,3.2187,38.9148,8.0,7.3953,65.9492,0.258541,single,1,120
train_001104,Train-Target-001104,10.67320467,7.60994378,6,111,215,1,optical,9.1391,61.9062,8.0,5.0629,30.6604,0.299135,single,1,120
train_002686,Train-Target-002686,-16.68345203,-59.17361068,2,52,146,1,optical,4.4328,19.7659,8.0,5.5730,37.1614,0.379637,single,1,120
train_001545,Train-Target-001545,-67.20649461,18.77068076,2,40,85,1,optical,8.1247,14.1567,8.0,7.0608,48.1776,0.235007,single,1,120
train_001188,Train-Target-001188,39.90007204,134.23105388,2,6,141,1,optical,8.4066,24.6310,8.0,6.4446,39.7034,0.375786,single,1,120
train_000956,Train-Target-000956,-41.30772459,59.28894103,3,95,224,1,optical,4.3897,50.7734,8.0,8.1324,26.5540,0.193672,single,1,120
train_002390,Train-Target-002390,77.80458230,-82.34427430,3,161,214,1,sar,20.9988,97.2457,-90.0,6.4566,86.2353,0.222930,single,1,120
train_000590,Train-Target-000590,70.39540729,-77.02287197,3,80,215,1,optical,4.0836,24.8177,8.0,5.5528,39.8934,0.432671,simultaneous,2,120
train_002932,Train-Target-002932,-32.18168129,89.09100505,5,52,179,1,optical,5.6921,54.0378,8.0,6.3777,60.3407,0.411717,simultaneous,2,120
train_002680,Train-Target-002680,25.50838952,-100.88893646,2,91,175,1,sar,14.9449,36.7192,-90.0,6.1919,31.4896,0.183516,simultaneous,2,120
train_001041,Train-Target-001041,71.06453289,-14.23252072,5,104,215,1,optical,4.8265,52.0023,8.0,7.3897,24.3239,0.195464,single,1,120
train_001217,Train-Target-001217,-25.83868764,87.52469323,7,80,239,1,optical,8.2016,12.3987,8.0,6.2920,47.7124,0.231021,single,1,120
train_000917,Train-Target-000917,-39.30247574,101.91283822,10,79,206,1,optical,7.5567,36.2765,8.0,5.5996,33.4240,0.278545,single,1,120
train_002044,Train-Target-002044,3.85182346,-72.44473967,5,95,203,1,optical,7.4715,25.1642,8.0,5.1107,36.7209,0.445990,sequential,2,120
train_001489,Train-Target-001489,28.36788805,-147.53681694,3,5,76,1,sar,9.8200,72.2677,-90.0,7.0860,75.8137,0.397341,sequential,2,120
train_000288,Train-Target-000288,-14.50821479,17.93420084,6,14,170,1,optical,6.0730,12.9759,8.0,7.8682,42.9313,0.342444,single,1,120
train_002437,Train-Target-002437,29.24778844,133.81157706,3,54,197,1,sar,18.3103,65.0425,-90.0,4.8970,66.5405,0.277585,single,1,120
train_001400,Train-Target-001400,-43.96565424,-175.95740928,4,0,156,1,optical,7.5028,14.8341,8.0,5.0621,52.3501,0.366846,single,1,120
train_002648,Train-Target-002648,-12.23014211,101.29777836,2,48,149,1,optical,5.3122,64.0650,8.0,6.8484,42.8190,0.246751,simultaneous,2,120
train_000010,Train-Target-000010,21.32789411,-113.56774951,2,10,167,1,optical,3.9933,46.9347,8.0,5.7014,32.9506,0.352057,single,1,120
train_000126,Train-Target-000126,18.65196160,-134.93853178,8,152,225,1,infrared,18.0779,125.8118,-90.0,5.8807,72.8492,0.431751,single,1,120
train_000263,Train-Target-000263,-28.06932009,151.26716844,7,118,235,1,optical,2.5568,64.6190,8.0,6.2243,40.0008,0.245230,single,1,120
train_003024,Train-Target-003024,32.68559333,156.39879971,10,51,184,1,optical,6.2474,41.5989,8.0,4.5714,49.1822,0.417091,single,1,120
train_000564,Train-Target-000564,31.91341144,-138.28234639,5,60,210,1,optical,8.8739,39.0373,8.0,5.1081,32.8233,0.326853,single,1,120
train_000876,Train-Target-000876,-8.17454066,4.44944529,6,54,159,1,optical,9.4307,60.3169,8.0,6.6950,62.2122,0.244088,single,1,120
train_001851,Train-Target-001851,-4.67008967,56.40486646,4,57,209,1,optical,2.7323,56.5464,8.0,4.6020,68.9665,0.295628,single,1,120
train_000694,Train-Target-000694,-52.30108322,75.48637341,6,160,215,1,sar,19.5047,83.5193,-90.0,6.7995,80.7820,0.418713,single,1,120
train_001861,Train-Target-001861,-49.86776316,-47.16809547,2,35,142,1,sar,13.6189,81.0640,-90.0,5.5105,26.5060,0.277060,single,1,120
train_002883,Train-Target-002883,-38.52888788,-166.81292039,10,33,190,1,optical,6.4946,43.1209,8.0,5.8285,22.1797,0.206455,single,1,120
train_000447,Train-Target-000447,-30.85656080,65.89907512,10,173,216,1,optical,3.5424,31.7495,8.0,8.1429,23.0451,0.215187,sequential,2,120
train_001456,Train-Target-001456,-56.13446542,-107.74321146,10,21,72,1,sar,18.3798,88.0256,-90.0,7.7025,41.9883,0.397065,single,1,120
train_001275,Train-Target-001275,-22.89407181,21.70424015,1,74,224,1,sar,10.6962,61.1121,-90.0,5.8875,20.5057,0.314404,single,1,120
train_001791,Train-Target-001791,-26.82827797,-31.08135334,1,48,135,1,sar,14.1029,98.1875,-90.0,5.6553,66.9383,0.267095,simultaneous,2,120
train_002448,Train-Target-002448,39.71497667,105.83427903,10,162,234,1,sar,9.2324,93.5993,-90.0,6.5364,79.5054,0.247688,single,1,120
train_001019,Train-Target-001019,-42.45213433,-37.51409179,8,51,107,1,optical,5.3689,40.0345,8.0,5.9647,40.4338,0.407113,single,1,120
train_003026,Train-Target-003026,1.62710523,-98.89035484,1,106,200,1,sar,20.8610,81.1478,-90.0,5.3368,63.2198,0.258321,single,1,120
train_000542,Train-Target-000542,-25.49708712,-173.03110725,4,140,182,1,sar,16.3437,88.0776,-90.0,6.2532,59.4607,0.283235,sequential,2,120
train_002410,Train-Target-002410,-0.02570986,-42.00488672,5,92,227,1,optical,4.7299,49.8553,8.0,7.1936,77.3735,0.370465,sequential,2,120
train_001644,Train-Target-001644,56.23612693,-44.12338385,1,130,219,1,sar,21.6477,75.8435,-90.0,5.0637,38.7757,0.232784,single,1,120
train_002693,Train-Target-002693,5.87204219,152.15388058,9,101,209,1,sar,8.7563,59.1531,-90.0,4.8229,49.2026,0.268307,single,1,120
train_001309,Train-Target-001309,-33.09757462,-107.18013276,9,88,233,1,optical,5.5358,45.5389,8.0,7.1551,56.8620,0.189078,single,1,120
train_000357,Train-Target-000357,-1.69487369,63.14381325,9,105,173,1,sar,17.8457,104.3894,-90.0,5.6106,54.8867,0.419554,single,1,120
train_001111,Train-Target-001111,33.49457064,32.69072896,3,70,193,1,optical,9.3457,26.1834,8.0,6.1455,85.4008,0.300188,single,1,120
train_001798,Train-Target-001798,1.14288522,96.51591725,1,38,79,1,infrared,30.0090,75.2282,-90.0,6.9919,37.2510,0.253296,sequential,2,120
train_002200,Train-Target-002200,72.01729554,-1.02460544,1,51,110,1,optical,4.2353,16.2115,8.0,4.9133,67.7536,0.401286,single,1,120
train_002333,Train-Target-002333,29.54038870,-81.45023199,7,5,149,1,sar,20.6189,56.4886,-90.0,8.1039,84.9838,0.448548,sequential,2,120
train_002860,Train-Target-002860,51.88503575,-76.59103976,10,1,126,1,optical,3.2401,42.2262,8.0,7.7555,58.9414,0.373751,sequential,2,120
train_002898,Train-Target-002898,52.65046665,102.01221465,1,66,193,1,optical,7.2091,37.7263,8.0,5.1101,20.1547,0.321812,sequential,2,120
train_000867,Train-Target-000867,-28.58649580,48.75330485,6,148,238,1,optical,8.4007,14.4025,8.0,5.8406,79.8594,0.311343,single,1,120
train_000774,Train-Target-000774,23.55606700,-36.67686513,1,60,179,1,optical,7.1687,57.7221,8.0,8.1279,68.6390,0.321981,sequential,2,120
train_000910,Train-Target-000910,-13.99217792,-92.22263501,4,13,133,1,sar,9.3728,75.5403,-90.0,7.7235,71.0477,0.349650,sequential,2,120
train_000579,Train-Target-000579,-6.76011041,37.73170923,8,39,138,1,optical,9.3076,50.0444,8.0,7.9306,88.2364,0.306324,single,1,120
train_001780,Train-Target-001780,39.14882988,175.18931327,3,1,59,1,optical,3.9701,30.5860,8.0,6.0931,66.5293,0.226983,single,1,120
train_000459,Train-Target-000459,41.45875494,-61.35001890,10,26,129,1,optical,2.3648,26.7220,8.0,7.7061,89.6751,0.369155,single,1,120
train_000478,Train-Target-000478,-56.33892308,129.36337295,5,189,230,1,sar,17.4247,77.0927,-90.0,7.7624,88.5625,0.180528,single,1,120
train_002204,Train-Target-002204,41.75898112,16.57895846,8,2,42,1,sar,13.4822,28.9524,-90.0,6.5825,29.7890,0.301746,single,1,120
train_000168,Train-Target-000168,25.17905990,-129.36742687,10,115,224,1,optical,5.0833,51.8449,8.0,4.7357,48.5838,0.374666,simultaneous,2,120
train_001074,Train-Target-001074,52.75931826,78.98880618,9,29,82,1,optical,7.5116,58.0372,8.0,6.2710,46.2861,0.427358,single,1,120
train_001541,Train-Target-001541,-41.06432708,-132.69765472,2,18,156,1,optical,8.6808,64.9514,8.0,5.0563,89.0903,0.256775,simultaneous,2,120
train_000148,Train-Target-000148,0.29502972,123.92173470,10,19,133,1,optical,7.3749,59.3070,8.0,5.2797,36.2885,0.415216,single,1,120
train_002493,Train-Target-002493,81.61316000,-35.33098015,2,13,62,1,optical,4.8608,24.9000,8.0,4.9840,46.4161,0.333060,single,1,120
train_000940,Train-Target-000940,35.11027064,-128.64395434,8,150,223,1,optical,2.1030,54.1099,8.0,5.6399,62.6977,0.406880,single,1,120
train_002258,Train-Target-002258,1.07731031,-65.47312672,7,115,166,1,optical,9.4490,14.4551,8.0,7.8870,40.0075,0.203648,single,1,120
train_000887,Train-Target-000887,-38.02873745,-34.02698459,2,129,207,1,sar,9.6385,101.3940,-90.0,7.4143,45.3787,0.415985,single,1,120
train_000375,Train-Target-000375,-9.61688781,-62.01562071,4,90,191,1,optical,9.1200,35.6866,8.0,6.8339,25.7909,0.210924,single,1,120
train_000572,Train-Target-000572,36.55749475,153.11186352,9,6,46,1,infrared,21.2125,73.6371,-90.0,4.6624,78.4812,0.397380,single,1,120
train_000513,Train-Target-000513,47.79736761,7.73742045,8,89,209,1,sar,15.7563,71.5791,-90.0,7.4623,75.6181,0.411303,sequential,2,120
train_000317,Train-Target-000317,-7.07416804,89.53849679,8,77,223,1,optical,2.4969,56.7753,8.0,7.3004,63.5224,0.237876,single,1,120
train_002486,Train-Target-002486,-56.42752284,-178.83365370,4,153,229,1,optical,9.6434,49.2413,8.0,6.6792,67.8024,0.387703,single,1,120
train_000017,Train-Target-000017,60.34273936,-108.24009860,2,69,220,1,optical,4.7725,15.5627,8.0,7.9130,88.6880,0.322981,single,1,120
train_001573,Train-Target-001573,-73.12411619,139.01324451,10,59,212,1,optical,3.6134,62.3561,8.0,7.4748,51.7698,0.256722,single,1,120
train_002461,Train-Target-002461,-48.39215205,-83.29790394,6,88,187,1,optical,4.3638,29.4889,8.0,5.9605,81.2222,0.247390,single,1,120
train_001993,Train-Target-001993,47.75510454,-65.38686383,5,129,211,1,optical,2.7738,32.8899,8.0,6.6476,87.9079,0.390790,single,1,120
train_000913,Train-Target-000913,-35.64154759,-55.14631796,5,132,232,1,sar,16.0875,109.2980,-90.0,5.9624,75.2927,0.299454,single,1,120
train_001669,Train-Target-001669,73.38459836,9.73108376,8,70,122,1,optical,7.3548,47.7354,8.0,6.9677,57.0519,0.362332,simultaneous,2,120
train_001013,Train-Target-001013,30.23303133,-171.16346122,6,27,163,1,sar,14.4163,26.6939,-90.0,4.5480,65.3829,0.445545,single,1,120
train_000662,Train-Target-000662,-47.24729722,127.00004000,10,95,231,1,sar,10.8931,34.9570,-90.0,6.5387,45.5059,0.231442,sequential,2,120
train_000036,Train-Target-000036,-41.73331827,68.01738975,1,106,229,1,infrared,23.9573,86.6327,-90.0,6.1097,42.5397,0.302218,single,1,120
train_002458,Train-Target-002458,2.85952341,-113.07514941,5,25,164,1,infrared,20.4987,113.7673,-90.0,7.2409,72.1920,0.301346,single,1,120
train_001909,Train-Target-001909,-7.03412483,58.30583531,7,82,232,1,optical,9.9471,24.8570,8.0,6.5139,75.0259,0.321439,single,1,120
train_001351,Train-Target-001351,67.80682228,105.11106176,5,82,224,1,optical,6.6520,29.3453,8.0,7.2374,88.2726,0.296386,single,1,120
train_002032,Train-Target-002032,-61.88048662,-0.91963771,9,93,148,1,optical,4.2808,16.0491,8.0,5.6118,38.0747,0.249859,single,1,120
train_002364,Train-Target-002364,38.67002931,-18.87607404,7,60,170,1,infrared,36.9409,69.4908,-90.0,6.4302,38.1369,0.440848,sequential,2,120
train_002056,Train-Target-002056,-22.21220367,-155.75227817,5,25,163,1,optical,4.7231,15.1519,8.0,8.1617,53.1872,0.200788,single,1,120
train_001422,Train-Target-001422,-31.21821276,-72.62241284,9,138,213,1,sar,15.7400,92.8729,-90.0,6.0694,28.9421,0.197686,single,1,120
train_002192,Train-Target-002192,-20.42524586,67.00104343,8,125,216,1,optical,5.5776,46.5194,8.0,5.8592,24.7035,0.308237,single,1,120
train_000079,Train-Target-000079,43.93292484,-161.57813065,2,35,188,1,optical,2.2300,54.6936,8.0,4.5353,59.8834,0.306213,sequential,2,120
train_001452,Train-Target-001452,-15.14050099,47.15427509,3,1,94,1,optical,7.3358,15.2866,8.0,6.0791,30.5807,0.405089,single,1,120
train_001286,Train-Target-001286,-41.98021802,145.60549121,7,73,165,1,sar,19.0104,56.7769,-90.0,8.3988,89.3341,0.237280,single,1,120
train_002534,Train-Target-002534,-5.40769538,-8.83871474,6,132,209,1,sar,19.5901,76.5629,-90.0,6.1957,59.7147,0.427439,sequential,2,120
train_001554,Train-Target-001554,-42.44857330,66.36844380,5,28,183,1,optical,3.0827,10.2547,8.0,7.0017,68.4152,0.306664,single,1,120
train_000347,Train-Target-000347,3.28230398,-106.44844552,10,176,239,1,optical,3.8193,24.7614,8.0,6.9701,73.2800,0.219231,single,1,120
train_002570,Train-Target-002570,24.52277984,29.89796471,2,91,155,1,sar,12.0207,56.6423,-90.0,4.7204,45.8053,0.363291,simultaneous,2,120
train_001679,Train-Target-001679,45.05265243,-150.42722756,4,30,144,1,sar,15.7109,46.7011,-90.0,6.0473,68.1727,0.215320,single,1,120
train_001876,Train-Target-001876,-36.30674331,-29.31546161,5,106,151,1,sar,13.9487,95.1924,-90.0,4.7285,77.8916,0.234486,sequential,2,120
train_000824,Train-Target-000824,-25.41663186,80.29347997,5,10,137,1,sar,16.3517,69.5564,-90.0,5.5631,22.9704,0.285538,single,1,120
train_001807,Train-Target-001807,51.81590176,-84.03784069,8,39,119,1,optical,2.0936,21.7038,8.0,5.8758,64.9097,0.233700,sequential,2,120
train_001512,Train-Target-001512,-57.18236617,67.94703206,1,7,166,1,optical,5.3108,26.3177,8.0,6.2798,72.7794,0.392048,single,1,120
train_001848,Train-Target-001848,-38.44738507,136.73361951,6,6,64,1,optical,9.4873,12.8102,8.0,5.8150,66.7075,0.243909,single,1,120
train_000342,Train-Target-000342,0.77712271,-39.33178323,10,71,113,1,optical,6.4681,61.3582,8.0,7.2168,88.6668,0.385530,simultaneous,2,120
train_002755,Train-Target-002755,9.60898633,-1.77506071,5,56,152,1,infrared,28.2695,48.2461,-90.0,7.6184,81.4268,0.378920,single,1,120
train_000034,Train-Target-000034,30.92968460,111.72281529,2,24,140,1,optical,9.6813,46.6450,8.0,8.3541,60.7628,0.271671,simultaneous,2,120
train_001951,Train-Target-001951,-71.33022764,-109.23493000,3,94,177,1,sar,16.1113,48.6538,-90.0,6.5496,25.4636,0.319159,single,1,120
train_002698,Train-Target-002698,65.75254468,102.96896571,7,148,203,1,optical,8.3852,58.0132,8.0,5.7063,44.0839,0.292951,simultaneous,2,120
train_001462,Train-Target-001462,-37.86709271,76.43100591,6,29,121,1,sar,21.7933,77.0789,-90.0,6.3515,73.2318,0.276279,sequential,2,120
train_002670,Train-Target-002670,-29.29086346,-129.63644131,8,45,186,1,optical,2.0411,64.2949,8.0,8.2086,30.9642,0.380533,single,1,120
train_003043,Train-Target-003043,-15.91254559,61.44446298,5,79,129,1,optical,8.3264,31.4163,8.0,4.8783,42.2111,0.222157,single,1,120
train_001292,Train-Target-001292,58.29798350,101.65672473,4,83,180,1,sar,12.9127,55.5052,-90.0,4.6703,25.6864,0.253624,single,1,120
train_002250,Train-Target-002250,1.79167715,-78.14460516,6,59,105,1,sar,18.6624,65.7797,-90.0,4.9256,85.2064,0.392368,single,1,120
train_003055,Train-Target-003055,17.47694893,139.06786665,6,70,156,1,optical,3.9434,22.8908,8.0,4.7697,55.2056,0.279137,single,1,120
train_000331,Train-Target-000331,-6.96324804,77.80438066,3,44,187,1,optical,6.8662,20.7167,8.0,5.4753,77.3997,0.262033,simultaneous,2,120
train_001599,Train-Target-001599,-46.94729723,152.98749723,5,114,234,1,sar,13.3270,80.3226,-90.0,5.3385,28.2624,0.347576,single,1,120
train_001396,Train-Target-001396,-52.54417203,171.73933570,9,3,55,1,optical,4.7210,61.7091,8.0,8.3018,76.9206,0.364907,single,1,120
train_000285,Train-Target-000285,33.59813831,115.32490463,10,97,218,1,sar,16.3848,44.0123,-90.0,6.9092,21.1545,0.396891,single,1,120
train_002978,Train-Target-002978,23.13656833,81.45849232,10,48,189,1,optical,7.8579,26.4576,8.0,5.8371,89.6031,0.441860,simultaneous,2,120
train_001745,Train-Target-001745,-34.42644349,6.89279913,2,1,72,1,infrared,20.6802,128.7656,-90.0,7.3698,79.4654,0.183651,single,1,120
train_001103,Train-Target-001103,46.20489143,-75.50789196,9,116,207,1,optical,9.9847,57.3243,8.0,6.3284,22.1291,0.190282,sequential,2,120
train_002925,Train-Target-002925,-60.96237364,153.44083880,9,91,138,1,optical,2.0787,48.0711,8.0,6.7866,66.0663,0.431929,single,1,120
train_000744,Train-Target-000744,38.42363216,157.43573295,2,113,232,1,sar,16.0358,80.1084,-90.0,5.3719,62.0268,0.260041,simultaneous,2,120
train_001652,Train-Target-001652,-2.90710667,-8.11983398,3,123,220,1,optical,8.0106,37.5798,8.0,8.1742,66.3303,0.391198,single,1,120
train_001246,Train-Target-001246,18.49382715,-147.14319636,6,14,165,1,sar,8.8672,102.0482,-90.0,7.3207,36.4062,0.200878,sequential,2,120
train_002557,Train-Target-002557,2.55667159,136.87358512,6,168,235,1,infrared,25.7061,133.0872,-90.0,7.6326,49.5889,0.311894,single,1,120
train_000528,Train-Target-000528,-48.21323495,46.72868326,6,46,152,1,optical,6.9345,28.3136,8.0,4.9154,22.8069,0.401897,single,1,120
train_002524,Train-Target-002524,-9.49872540,-26.87504125,7,76,195,1,sar,16.5491,56.3816,-90.0,7.3060,66.7894,0.260193,single,1,120
train_001725,Train-Target-001725,62.99811165,22.69776222,1,47,141,1,optical,6.8633,34.1949,8.0,7.8904,47.0985,0.357105,single,1,120
train_000972,Train-Target-000972,36.55732405,-164.87540572,8,46,120,1,optical,3.3076,30.1108,8.0,5.4914,69.4260,0.324856,simultaneous,2,120
train_001987,Train-Target-001987,17.04467938,-167.74867901,10,21,159,1,optical,2.8740,42.5668,8.0,6.5648,70.1920,0.251436,single,1,120
train_002497,Train-Target-002497,4.55649740,-148.59577857,6,4,109,1,optical,7.8129,45.4510,8.0,5.3014,56.7079,0.248374,single,1,120
train_002150,Train-Target-002150,0.42879314,-71.18063569,10,64,212,1,sar,15.0137,94.5215,-90.0,6.3552,78.5957,0.338481,single,1,120
train_001182,Train-Target-001182,-48.62360649,-5.69054390,2,73,150,1,optical,8.2253,44.6773,8.0,7.1205,60.8046,0.328406,single,1,120
train_001626,Train-Target-001626,-34.60563610,67.44494719,7,20,63,1,optical,9.1236,20.7891,8.0,5.6427,62.7039,0.249141,single,1,120
train_001061,Train-Target-001061,-11.20571029,151.63384808,9,89,228,1,sar,9.1398,106.7440,-90.0,6.3740,42.0059,0.301834,single,1,120
train_001646,Train-Target-001646,68.58658193,-142.51785713,2,45,185,1,sar,12.9838,101.6369,-90.0,7.5487,28.9257,0.443661,single,1,120
train_001415,Train-Target-001415,-0.78491212,106.54831964,5,53,209,1,optical,8.9432,47.2972,8.0,5.7298,79.6721,0.268884,single,1,120
train_000582,Train-Target-000582,59.81784987,-41.77949541,4,87,211,1,optical,6.9060,54.3486,8.0,5.0691,77.9218,0.241584,single,1,120
train_002813,Train-Target-002813,24.62540708,15.65431451,3,133,196,1,optical,6.9668,41.7904,8.0,4.8784,35.7820,0.333514,sequential,2,120
train_000022,Train-Target-000022,-68.06693345,-27.95230601,4,123,196,1,optical,7.0314,56.8425,8.0,5.4923,77.6994,0.436349,single,1,120
train_000109,Train-Target-000109,-77.28496709,155.71961092,5,122,211,1,sar,9.0262,37.3237,-90.0,7.2549,21.0569,0.284042,single,1,120
train_000276,Train-Target-000276,3.97914515,-40.01147340,10,48,202,1,optical,7.4611,54.2976,8.0,8.1236,71.1447,0.247247,sequential,2,120
train_000901,Train-Target-000901,-5.71162213,-130.03618782,7,57,136,1,optical,2.3009,49.6190,8.0,7.6205,82.0389,0.287678,single,1,120
train_003008,Train-Target-003008,-4.83599001,-52.02893213,7,67,135,1,sar,12.3537,96.2741,-90.0,5.6241,79.9035,0.433334,single,1,120
train_000812,Train-Target-000812,-65.11720996,-12.05716799,4,18,70,1,optical,8.8483,36.8206,8.0,7.4917,65.4331,0.259292,sequential,2,120
train_001524,Train-Target-001524,68.30384025,-16.50670802,1,145,206,1,optical,9.6363,18.1055,8.0,7.2538,64.3722,0.281736,simultaneous,2,120
train_002892,Train-Target-002892,-73.99323198,-110.83727036,4,43,106,1,optical,5.6363,57.0633,8.0,4.5966,40.5139,0.291632,single,1,120
train_002054,Train-Target-002054,-74.04979013,-153.74169851,7,34,171,1,optical,3.6817,50.3528,8.0,5.9418,49.3463,0.401808,sequential,2,120
train_001846,Train-Target-001846,-75.95607618,-121.76913709,7,75,178,1,optical,9.8787,17.8940,8.0,6.1744,31.0147,0.323766,sequential,2,120
train_002453,Train-Target-002453,-2.58014284,138.68106833,7,66,205,1,optical,4.0105,38.9605,8.0,4.9518,88.0958,0.190313,single,1,120
train_001869,Train-Target-001869,26.33609235,101.01285343,8,25,159,1,sar,18.8697,63.5977,-90.0,7.8925,85.5396,0.338421,single,1,120
train_000912,Train-Target-000912,-11.36743583,37.63144340,6,30,100,1,sar,14.3917,91.0192,-90.0,5.4033,72.7176,0.266072,single,1,120
train_001299,Train-Target-001299,37.85402369,-39.64788696,10,74,114,1,optical,2.7815,57.0183,8.0,4.7013,68.7077,0.447723,sequential,2,120
train_000680,Train-Target-000680,42.44378696,15.16932775,8,131,188,1,optical,2.7216,51.8781,8.0,5.9495,52.1191,0.201279,sequential,2,120
train_002468,Train-Target-002468,-23.96582178,-166.75149271,2,80,216,1,optical,8.2504,64.4630,8.0,5.6367,86.6410,0.430648,single,1,120
train_001860,Train-Target-001860,5.41105579,-154.59597175,9,165,226,1,sar,14.5671,101.8144,-90.0,8.0026,58.0222,0.369817,sequential,2,120
train_003035,Train-Target-003035,-26.12356495,53.18536039,2,96,222,1,optical,7.9102,43.2905,8.0,6.4213,46.4768,0.197628,sequential,2,120
train_000772,Train-Target-000772,16.79872253,-152.87597360,2,128,235,1,sar,20.9145,75.5045,-90.0,5.4477,82.2082,0.198360,simultaneous,2,120
train_002266,Train-Target-002266,3.13727154,-0.87800483,6,67,215,1,optical,6.1845,50.4450,8.0,7.4771,35.2401,0.418106,single,1,120
train_000151,Train-Target-000151,-0.66762694,-178.87264281,5,40,189,1,sar,10.7621,75.6588,-90.0,4.5750,49.6320,0.257935,single,1,120
train_001787,Train-Target-001787,-8.33293227,-56.31595002,4,119,200,1,infrared,39.6713,52.9068,-90.0,4.6762,76.8069,0.442119,single,1,120
train_002913,Train-Target-002913,54.63639977,160.69250118,3,18,158,1,optical,3.8165,38.5599,8.0,4.9588,42.2441,0.192437,single,1,120
train_000642,Train-Target-000642,-27.68614828,-121.11494877,3,13,102,1,sar,16.1031,49.6413,-90.0,6.5357,27.8704,0.325469,simultaneous,2,120
train_002979,Train-Target-002979,-48.54138141,-11.46086427,1,124,190,1,optical,9.5445,17.9159,8.0,4.7460,70.0590,0.442553,single,1,120
train_002262,Train-Target-002262,-13.39670563,-42.99658972,9,87,234,1,optical,2.5385,31.1141,8.0,6.5260,55.6076,0.375956,single,1,120
train_000282,Train-Target-000282,19.36135973,-53.23458225,2,81,178,1,sar,12.2248,31.5973,-90.0,7.3800,46.3348,0.249744,sequential,2,120
train_002177,Train-Target-002177,52.33416487,64.52724242,4,64,211,1,optical,7.2923,11.9259,8.0,6.1587,55.0967,0.275215,single,1,120
train_000106,Train-Target-000106,71.58500161,-31.83024175,4,64,116,1,optical,6.5518,26.5743,8.0,4.7801,43.0413,0.332694,single,1,120
train_000742,Train-Target-000742,-33.86838329,49.35315189,2,8,140,1,sar,20.4314,43.2548,-90.0,7.7949,34.0607,0.419486,simultaneous,2,120
train_002328,Train-Target-002328,17.68404263,21.25029068,6,55,204,1,infrared,30.4492,65.4793,-90.0,4.7051,69.4612,0.210184,single,1,120
train_001389,Train-Target-001389,24.24927173,-56.77726323,4,42,103,1,sar,18.9624,106.1153,-90.0,7.9730,45.5439,0.422695,sequential,2,120
train_002085,Train-Target-002085,32.83164198,-95.51520923,5,66,131,1,optical,4.6270,36.1810,8.0,4.8885,28.1297,0.386054,single,1,120
train_000094,Train-Target-000094,-12.25731824,40.62214102,8,75,195,1,sar,21.9803,67.9757,-90.0,4.7878,58.9671,0.411084,sequential,2,120
train_000652,Train-Target-000652,59.66689120,118.12048730,8,131,174,1,optical,2.4413,15.5223,8.0,6.3376,69.4929,0.351396,simultaneous,2,120
train_002484,Train-Target-002484,78.05391852,-162.75401202,8,53,170,1,sar,12.0473,100.4598,-90.0,5.8770,30.0142,0.316658,single,1,120
train_000297,Train-Target-000297,14.96977360,-36.57287217,6,25,108,1,infrared,29.1952,126.6686,-90.0,8.3695,36.9688,0.217615,single,1,120
train_002644,Train-Target-002644,16.55458425,-52.02342285,8,27,159,1,sar,11.9540,62.1596,-90.0,7.1370,47.7045,0.367354,single,1,120
train_001643,Train-Target-001643,7.40633036,14.88604836,7,17,88,1,optical,3.2458,57.1259,8.0,6.7960,48.8303,0.185170,single,1,120
train_002992,Train-Target-002992,-73.14533270,175.18543267,7,133,180,1,sar,14.6794,103.5252,-90.0,5.5270,34.3493,0.433897,single,1,120
train_002308,Train-Target-002308,45.34388750,31.63032277,5,3,91,1,optical,3.7475,50.8715,8.0,4.9749,71.8576,0.203391,single,1,120
train_002268,Train-Target-002268,14.03421516,23.62236701,1,123,194,1,optical,8.9719,51.1635,8.0,6.1709,68.3875,0.409985,sequential,2,120
train_002323,Train-Target-002323,-31.89624618,128.66445699,8,66,216,1,optical,5.2909,63.0591,8.0,7.7319,48.4193,0.231577,single,1,120
train_002069,Train-Target-002069,-62.84479397,29.26859134,9,60,198,1,optical,7.9266,11.8217,8.0,7.0389,81.3498,0.186054,single,1,120
train_001556,Train-Target-001556,62.08472436,148.85272400,8,21,163,1,infrared,24.0987,135.6671,-90.0,4.9016,58.3756,0.338715,sequential,2,120
train_001634,Train-Target-001634,-23.76378178,42.44044607,7,4,140,1,optical,6.2551,13.5319,8.0,7.2384,63.7816,0.234851,single,1,120
train_001480,Train-Target-001480,-50.67036766,112.54265865,10,47,197,1,optical,5.6312,49.3627,8.0,6.3500,44.0472,0.287103,single,1,120
train_000298,Train-Target-000298,-24.34792836,72.10207191,2,82,162,1,sar,10.6501,43.5444,-90.0,6.4711,81.8638,0.243143,sequential,2,120
train_000399,Train-Target-000399,-8.34350478,126.41874575,3,66,137,1,optical,9.6494,20.9366,8.0,6.7301,28.7187,0.204961,sequential,2,120
train_002713,Train-Target-002713,-11.17695488,-139.04539971,10,151,222,1,infrared,22.0749,135.1030,-90.0,7.0725,42.4851,0.384290,single,1,120
train_000510,Train-Target-000510,-17.13936880,-1.51152540,7,76,185,1,optical,7.8208,48.3185,8.0,8.1464,36.6229,0.440419,single,1,120
train_002845,Train-Target-002845,50.64297650,-179.58015746,5,134,185,1,optical,7.2613,53.8588,8.0,5.3464,79.7982,0.332784,single,1,120
train_002639,Train-Target-002639,-52.37534752,-137.44255470,9,17,76,1,infrared,22.9169,137.2371,-90.0,7.1612,54.9563,0.418938,single,1,120
train_002265,Train-Target-002265,32.03945672,-114.40239012,5,66,125,1,sar,17.5807,83.9193,-90.0,5.7050,58.3976,0.335136,simultaneous,2,120
train_001338,Train-Target-001338,1.36299670,-132.95581745,5,27,104,1,optical,5.9224,63.9075,8.0,4.9739,65.9916,0.292840,single,1,120
train_000500,Train-Target-000500,-49.71586975,23.95725549,1,116,227,1,optical,9.1655,42.9683,8.0,7.3268,44.1685,0.300457,single,1,120
train_001680,Train-Target-001680,-5.66335637,107.83235887,3,103,161,1,optical,6.1197,60.4343,8.0,5.3557,20.2160,0.246810,single,1,120
train_001760,Train-Target-001760,-10.61565690,-110.67257159,5,99,236,1,optical,7.8669,10.5462,8.0,5.8254,81.7944,0.209661,single,1,120
train_001802,Train-Target-001802,-68.73171854,58.35474077,8,37,148,1,optical,2.8590,62.8035,8.0,7.5798,53.3316,0.426846,single,1,120
train_001950,Train-Target-001950,-27.59243127,-144.21774307,10,168,233,1,optical,2.1410,60.9356,8.0,7.4972,27.8259,0.202508,single,1,120
train_000202,Train-Target-000202,47.90736767,84.79217529,7,65,207,1,optical,2.8790,36.1426,8.0,7.6540,31.6086,0.443431,sequential,2,120
train_002543,Train-Target-002543,-5.09078707,144.62359053,1,86,211,1,optical,8.8692,34.8032,8.0,5.0723,52.1305,0.376073,single,1,120
train_002394,Train-Target-002394,74.13627959,-102.76330481,4,119,176,1,optical,5.1360,24.6915,8.0,4.8694,83.1380,0.310642,single,1,120
train_001569,Train-Target-001569,-24.64804386,-20.74301753,9,136,218,1,sar,8.1939,48.0350,-90.0,5.9781,66.2988,0.239660,single,1,120
train_002134,Train-Target-002134,-36.16767335,41.58449836,8,119,178,1,infrared,37.2104,52.4020,-90.0,7.2320,40.8488,0.424624,single,1,120
train_001768,Train-Target-001768,-0.60535853,-81.70875191,10,4,148,1,optical,9.8216,49.6787,8.0,5.2114,35.9922,0.321888,single,1,120
train_001436,Train-Target-001436,28.71736899,157.96201523,6,135,202,1,optical,9.9680,35.5628,8.0,7.7657,69.9142,0.394220,sequential,2,120
train_000145,Train-Target-000145,-73.94021470,-103.15867788,9,47,120,1,sar,14.6972,48.7901,-90.0,5.8451,87.8949,0.350776,single,1,120
train_002675,Train-Target-002675,11.98866844,-84.84554292,2,36,141,1,optical,3.3823,17.2750,8.0,5.9398,75.5344,0.259807,sequential,2,120
train_000460,Train-Target-000460,-43.88731349,-149.10873181,7,14,65,1,sar,14.0462,49.9879,-90.0,5.0882,82.2605,0.187939,single,1,120
train_001887,Train-Target-001887,13.37398400,105.79881328,8,14,94,1,optical,9.8260,29.3234,8.0,6.9245,71.2788,0.325405,sequential,2,120
train_000048,Train-Target-000048,39.81469470,-4.47888745,3,157,205,1,sar,20.8800,90.4696,-90.0,4.9553,62.8621,0.408047,single,1,120
train_000969,Train-Target-000969,-34.63213737,96.78679115,7,29,152,1,optical,8.2985,47.5952,8.0,8.1437,33.8266,0.266250,single,1,120
train_002582,Train-Target-002582,41.99131053,23.22499481,6,5,158,1,optical,6.4896,20.1569,8.0,7.1129,72.8161,0.264080,sequential,2,120
train_002874,Train-Target-002874,-28.48740071,27.17643698,8,45,113,1,optical,2.2106,39.4632,8.0,5.8518,75.9004,0.248630,single,1,120
train_002901,Train-Target-002901,68.37613736,-160.39310279,3,30,169,1,infrared,22.8541,67.3486,-90.0,7.8486,27.7948,0.416010,single,1,120
train_000330,Train-Target-000330,-1.79274853,-143.54274061,6,115,185,1,optical,3.4734,34.4780,8.0,7.7419,49.8743,0.182105,single,1,120
train_000502,Train-Target-000502,-51.10742064,127.73970212,1,61,166,1,optical,9.2398,36.4243,8.0,4.9985,33.1274,0.195676,single,1,120
train_002094,Train-Target-002094,-3.96934549,-107.48727081,6,79,183,1,optical,7.4763,23.6345,8.0,8.2910,35.3137,0.264142,single,1,120
train_001142,Train-Target-001142,-8.10888017,70.56637120,8,8,88,1,sar,10.0047,108.3087,-90.0,7.8511,59.7324,0.311449,single,1,120
train_001731,Train-Target-001731,-54.92837590,162.69720522,10,125,219,1,optical,3.8143,36.2243,8.0,7.6958,89.4666,0.425134,sequential,2,120
train_002466,Train-Target-002466,6.80971987,169.05764653,3,64,164,1,infrared,34.0952,51.2829,-90.0,6.2771,53.0763,0.390223,single,1,120
train_000976,Train-Target-000976,-6.56189585,67.13814803,10,161,219,1,sar,14.4322,33.0619,-90.0,8.2232,20.4273,0.428354,single,1,120
train_002975,Train-Target-002975,-71.21291100,-91.37094479,10,173,227,1,sar,18.7695,25.5205,-90.0,6.9315,73.0656,0.226318,sequential,2,120
train_000037,Train-Target-000037,23.22465474,16.11133533,4,38,170,1,optical,7.4843,50.8347,8.0,5.6926,24.5166,0.329723,single,1,120
train_000335,Train-Target-000335,-82.12857455,-67.92865398,6,8,141,1,optical,3.8599,10.5187,8.0,6.4951,77.4498,0.319751,single,1,120
train_002135,Train-Target-002135,-58.50187081,-159.87404092,1,24,156,1,optical,5.9831,47.6687,8.0,4.9395,84.8910,0.402842,single,1,120
train_002547,Train-Target-002547,15.30034753,157.18980598,2,48,94,1,infrared,36.5901,138.6428,-90.0,4.9097,78.7217,0.245039,single,1,120
train_002064,Train-Target-002064,-0.42749111,89.72720993,4,9,51,1,optical,6.6066,21.1793,8.0,6.2899,83.3425,0.384877,single,1,120
train_002697,Train-Target-002697,-0.25805911,54.98282542,1,85,183,1,optical,4.5135,64.1307,8.0,6.7282,82.2767,0.243061,single,1,120
train_002080,Train-Target-002080,-42.39064288,-167.25517750,7,98,221,1,optical,4.3964,19.8813,8.0,8.1215,39.4489,0.443086,single,1,120
train_003013,Train-Target-003013,-0.64254807,-73.86999946,3,65,211,1,optical,8.6973,19.2166,8.0,7.7454,54.4585,0.258011,sequential,2,120
train_001712,Train-Target-001712,-12.47973919,146.96286197,3,104,188,1,sar,17.2082,59.8995,-90.0,5.8090,87.2284,0.224062,sequential,2,120
train_002916,Train-Target-002916,21.34461434,-162.49074871,6,15,158,1,optical,8.5816,62.2911,8.0,6.4271,30.2916,0.315196,single,1,120
train_002211,Train-Target-002211,-19.84337653,-119.06828150,4,110,177,1,optical,2.0496,62.8845,8.0,4.6965,24.5510,0.217365,single,1,120
train_001884,Train-Target-001884,-40.43349100,-127.04878576,5,62,124,1,optical,2.6706,34.8831,8.0,7.7974,83.7738,0.259592,simultaneous,2,120
train_002545,Train-Target-002545,50.64933941,152.71403652,2,16,138,1,optical,5.7980,37.9545,8.0,6.3245,82.5814,0.381259,sequential,2,120
train_000395,Train-Target-000395,40.29146395,-176.65049145,4,40,182,1,optical,8.4272,62.0952,8.0,7.0957,78.9409,0.270204,single,1,120
train_000766,Train-Target-000766,60.21595967,-16.87900328,4,66,112,1,optical,8.1387,52.7677,8.0,5.2440,89.9127,0.367891,single,1,120
train_002474,Train-Target-002474,-55.84385542,-13.50684172,10,156,216,1,sar,13.5836,81.6936,-90.0,7.6846,24.6470,0.319610,single,1,120
train_001385,Train-Target-001385,-1.62414538,39.41861705,5,83,179,1,sar,19.3629,91.5193,-90.0,7.3098,79.9167,0.227604,simultaneous,2,120
train_002477,Train-Target-002477,50.31084914,-39.43594906,1,82,187,1,optical,4.9603,12.0228,8.0,5.1134,22.5350,0.344040,single,1,120
train_002365,Train-Target-002365,-27.37093243,-79.73644270,10,23,120,1,optical,3.8326,55.9063,8.0,6.7951,27.0329,0.428709,single,1,120
train_000749,Train-Target-000749,-4.46224933,-53.88776296,9,34,123,1,optical,9.0657,58.4265,8.0,7.4378,77.2412,0.220581,sequential,2,120
train_000223,Train-Target-000223,-11.65662739,146.99070395,7,6,154,1,optical,9.6831,39.2093,8.0,5.1913,24.9000,0.248538,single,1,120
train_002583,Train-Target-002583,-24.87915618,120.14870105,7,43,110,1,infrared,28.9614,122.1918,-90.0,7.6675,79.3161,0.441243,simultaneous,2,120
train_001128,Train-Target-001128,20.58715961,155.91582106,5,57,200,1,sar,9.9806,102.5455,-90.0,4.7779,41.7286,0.382657,single,1,120
train_002383,Train-Target-002383,-77.94542367,-92.39829115,6,6,124,1,optical,6.1088,21.2401,8.0,7.8640,29.7284,0.259674,single,1,120
train_001039,Train-Target-001039,-41.86283591,-98.28158337,7,9,53,1,sar,9.8737,84.8845,-90.0,7.1017,30.8422,0.435957,sequential,2,120
train_000322,Train-Target-000322,-24.66848116,-51.10328314,7,138,199,1,optical,7.8522,44.1103,8.0,6.6908,45.2289,0.236000,single,1,120
train_002792,Train-Target-002792,-0.58543913,147.92057588,6,21,157,1,optical,8.3681,19.2233,8.0,6.0238,26.7195,0.312737,single,1,120
train_001729,Train-Target-001729,33.34436213,-28.33903775,5,90,213,1,optical,5.6383,14.7042,8.0,5.5984,71.9197,0.368507,single,1,120
train_000880,Train-Target-000880,-24.73759396,0.19332326,9,88,140,1,optical,5.8688,46.9844,8.0,5.3839,20.1877,0.280512,single,1,120
train_000498,Train-Target-000498,59.43741848,35.70014470,10,41,200,1,sar,19.2477,85.1626,-90.0,7.9262,80.9608,0.392830,single,1,120
train_000602,Train-Target-000602,-8.69555109,57.88547310,2,85,173,1,optical,9.5389,37.3604,8.0,7.2600,72.4486,0.265940,sequential,2,120
train_001656,Train-Target-001656,22.48587078,-105.47331987,3,28,116,1,sar,20.4912,80.5315,-90.0,5.3856,37.3261,0.414344,single,1,120
train_000752,Train-Target-000752,-14.55485224,88.92360990,1,5,89,1,optical,3.2016,11.2563,8.0,5.5656,26.8846,0.434115,single,1,120
train_002363,Train-Target-002363,13.17852984,-124.26796004,9,43,196,1,optical,3.9856,39.3821,8.0,5.5470,31.6674,0.237629,single,1,120
train_000968,Train-Target-000968,62.26217146,-155.78571776,7,73,168,1,optical,5.6693,10.7690,8.0,6.9054,44.9007,0.214898,single,1,120
train_002026,Train-Target-002026,67.29790088,40.73864763,3,68,211,1,sar,18.4039,71.2216,-90.0,4.8828,49.4046,0.362941,simultaneous,2,120
train_002385,Train-Target-002385,8.24187619,-111.53733224,4,25,93,1,optical,8.2669,64.7339,8.0,6.8314,21.6726,0.341549,single,1,120
train_001443,Train-Target-001443,49.92483336,2.27468064,3,135,230,1,optical,7.7953,22.7996,8.0,7.5404,88.2944,0.432952,single,1,120
train_001118,Train-Target-001118,53.10356552,179.70958667,1,63,125,1,optical,4.5050,39.7337,8.0,7.5556,88.2573,0.424385,single,1,120
train_001080,Train-Target-001080,32.39795194,115.75510050,5,109,201,1,optical,3.3603,28.1882,8.0,8.3026,65.8726,0.206644,single,1,120
train_001649,Train-Target-001649,49.07412183,20.39921383,2,52,145,1,optical,4.0172,47.1376,8.0,8.3088,44.4539,0.420179,sequential,2,120
train_000953,Train-Target-000953,-58.83256305,-109.51748139,3,82,219,1,optical,9.3351,38.9413,8.0,6.9939,30.7228,0.389913,sequential,2,120
train_003041,Train-Target-003041,12.30398986,127.86294515,4,1,96,1,optical,5.1053,14.6294,8.0,8.2442,53.7103,0.365542,single,1,120
train_001160,Train-Target-001160,1.75668415,108.57939696,10,69,150,1,infrared,18.3756,52.1497,-90.0,8.3471,31.2003,0.318154,single,1,120
train_001952,Train-Target-001952,-17.89451005,-65.33989141,7,68,172,1,optical,3.7704,61.1926,8.0,7.9236,82.8674,0.180054,single,1,120
train_000507,Train-Target-000507,-24.86925178,61.85563139,6,78,236,1,infrared,37.0678,89.4852,-90.0,7.7013,39.8690,0.219955,single,1,120
train_001705,Train-Target-001705,23.93970065,-17.21270007,6,72,184,1,optical,7.9581,11.5610,8.0,4.5794,48.1190,0.250732,single,1,120
train_000261,Train-Target-000261,-35.51262505,-150.44289468,3,87,179,1,optical,5.2552,62.1096,8.0,6.8323,75.1496,0.245799,single,1,120
train_000757,Train-Target-000757,-44.43135574,-80.38706778,4,25,141,1,optical,7.1361,49.2033,8.0,5.5555,63.5581,0.309261,sequential,2,120
train_001472,Train-Target-001472,38.78253367,-110.38904582,9,11,73,1,sar,18.6486,29.4760,-90.0,4.7571,68.3658,0.207151,simultaneous,2,120
train_001065,Train-Target-001065,22.54037643,120.86355144,1,101,178,1,sar,11.5768,48.5413,-90.0,4.7746,50.2094,0.205719,single,1,120
train_000258,Train-Target-000258,-36.68811528,117.78214628,7,56,203,1,sar,13.6713,31.4407,-90.0,7.0282,87.1198,0.283383,sequential,2,120
train_000233,Train-Target-000233,7.38888612,126.23220527,8,2,149,1,optical,8.2606,40.5573,8.0,7.7399,83.0215,0.245915,simultaneous,2,120
train_002210,Train-Target-002210,2.84551623,83.10137112,1,84,171,1,sar,8.8630,40.0183,-90.0,7.1626,57.9450,0.298281,sequential,2,120
train_000855,Train-Target-000855,31.72064429,174.53509358,4,83,146,1,sar,9.0125,42.1920,-90.0,6.1770,79.5558,0.359986,single,1,120
train_001574,Train-Target-001574,74.21301590,-108.17867925,8,64,144,1,optical,5.7019,16.7792,8.0,6.3531,62.7364,0.439764,simultaneous,2,120
train_001790,Train-Target-001790,-11.72451601,-17.76131862,4,51,103,1,infrared,39.4591,144.3415,-90.0,5.8737,76.1594,0.260099,sequential,2,120
train_000314,Train-Target-000314,-30.64367619,149.56700784,1,107,179,1,sar,19.7956,105.4497,-90.0,6.6541,36.7440,0.408789,simultaneous,2,120
train_003017,Train-Target-003017,18.54372002,107.89254728,7,95,222,1,sar,18.8353,56.8105,-90.0,5.0104,25.5467,0.294998,simultaneous,2,120
train_000849,Train-Target-000849,7.15062145,6.13268325,5,123,229,1,optical,7.9674,18.3389,8.0,4.7162,61.0491,0.420320,sequential,2,120
train_001586,Train-Target-001586,-67.44015668,-141.21604364,3,77,232,1,infrared,22.4007,63.9885,-90.0,7.8591,62.9515,0.439516,single,1,120
train_002195,Train-Target-002195,16.94247601,21.83222981,2,7,155,1,sar,17.8777,52.6392,-90.0,6.4424,32.1655,0.383691,single,1,120
train_001053,Train-Target-001053,52.67695911,168.21408335,10,153,194,1,sar,15.3987,74.2405,-90.0,5.4139,56.6268,0.251294,single,1,120
train_001306,Train-Target-001306,-44.31762874,86.21808518,6,88,224,1,optical,7.4652,64.4988,8.0,6.7814,22.9108,0.375188,single,1,120
train_000396,Train-Target-000396,-63.14974265,177.80297051,1,65,215,1,infrared,27.3342,104.3871,-90.0,5.3154,35.4519,0.258772,simultaneous,2,120
train_002624,Train-Target-002624,-17.92491425,-124.39141191,8,28,144,1,optical,2.7130,20.3986,8.0,7.2240,80.2533,0.222824,single,1,120
train_003040,Train-Target-003040,-48.60305590,-28.57111562,2,1,92,1,optical,6.7824,47.4040,8.0,8.2602,37.9478,0.418349,single,1,120
train_000001,Train-Target-000001,-2.08264822,-53.06116073,3,99,238,1,sar,14.7582,53.3446,-90.0,7.6824,22.0030,0.430292,single,1,120
train_000933,Train-Target-000933,-9.02637121,88.49756050,5,7,154,1,optical,2.6572,47.3308,8.0,6.0056,26.4575,0.403206,single,1,120
train_002877,Train-Target-002877,-54.88636169,102.61454390,1,163,226,1,infrared,29.0605,110.0267,-90.0,7.4270,82.9337,0.295925,sequential,2,120
train_000336,Train-Target-000336,-43.11617807,-49.90017808,2,92,153,1,sar,19.3524,37.8642,-90.0,4.6120,78.7133,0.245145,single,1,120
train_001148,Train-Target-001148,9.42241608,179.34115582,8,17,112,1,sar,15.9642,95.1220,-90.0,5.1262,68.3265,0.337192,single,1,120
train_002506,Train-Target-002506,31.59382029,-143.10569949,6,175,236,1,optical,7.7574,63.0287,8.0,8.1789,39.7184,0.187819,single,1,120
train_002849,Train-Target-002849,8.51533659,9.96865211,5,143,216,1,sar,15.3104,51.8483,-90.0,6.7568,45.7729,0.328507,single,1,120
train_002091,Train-Target-002091,52.40257275,72.59642613,2,29,181,1,sar,13.3392,82.8950,-90.0,4.7195,68.7967,0.334524,simultaneous,2,120
train_002661,Train-Target-002661,-23.66675187,-152.17916070,9,46,106,1,sar,21.7350,108.9757,-90.0,5.5092,85.3041,0.198270,single,1,120
train_002740,Train-Target-002740,78.55425281,105.05281713,4,105,146,1,optical,6.3433,21.1321,8.0,6.9126,27.9660,0.337423,single,1,120
train_000105,Train-Target-000105,-13.31977767,-87.33639541,9,15,151,1,optical,8.9069,12.3169,8.0,6.6894,40.7889,0.300558,single,1,120
train_002273,Train-Target-002273,31.75896037,-80.18168927,9,73,197,1,sar,17.7988,95.4546,-90.0,7.5933,77.6215,0.370740,simultaneous,2,120
train_002269,Train-Target-002269,49.60973915,123.39064799,7,86,135,1,optical,9.0053,15.0307,8.0,7.1263,70.3028,0.239023,single,1,120
train_002593,Train-Target-002593,-3.61660066,114.15124067,9,31,168,1,optical,2.5380,61.5128,8.0,4.8713,20.3137,0.284790,single,1,120
train_000971,Train-Target-000971,15.03247388,-71.60447641,5,80,206,1,sar,8.9406,100.8214,-90.0,6.8658,58.0947,0.188082,single,1,120
train_002247,Train-Target-002247,-49.10189371,-109.18197634,7,25,174,1,sar,16.5342,60.0591,-90.0,5.4601,61.5351,0.267803,single,1,120
train_000321,Train-Target-000321,21.10982404,-36.85788640,8,68,158,1,infrared,20.0354,117.3249,-90.0,6.7713,72.5490,0.234040,single,1,120
train_002049,Train-Target-002049,82.42551787,-67.35214582,10,117,187,1,optical,3.3801,61.4885,8.0,7.7164,52.3729,0.274660,single,1,120
train_000176,Train-Target-000176,-41.67604236,-1.61481243,1,108,157,1,optical,9.8552,10.1561,8.0,7.2278,70.9419,0.320649,single,1,120
train_000869,Train-Target-000869,24.06153563,47.08836357,1,141,214,1,optical,2.3551,34.2849,8.0,7.6030,74.7552,0.225432,sequential,2,120
train_002359,Train-Target-002359,66.85828167,-67.60431793,2,1,67,1,infrared,28.3474,82.3118,-90.0,4.5285,42.6985,0.262938,single,1,120
train_000689,Train-Target-000689,5.18776098,171.34651932,9,123,220,1,sar,16.7336,75.0310,-90.0,4.6365,28.2378,0.211826,simultaneous,2,120
train_001607,Train-Target-001607,5.81555025,62.63109703,7,58,113,1,optical,3.0162,62.4278,8.0,8.0529,34.3794,0.315810,single,1,120
train_000874,Train-Target-000874,-14.99773353,116.89792536,2,95,198,1,sar,18.8958,44.8310,-90.0,8.3895,61.1010,0.375025,single,1,120
train_000434,Train-Target-000434,7.14175413,-84.50947807,6,98,231,1,optical,5.6953,48.1581,8.0,8.2005,21.8626,0.396623,sequential,2,120
train_000429,Train-Target-000429,62.29552086,-94.21463219,2,100,184,1,sar,21.3847,55.2003,-90.0,5.5317,59.2508,0.439194,single,1,120
train_001208,Train-Target-001208,45.79169900,-159.98293581,4,57,176,1,sar,11.6400,88.9726,-90.0,6.5669,87.2860,0.298980,single,1,120
train_002338,Train-Target-002338,18.65564878,123.50880886,1,15,101,1,sar,15.7744,70.1064,-90.0,8.2581,59.5373,0.371602,single,1,120
train_000289,Train-Target-000289,50.10637193,84.27248330,4,91,214,1,optical,5.7294,45.7158,8.0,6.6702,39.5063,0.312534,single,1,120
train_001547,Train-Target-001547,-10.69555857,156.22469594,3,112,196,1,infrared,23.1442,54.5696,-90.0,5.7183,21.2978,0.376211,sequential,2,120
train_000323,Train-Target-000323,38.43762951,47.14242230,4,92,213,1,sar,13.8013,86.2619,-90.0,6.9260,83.6567,0.297409,single,1,120
train_002555,Train-Target-002555,-21.82259758,-40.29039265,10,93,218,1,sar,19.9326,88.5427,-90.0,4.5397,25.0802,0.352860,simultaneous,2,120
train_002321,Train-Target-002321,40.42674630,-154.99030760,6,168,219,1,optical,3.9105,19.5005,8.0,6.4378,25.3325,0.194591,simultaneous,2,120
train_000343,Train-Target-000343,-27.06771612,-56.85529291,4,65,185,1,optical,2.5916,26.7587,8.0,5.2355,51.4911,0.371875,sequential,2,120
train_001718,Train-Target-001718,33.01450105,-151.52505107,8,1,159,1,optical,9.1045,42.4665,8.0,8.0602,25.6687,0.210470,single,1,120
train_002763,Train-Target-002763,-19.55552540,26.06616871,4,8,146,1,optical,6.4028,48.0134,8.0,6.7605,34.5285,0.196494,single,1,120
train_002101,Train-Target-002101,-28.87070325,96.49762568,6,81,141,1,sar,18.1167,60.2852,-90.0,7.3834,20.0160,0.344870,single,1,120
train_000984,Train-Target-000984,-60.85331114,177.01174038,6,83,235,1,optical,5.6096,48.9730,8.0,7.4062,84.6393,0.190033,single,1,120
train_002229,Train-Target-002229,-13.88073335,-18.08139657,3,23,176,1,optical,9.8945,51.2394,8.0,6.0311,59.8084,0.254643,simultaneous,2,120
train_000875,Train-Target-000875,42.95688491,103.98014587,10,44,158,1,optical,8.6034,49.4884,8.0,5.4979,48.3004,0.213997,single,1,120
train_000872,Train-Target-000872,-22.59910635,-18.32538221,7,109,160,1,sar,15.1721,71.0720,-90.0,8.3952,48.4383,0.437752,single,1,120
train_002885,Train-Target-002885,-59.41882501,-140.98737026,8,51,140,1,infrared,24.9918,76.5433,-90.0,4.8478,33.1117,0.448208,single,1,120
train_002889,Train-Target-002889,18.18238803,68.92887299,10,42,165,1,optical,3.0507,19.5997,8.0,7.7579,64.8739,0.189625,single,1,120
train_001784,Train-Target-001784,29.32801443,-139.82303634,5,2,119,1,optical,6.4552,32.3488,8.0,5.9695,47.7486,0.239405,sequential,2,120
train_001308,Train-Target-001308,13.71661887,-175.81980528,7,93,178,1,optical,7.8750,45.8770,8.0,7.5506,84.4027,0.261430,single,1,120
train_001301,Train-Target-001301,-76.31327505,-16.89651449,6,37,188,1,optical,5.0453,60.0680,8.0,7.5535,51.2683,0.318906,single,1,120
train_001581,Train-Target-001581,55.06699166,56.99211973,5,107,167,1,sar,16.3073,59.7086,-90.0,5.7946,54.6591,0.329813,single,1,120
train_002188,Train-Target-002188,23.37612691,-96.56006041,7,130,200,1,sar,14.9377,82.5784,-90.0,6.3434,60.7821,0.283813,single,1,120
train_001075,Train-Target-001075,-27.97477081,46.52981610,5,132,236,1,optical,9.8882,58.5565,8.0,6.4044,45.7453,0.409580,single,1,120
train_002348,Train-Target-002348,22.42471557,-70.78326052,10,169,233,1,infrared,37.8900,46.2818,-90.0,6.3678,47.3962,0.227185,sequential,2,120
train_002234,Train-Target-002234,46.91360424,172.63805047,9,19,116,1,optical,5.9597,12.7941,8.0,5.0477,70.0316,0.340892,sequential,2,120
train_001981,Train-Target-001981,-8.93247005,93.25930440,6,28,81,1,sar,15.9816,56.2871,-90.0,5.4779,52.6997,0.192562,single,1,120
train_002187,Train-Target-002187,-34.45282920,111.61184743,2,54,145,1,sar,16.2765,90.6234,-90.0,7.2116,55.9157,0.448866,sequential,2,120
train_000220,Train-Target-000220,4.21623015,50.17297602,4,17,147,1,optical,9.3636,33.8675,8.0,5.1632,27.3785,0.447831,sequential,2,120
train_002725,Train-Target-002725,55.29223965,-169.65930868,10,48,143,1,sar,8.7989,54.1375,-90.0,6.1109,77.8129,0.394874,single,1,120
train_000618,Train-Target-000618,-72.05599617,129.70659635,8,57,169,1,sar,21.3481,103.1492,-90.0,5.5833,27.5957,0.425550,single,1,120
train_002404,Train-Target-002404,-64.39567725,128.65743325,3,94,203,1,infrared,37.0254,74.8719,-90.0,5.5884,41.0434,0.307018,single,1,120
train_000861,Train-Target-000861,7.19458009,-104.04700672,4,166,207,1,optical,2.9737,46.7053,8.0,8.0080,70.7849,0.333285,single,1,120
train_001131,Train-Target-001131,25.50404397,0.39652926,3,35,91,1,optical,3.7962,47.2179,8.0,5.9934,89.8913,0.338086,sequential,2,120
train_002963,Train-Target-002963,48.13419750,111.28527060,7,2,146,1,infrared,32.7826,134.1448,-90.0,6.9639,73.7243,0.201549,single,1,120
train_000304,Train-Target-000304,-6.31247625,46.24552719,10,80,181,1,infrared,23.7283,115.2888,-90.0,7.6051,81.2435,0.351931,sequential,2,120
train_001589,Train-Target-001589,39.88707000,146.18294451,5,11,103,1,optical,2.3077,52.3657,8.0,7.0331,21.8150,0.379307,sequential,2,120
train_001215,Train-Target-001215,-44.23871329,-158.43704913,4,39,171,1,optical,8.6707,40.9227,8.0,6.1021,56.9458,0.373617,single,1,120
train_000268,Train-Target-000268,49.79600787,145.88492263,10,86,126,1,infrared,30.7235,101.3707,-90.0,5.8614,24.1634,0.208248,sequential,2,120
train_001410,Train-Target-001410,73.47314681,118.68307798,1,17,177,1,optical,3.4910,63.5617,8.0,6.8379,26.5661,0.420710,single,1,120
train_002324,Train-Target-002324,-79.90755695,-117.10707133,1,3,147,1,sar,21.8616,40.9321,-90.0,6.8369,20.7556,0.214027,sequential,2,120
train_002153,Train-Target-002153,52.60155105,-129.47645632,3,87,169,1,optical,8.2443,29.5355,8.0,7.3893,63.6937,0.181619,simultaneous,2,120
train_002485,Train-Target-002485,15.76906920,128.96670918,2,48,134,1,optical,6.6765,38.6217,8.0,7.6102,63.4256,0.212725,sequential,2,120
train_002100,Train-Target-002100,16.74358952,-165.75122463,1,56,109,1,optical,7.5051,13.3949,8.0,8.2288,44.5516,0.297526,sequential,2,120
train_002279,Train-Target-002279,24.27547429,-26.81831552,5,55,188,1,optical,6.2286,31.5920,8.0,4.6303,86.6148,0.226788,single,1,120
train_001011,Train-Target-001011,-41.19027720,13.00946992,3,72,224,1,optical,9.2655,63.2056,8.0,8.2484,56.6081,0.273297,simultaneous,2,120
train_002447,Train-Target-002447,-4.87339038,-82.35588120,10,108,235,1,optical,6.9293,28.8635,8.0,5.6670,71.9550,0.398000,single,1,120
train_001370,Train-Target-001370,71.31029548,-8.88108699,7,138,216,1,sar,21.6253,38.1465,-90.0,5.1181,55.4073,0.295945,single,1,120
train_002444,Train-Target-002444,-19.81320424,-129.55346259,3,146,215,1,sar,12.6668,70.0189,-90.0,5.8667,27.6562,0.265159,single,1,120
train_001650,Train-Target-001650,-47.94275644,-26.75134649,3,33,85,1,optical,7.6940,43.8901,8.0,5.7429,22.6520,0.229523,single,1,120
train_002852,Train-Target-002852,-17.67770106,-89.06658847,7,93,138,1,optical,4.0007,12.2301,8.0,7.2981,27.1453,0.438781,single,1,120
train_001914,Train-Target-001914,3.49867421,150.68822661,8,85,130,1,sar,13.9224,84.7124,-90.0,4.5542,84.3258,0.258872,simultaneous,2,120
train_000967,Train-Target-000967,33.73367090,-103.65199402,7,123,239,1,infrared,32.6356,136.0496,-90.0,8.0345,62.2277,0.187072,single,1,120
train_000340,Train-Target-000340,-37.71617541,-95.37686113,1,32,157,1,optical,8.5576,27.8367,8.0,7.0325,72.3122,0.262153,sequential,2,120
train_000210,Train-Target-000210,7.10621024,21.56670310,8,168,224,1,infrared,30.7637,86.9253,-90.0,5.9717,70.9033,0.181341,sequential,2,120
train_003070,Train-Target-003070,-56.02880742,149.99592276,7,63,136,1,optical,5.7344,43.2309,8.0,6.8055,46.1367,0.213643,single,1,120
train_001028,Train-Target-001028,64.40724584,64.99828249,10,89,185,1,optical,9.2407,47.8019,8.0,4.6003,86.9112,0.186922,single,1,120
train_002482,Train-Target-002482,28.64732075,131.16848937,8,127,218,1,sar,16.7753,92.4580,-90.0,7.8350,62.8937,0.243348,single,1,120
train_001635,Train-Target-001635,-34.15656724,126.40861543,10,104,180,1,infrared,37.8216,135.5128,-90.0,7.1829,39.4850,0.412692,single,1,120
train_001315,Train-Target-001315,-42.06993458,9.97593801,3,61,160,1,optical,3.2058,63.3915,8.0,6.7247,77.1934,0.446147,sequential,2,120
train_001231,Train-Target-001231,-7.96619838,-65.89508634,8,22,103,1,optical,6.2059,21.6452,8.0,5.9958,50.8128,0.375438,single,1,120
train_000318,Train-Target-000318,-22.84803969,17.99647469,9,81,185,1,optical,5.4706,33.0143,8.0,7.8446,21.8905,0.228363,single,1,120
train_002075,Train-Target-002075,-32.65645948,-8.71296862,7,20,93,1,optical,2.8638,60.9726,8.0,7.7757,25.9697,0.303657,single,1,120
train_002822,Train-Target-002822,26.72045162,-35.60225743,8,77,177,1,optical,6.9019,45.2625,8.0,6.0710,72.1567,0.227393,single,1,120
train_002314,Train-Target-002314,43.93349158,-178.60357448,9,44,136,1,optical,2.4921,45.0908,8.0,6.9581,31.7814,0.181529,single,1,120
train_002796,Train-Target-002796,20.37867478,89.86965715,8,141,212,1,sar,20.4716,101.5807,-90.0,5.9073,76.2425,0.409553,single,1,120
train_002009,Train-Target-002009,-74.72300754,166.08350235,2,17,152,1,sar,15.5539,66.3845,-90.0,5.9463,82.7734,0.400238,sequential,2,120
train_001347,Train-Target-001347,13.41197411,-106.09540904,5,61,122,1,optical,7.6280,41.8169,8.0,4.7546,83.1499,0.264376,single,1,120
train_002421,Train-Target-002421,31.07142645,-95.46381199,1,148,222,1,sar,20.8739,65.5905,-90.0,7.5375,33.5087,0.210037,single,1,120
train_001772,Train-Target-001772,40.92088349,86.24749959,6,36,163,1,sar,16.4695,79.4676,-90.0,5.0523,71.0212,0.302937,single,1,120
train_002538,Train-Target-002538,0.03071360,144.81442417,10,60,195,1,sar,12.9419,25.9606,-90.0,6.2273,58.6176,0.405284,single,1,120
train_001917,Train-Target-001917,-42.23467060,94.33362610,3,95,184,1,sar,13.5577,27.8301,-90.0,7.8938,88.5331,0.261323,single,1,120
train_001924,Train-Target-001924,-18.52807810,-120.03184870,1,44,191,1,sar,13.2547,34.8606,-90.0,8.0743,28.1975,0.410079,single,1,120
train_000244,Train-Target-000244,-28.60825170,103.15907139,7,7,147,1,sar,20.9521,81.9709,-90.0,4.8460,68.5510,0.409796,single,1,120
train_002288,Train-Target-002288,-38.63642906,149.00245002,8,60,178,1,optical,5.4871,33.6482,8.0,4.8409,86.7429,0.316977,single,1,120
train_000654,Train-Target-000654,58.66574751,-93.40448200,1,18,99,1,optical,8.9492,50.0057,8.0,6.7647,40.3611,0.221748,single,1,120
train_002739,Train-Target-002739,-20.51788317,-20.94663239,6,128,180,1,optical,2.9594,47.9006,8.0,7.0481,78.2759,0.326019,simultaneous,2,120
train_001689,Train-Target-001689,33.25612846,-66.14140241,3,114,194,1,optical,9.7248,56.5861,8.0,7.0712,49.3889,0.294695,single,1,120
train_000660,Train-Target-000660,36.14892672,-46.45359577,5,115,192,1,sar,19.0876,84.7883,-90.0,7.3985,39.3317,0.209520,single,1,120
train_002326,Train-Target-002326,72.25715869,-113.64481303,1,107,153,1,optical,4.1363,46.0006,8.0,5.4360,42.9232,0.313761,simultaneous,2,120
train_000938,Train-Target-000938,-63.96333937,-14.90781706,9,113,211,1,optical,5.0938,45.1696,8.0,6.2396,62.0137,0.392472,single,1,120
train_001390,Train-Target-001390,-55.35717761,133.73759194,8,44,147,1,sar,15.5628,50.8972,-90.0,6.1124,51.3458,0.439950,single,1,120
train_001855,Train-Target-001855,10.46727376,-166.54076214,2,26,103,1,sar,14.6465,50.4651,-90.0,5.5801,66.6153,0.251548,single,1,120
train_002605,Train-Target-002605,-24.18680154,104.77445001,1,81,239,1,optical,6.8988,17.1318,8.0,8.1081,22.8860,0.351364,sequential,2,120
train_003060,Train-Target-003060,2.02613483,-16.90671161,5,11,108,1,infrared,23.8204,112.5219,-90.0,7.9366,52.5781,0.336760,sequential,2,120
train_001522,Train-Target-001522,-11.31797426,83.09426479,1,171,220,1,optical,5.7869,14.2646,8.0,6.7580,43.9242,0.359823,sequential,2,120
train_002030,Train-Target-002030,-11.02749681,-118.06167975,2,148,236,1,sar,10.9967,73.4608,-90.0,7.8751,21.9089,0.419053,single,1,120
train_000040,Train-Target-000040,-26.78871091,-36.95069997,6,9,119,1,optical,6.2367,59.6197,8.0,6.6289,28.5967,0.377787,sequential,2,120
train_000443,Train-Target-000443,48.44529229,-86.75861063,8,19,148,1,optical,7.6035,21.9126,8.0,5.3648,47.0700,0.371591,single,1,120
train_002811,Train-Target-002811,-35.40277637,-170.95807496,9,113,229,1,optical,4.8209,26.0249,8.0,5.4072,48.2120,0.274164,sequential,2,120
train_000514,Train-Target-000514,40.59512606,-158.78278074,9,0,152,1,optical,9.4370,19.8767,8.0,8.0557,49.9754,0.434779,single,1,120
train_001206,Train-Target-001206,-64.54049996,-31.80046304,1,97,173,1,optical,8.4673,46.4365,8.0,8.1703,67.4312,0.244701,single,1,120
train_000296,Train-Target-000296,72.94581538,-110.28223954,5,4,152,1,optical,5.2430,31.6298,8.0,7.6026,49.7619,0.305083,sequential,2,120
train_001327,Train-Target-001327,7.98628253,58.61240728,7,24,161,1,optical,9.6931,21.1154,8.0,8.0466,87.6825,0.281375,single,1,120
train_001212,Train-Target-001212,24.53453970,115.88221397,3,111,222,1,optical,7.0555,43.0165,8.0,7.3765,85.6585,0.290710,single,1,120
train_002774,Train-Target-002774,31.69149563,-0.89092385,5,139,207,1,infrared,31.7769,129.4517,-90.0,4.7853,20.9220,0.382311,single,1,120
train_000445,Train-Target-000445,31.59692594,70.60401996,6,21,144,1,optical,7.4246,48.1083,8.0,8.0156,59.7725,0.386525,single,1,120
train_000863,Train-Target-000863,5.60079803,18.57099122,9,71,117,1,optical,5.1124,18.8929,8.0,5.2642,64.5116,0.352556,single,1,120
train_001478,Train-Target-001478,38.72456092,-50.73475487,2,126,221,1,optical,6.7946,28.7611,8.0,5.5928,58.7192,0.288844,single,1,120
train_002245,Train-Target-002245,-15.73503555,-161.15204421,9,28,71,1,optical,7.4321,22.2974,8.0,7.2568,51.4672,0.331605,single,1,120
train_000410,Train-Target-000410,42.46657854,43.27902750,8,140,222,1,optical,3.0947,40.4334,8.0,6.3824,86.8926,0.204851,single,1,120
train_002935,Train-Target-002935,-32.46916242,35.06244702,4,151,211,1,infrared,36.7011,84.9685,-90.0,5.4744,75.0763,0.295377,single,1,120
train_002827,Train-Target-002827,20.92689207,121.93162263,1,9,72,1,optical,2.4147,26.9833,8.0,8.0252,81.1383,0.206013,single,1,120
train_002829,Train-Target-002829,27.68225687,148.70804231,10,29,164,1,infrared,19.1929,61.4785,-90.0,6.6360,26.0473,0.405417,sequential,2,120
train_001908,Train-Target-001908,40.69727873,-2.31925297,8,134,217,1,optical,2.6336,51.3390,8.0,6.6982,41.5347,0.193789,single,1,120
train_003010,Train-Target-003010,12.71206920,124.77039891,6,30,179,1,sar,16.0032,86.6320,-90.0,5.8196,76.9590,0.234391,simultaneous,2,120
train_003012,Train-Target-003012,18.82154243,-2.63649246,4,22,109,1,sar,15.6728,31.7695,-90.0,5.8886,53.2947,0.380918,single,1,120
train_002467,Train-Target-002467,-10.95470873,50.94196798,9,9,133,1,infrared,23.5134,76.2241,-90.0,7.1752,52.2066,0.285304,single,1,120
train_001236,Train-Target-001236,54.45389973,-133.53810713,7,151,236,1,optical,9.1180,37.3900,8.0,5.3966,68.4806,0.245702,single,1,120
train_003046,Train-Target-003046,-10.18151543,-159.18466694,9,16,162,1,sar,11.6865,94.0638,-90.0,5.8856,84.6757,0.287564,single,1,120
train_001101,Train-Target-001101,10.32250344,75.46979056,8,23,172,1,infrared,35.5814,120.8282,-90.0,6.4802,65.6267,0.194805,sequential,2,120
train_002836,Train-Target-002836,53.79399037,-122.37146711,3,48,147,1,optical,4.6417,40.9808,8.0,4.5064,43.8345,0.403566,single,1,120
train_002386,Train-Target-002386,24.23349433,-37.52779037,2,95,172,1,optical,6.7591,43.9859,8.0,4.7036,47.0891,0.350755,sequential,2,120
train_000425,Train-Target-000425,19.27679594,-152.62688271,9,72,218,1,sar,12.9989,60.8328,-90.0,4.8402,40.6983,0.222609,single,1,120
train_002736,Train-Target-002736,8.40529361,-73.51330041,5,107,157,1,sar,15.8681,72.7652,-90.0,8.1122,70.2727,0.336561,sequential,2,120
train_001328,Train-Target-001328,16.86159189,-38.09392545,5,4,104,1,sar,18.4721,36.8574,-90.0,5.3340,36.6088,0.189044,single,1,120
train_002574,Train-Target-002574,-5.81702804,-112.60935098,7,66,198,1,optical,2.2444,12.3786,8.0,5.6292,76.6282,0.413750,single,1,120
train_001598,Train-Target-001598,0.10206297,-169.00356645,4,164,207,1,optical,4.8457,55.9600,8.0,7.4448,59.2906,0.331768,single,1,120
train_000508,Train-Target-000508,29.12847161,-174.50265606,10,113,228,1,optical,9.1907,33.6826,8.0,6.7588,29.0276,0.211029,single,1,120
train_001138,Train-Target-001138,-76.41638092,-44.14923249,3,119,187,1,sar,16.8088,102.7495,-90.0,5.5326,62.5203,0.307834,single,1,120
train_000188,Train-Target-000188,29.93375089,-51.41418273,6,13,147,1,optical,5.0574,53.7371,8.0,7.2730,76.3943,0.438144,single,1,120
train_000187,Train-Target-000187,-7.03818024,-149.12850422,10,162,237,1,infrared,31.1010,54.1526,-90.0,6.7040,66.1796,0.281307,sequential,2,120
train_001200,Train-Target-001200,21.56242425,-7.20829371,2,83,201,1,optical,8.8281,45.8314,8.0,8.3749,26.9989,0.298702,single,1,120
train_001431,Train-Target-001431,33.74953137,178.98478096,5,79,206,1,optical,3.8810,29.7603,8.0,4.6725,35.7189,0.322869,single,1,120
train_003042,Train-Target-003042,22.39296313,2.73486597,1,75,182,1,sar,11.0740,27.9035,-90.0,4.7111,21.3026,0.312245,sequential,2,120
train_001310,Train-Target-001310,-39.40082875,154.11008084,7,62,185,1,sar,18.0578,47.2328,-90.0,6.9171,60.8779,0.252213,single,1,120
train_000723,Train-Target-000723,50.92959947,-173.66754182,7,131,237,1,optical,3.4801,49.8954,8.0,4.9196,60.6994,0.376962,single,1,120
train_001426,Train-Target-001426,-19.30415422,-34.61132764,7,84,239,1,optical,4.1729,11.4659,8.0,6.0110,53.8629,0.252547,single,1,120
train_002585,Train-Target-002585,-27.08240708,-91.23540381,7,118,160,1,optical,2.6059,29.7165,8.0,5.7396,74.7821,0.415183,single,1,120
train_001134,Train-Target-001134,-78.11394459,84.53192515,2,13,147,1,infrared,20.3318,53.1500,-90.0,8.1898,52.6575,0.441120,single,1,120
train_001064,Train-Target-001064,-25.95077874,-76.91243725,2,104,145,1,optical,2.2074,32.3131,8.0,7.2460,49.4323,0.332273,single,1,120
train_002532,Train-Target-002532,15.03283647,165.19932736,6,70,217,1,optical,6.6193,15.1641,8.0,6.0836,56.2091,0.189434,single,1,120
train_001969,Train-Target-001969,-48.71410262,66.65496804,9,29,150,1,infrared,32.5672,110.5941,-90.0,4.7138,33.0756,0.191139,single,1,120
train_000143,Train-Target-000143,-46.09005209,-128.66972576,6,29,80,1,optical,7.2828,48.8364,8.0,4.6161,24.6100,0.337389,single,1,120
train_001445,Train-Target-001445,-12.25469473,77.94110889,4,54,115,1,optical,4.0040,38.3234,8.0,7.2612,29.8729,0.403037,single,1,120
train_001542,Train-Target-001542,72.05114469,68.32797353,10,83,216,1,sar,15.9116,106.9186,-90.0,6.1252,34.5997,0.257159,simultaneous,2,120
train_001300,Train-Target-001300,77.66493844,133.36103963,8,120,220,1,sar,18.9252,77.5047,-90.0,7.4319,89.3924,0.350370,single,1,120
train_000808,Train-Target-000808,-21.99729307,41.61663663,1,95,213,1,optical,8.1331,42.4889,8.0,5.6158,45.6484,0.340785,single,1,120
train_000266,Train-Target-000266,12.20519991,40.61055036,9,51,120,1,optical,6.2739,26.3786,8.0,7.4942,61.6868,0.336511,simultaneous,2,120
train_001882,Train-Target-001882,-5.15888359,165.22498880,1,38,121,1,sar,16.7889,42.2549,-90.0,7.8220,65.8436,0.428088,sequential,2,120
train_002209,Train-Target-002209,42.12575779,12.52680985,10,107,195,1,optical,8.5324,20.5649,8.0,6.5834,42.4333,0.297743,single,1,120
train_002526,Train-Target-002526,-26.95778315,-60.86975718,2,104,161,1,optical,5.3310,31.9651,8.0,5.5399,62.9738,0.425254,single,1,120
train_002985,Train-Target-002985,-31.11723873,98.44508081,6,9,103,1,optical,8.8609,60.5812,8.0,7.5513,82.3029,0.327022,sequential,2,120
train_001915,Train-Target-001915,59.39855576,-139.17441528,6,33,98,1,sar,8.9068,41.3600,-90.0,8.0768,36.4527,0.416587,single,1,120
train_001249,Train-Target-001249,8.34759785,-52.65509876,6,6,92,1,sar,21.2263,83.1967,-90.0,5.2921,20.6807,0.310884,single,1,120
train_002492,Train-Target-002492,3.72290578,105.56984571,2,14,81,1,optical,3.1800,25.4917,8.0,5.0449,53.6404,0.384593,single,1,120
train_001531,Train-Target-001531,-37.82110893,40.46702900,2,19,169,1,sar,9.1920,60.4554,-90.0,8.2100,56.0818,0.186536,single,1,120
train_000974,Train-Target-000974,67.35510728,147.29681881,2,69,225,1,optical,9.0371,63.9838,8.0,6.3586,86.4656,0.210720,single,1,120
train_001957,Train-Target-001957,21.74302726,-173.58061132,4,74,167,1,optical,7.1285,59.1658,8.0,8.1648,61.4100,0.366756,single,1,120
train_001282,Train-Target-001282,-17.68389645,3.85773444,9,158,232,1,optical,7.3194,46.2084,8.0,7.5263,38.5840,0.419082,single,1,120
train_000042,Train-Target-000042,-12.17444849,-161.44572322,4,30,152,1,optical,2.3606,17.9398,8.0,5.3429,61.7835,0.193984,sequential,2,120
train_000925,Train-Target-000925,-38.59714083,-118.97950838,10,5,133,1,optical,4.5095,20.1970,8.0,7.8126,23.7829,0.256338,single,1,120
train_002379,Train-Target-002379,44.11350845,-146.55400104,7,104,210,1,optical,2.4650,35.3977,8.0,5.6846,44.2820,0.275915,single,1,120
train_000418,Train-Target-000418,60.41214522,-177.65732554,1,29,103,1,optical,2.5545,30.9987,8.0,6.1692,83.4840,0.422898,single,1,120
train_002765,Train-Target-002765,42.67497906,-100.82989693,7,186,227,1,optical,8.5009,61.2367,8.0,7.9610,73.9941,0.445702,single,1,120
train_001046,Train-Target-001046,33.00601335,69.68439407,10,144,190,1,infrared,19.0414,60.8622,-90.0,8.2972,49.2487,0.199116,single,1,120
train_001109,Train-Target-001109,25.65741259,133.90905859,8,120,204,1,infrared,23.4304,127.7065,-90.0,8.3420,23.1427,0.274537,simultaneous,2,120
train_001135,Train-Target-001135,9.29944124,-33.77995060,5,53,209,1,optical,7.3051,21.4785,8.0,8.2112,35.5660,0.369987,sequential,2,120
train_001566,Train-Target-001566,53.31843932,-15.79425001,5,71,198,1,sar,8.5823,64.1973,-90.0,7.4982,64.7119,0.212451,single,1,120
train_000267,Train-Target-000267,-31.96286799,121.50370624,7,64,186,1,optical,5.4128,58.6928,8.0,7.3534,46.9273,0.201743,single,1,120
train_002011,Train-Target-002011,-44.84899838,-36.02906879,9,134,187,1,optical,4.7802,42.0228,8.0,4.6032,29.8474,0.399691,single,1,120
train_000676,Train-Target-000676,15.03842462,-119.55264702,7,79,187,1,sar,13.3966,62.8680,-90.0,5.3818,74.6472,0.185947,single,1,120
train_002415,Train-Target-002415,0.12747013,176.79561564,1,131,222,1,infrared,35.9404,64.3586,-90.0,7.5112,74.9101,0.269484,single,1,120
train_000085,Train-Target-000085,38.41338985,-78.70693407,6,84,145,1,infrared,19.1200,89.7893,-90.0,7.5408,52.8543,0.294119,simultaneous,2,120
train_001925,Train-Target-001925,9.10343467,131.98909151,6,55,215,1,sar,15.8136,25.4005,-90.0,7.7448,76.5149,0.435206,single,1,120
train_000609,Train-Target-000609,5.24450545,-15.34413069,6,119,161,1,optical,4.3510,54.4326,8.0,6.9895,70.7156,0.314517,single,1,120
train_002627,Train-Target-002627,12.75445046,-6.44326037,3,81,155,1,optical,7.5351,62.8672,8.0,7.3358,41.9656,0.188665,sequential,2,120
train_002839,Train-Target-002839,-60.54268879,-130.15893998,7,98,173,1,optical,2.9829,58.3542,8.0,6.3154,35.5528,0.295195,single,1,120
train_001425,Train-Target-001425,45.81270900,-59.60005528,4,93,189,1,optical,8.5081,63.6856,8.0,6.5071,61.3285,0.232111,single,1,120
train_001481,Train-Target-001481,-11.17621947,141.47129452,6,38,172,1,optical,7.6753,31.2671,8.0,5.3167,76.0370,0.412483,single,1,120
train_001825,Train-Target-001825,43.99692926,-139.27798327,2,119,200,1,optical,7.6784,27.0401,8.0,8.3324,55.7855,0.304240,single,1,120
train_002259,Train-Target-002259,66.79480246,-151.98053894,6,119,178,1,optical,7.1214,40.8219,8.0,7.9526,71.4723,0.215114,sequential,2,120
train_002733,Train-Target-002733,17.90597568,5.79525894,3,68,217,1,optical,8.1783,18.5127,8.0,5.2206,42.1867,0.181892,sequential,2,120
train_002272,Train-Target-002272,-23.25602559,26.66161674,7,60,184,1,optical,9.0077,46.5502,8.0,5.7500,35.0480,0.229284,single,1,120
train_001117,Train-Target-001117,-30.85424745,-122.36802297,2,105,157,1,optical,4.3448,29.4073,8.0,7.8435,59.5869,0.311298,single,1,120
train_000759,Train-Target-000759,-21.46999732,119.22913240,8,160,206,1,optical,7.6524,52.6665,8.0,6.6008,76.8940,0.390537,sequential,2,120
train_001368,Train-Target-001368,-3.88216272,-15.51235785,8,57,217,1,sar,20.4506,58.8437,-90.0,6.0895,41.6711,0.380582,single,1,120
train_001278,Train-Target-001278,-58.19843171,-34.98057976,5,24,161,1,sar,12.8697,32.6114,-90.0,8.0987,46.8069,0.219511,single,1,120
train_001298,Train-Target-001298,51.08969259,-109.04653342,7,71,212,1,optical,8.9022,25.3678,8.0,5.2978,39.5990,0.331796,sequential,2,120
train_001940,Train-Target-001940,-64.60768758,174.57798920,7,22,121,1,optical,4.3947,31.4576,8.0,8.0045,36.3660,0.332492,sequential,2,120
train_002373,Train-Target-002373,46.67211372,-25.11192277,8,82,239,1,sar,12.3136,58.3750,-90.0,7.3726,49.0293,0.383132,single,1,120
train_001279,Train-Target-001279,32.67355133,-128.96124642,9,45,114,1,optical,7.7418,58.2532,8.0,6.4418,86.2962,0.298363,sequential,2,120
train_002746,Train-Target-002746,19.08656789,100.02604461,2,134,223,1,optical,3.8502,44.6242,8.0,6.0007,33.1000,0.233046,sequential,2,120
train_002621,Train-Target-002621,-70.81814360,75.58468176,5,37,104,1,sar,11.5857,25.5894,-90.0,6.2610,39.2160,0.292270,single,1,120
train_002551,Train-Target-002551,-19.21905234,-55.49817371,5,50,97,1,infrared,33.5261,126.8977,-90.0,6.1400,75.9757,0.445259,single,1,120
train_001750,Train-Target-001750,-31.68686462,-80.54581960,2,25,130,1,optical,5.2815,22.0544,8.0,6.0549,23.0080,0.224680,single,1,120
train_000149,Train-Target-000149,-23.57842920,120.07011404,6,59,167,1,optical,8.1022,55.4567,8.0,7.3131,45.0898,0.443340,single,1,120
train_000039,Train-Target-000039,35.85559779,-152.80028871,10,55,167,1,optical,6.5418,60.8654,8.0,8.2787,35.1475,0.443991,single,1,120
train_000413,Train-Target-000413,28.16511208,-0.30659634,2,60,110,1,optical,6.5046,40.1708,8.0,5.2679,53.7786,0.185870,simultaneous,2,120
train_002941,Train-Target-002941,64.16097997,-172.30740214,2,77,151,1,sar,19.7681,93.3443,-90.0,7.1636,36.5052,0.431819,sequential,2,120
train_000080,Train-Target-000080,29.41435165,-111.79042447,5,42,189,1,optical,8.7676,62.2262,8.0,7.8287,67.7055,0.220329,single,1,120
train_000153,Train-Target-000153,46.97059228,60.98496957,8,128,237,1,optical,5.7027,21.9724,8.0,6.8855,42.7378,0.197108,single,1,120
train_001321,Train-Target-001321,9.14026014,121.79654687,10,71,133,1,optical,2.5961,12.2067,8.0,6.2785,40.6012,0.306836,single,1,120
train_001004,Train-Target-001004,18.31459308,161.81105490,4,7,137,1,sar,18.0400,75.9838,-90.0,8.0758,78.5475,0.243196,single,1,120
train_001785,Train-Target-001785,-31.82661903,54.81515840,10,92,187,1,sar,18.5897,48.3841,-90.0,5.5574,22.3783,0.397808,single,1,120
train_001449,Train-Target-001449,-2.62975133,150.37934639,5,69,207,1,sar,11.6147,77.9681,-90.0,7.2417,60.8436,0.205569,single,1,120
train_002610,Train-Target-002610,35.89922425,37.61042861,8,1,157,1,optical,2.3228,27.4224,8.0,4.6272,76.1705,0.417817,single,1,120
train_001676,Train-Target-001676,52.98288997,5.01118235,6,89,189,1,sar,18.7841,88.3239,-90.0,6.2950,79.4735,0.301136,single,1,120
train_000704,Train-Target-000704,69.89520670,-21.64974855,10,53,210,1,sar,13.4312,72.4043,-90.0,6.8171,54.6035,0.412904,simultaneous,2,120
train_003069,Train-Target-003069,17.27069778,131.46722342,5,33,95,1,sar,15.4984,67.5261,-90.0,6.5530,86.4036,0.410228,single,1,120
train_001773,Train-Target-001773,25.54550477,-137.86512346,2,71,124,1,optical,3.9731,27.5327,8.0,5.0798,22.5007,0.367619,single,1,120
train_000400,Train-Target-000400,10.62318733,-13.31408175,7,60,173,1,optical,5.1561,39.9755,8.0,5.1547,72.6271,0.378482,single,1,120
train_002093,Train-Target-002093,41.94201680,-49.61031898,3,47,88,1,optical,4.4286,41.4164,8.0,5.6029,50.9314,0.209133,single,1,120
train_000521,Train-Target-000521,79.58563287,-113.53145483,7,8,91,1,sar,20.6064,89.9606,-90.0,5.5258,42.9971,0.284166,single,1,120
train_002313,Train-Target-002313,-85.97267526,25.94691348,5,62,194,1,sar,21.4325,98.5671,-90.0,6.4517,23.5666,0.207171,single,1,120
train_000934,Train-Target-000934,-14.93989341,-129.12247024,7,78,218,1,infrared,19.5976,114.2523,-90.0,6.0359,49.7044,0.287153,single,1,120
train_002820,Train-Target-002820,-24.22795361,128.57900502,7,15,140,1,optical,2.8146,29.2408,8.0,6.1964,35.0891,0.310596,single,1,120
train_001045,Train-Target-001045,-53.32950856,123.47869275,9,138,224,1,optical,8.9212,59.7311,8.0,6.3349,27.5741,0.253669,sequential,2,120
train_001324,Train-Target-001324,57.34557435,-5.01695413,6,11,150,1,optical,8.2940,18.5989,8.0,5.6792,69.7663,0.197464,sequential,2,120
train_001167,Train-Target-001167,43.89527392,113.65226148,8,148,198,1,infrared,28.7821,129.7222,-90.0,6.6619,61.4964,0.347057,single,1,120
train_000770,Train-Target-000770,64.95641599,172.14654873,10,65,209,1,optical,9.1512,49.6459,8.0,4.9277,29.0197,0.236101,sequential,2,120
train_000474,Train-Target-000474,-23.13779690,111.80935767,1,59,118,1,optical,8.8798,41.4906,8.0,8.2682,25.8500,0.333280,single,1,120
train_000944,Train-Target-000944,-34.13333801,73.23024981,10,1,116,1,optical,9.1058,14.0290,8.0,7.4928,26.1050,0.223338,simultaneous,2,120
train_001881,Train-Target-001881,2.82460751,-133.51674258,6,141,194,1,optical,8.2175,22.7071,8.0,6.4066,37.8332,0.363385,single,1,120
train_001559,Train-Target-001559,-6.14091493,-169.77629705,2,29,174,1,infrared,38.9376,123.0692,-90.0,7.6011,69.9391,0.254148,sequential,2,120
train_000568,Train-Target-000568,-15.58631322,121.10029680,6,119,235,1,sar,11.1935,28.5139,-90.0,8.3725,62.8057,0.436163,single,1,120
train_000182,Train-Target-000182,-29.57634751,56.39410957,2,58,215,1,infrared,24.5494,117.1554,-90.0,6.2990,25.5844,0.334859,single,1,120
train_001467,Train-Target-001467,86.37124288,31.34076819,3,164,236,1,optical,8.6596,54.4718,8.0,8.0863,43.7272,0.348983,single,1,120
train_001738,Train-Target-001738,-24.04882717,-34.44806318,2,70,228,1,optical,7.3864,32.1893,8.0,7.3496,85.2330,0.421434,sequential,2,120
train_002674,Train-Target-002674,2.02737270,-130.36343222,2,23,142,1,sar,15.6184,86.2086,-90.0,5.7604,77.2912,0.286100,single,1,120
train_002722,Train-Target-002722,-45.98502873,76.06556566,9,90,135,1,optical,5.5699,13.8027,8.0,7.9353,81.7977,0.221469,sequential,2,120
train_002401,Train-Target-002401,29.86789177,-136.47257834,3,52,159,1,sar,19.4563,50.4364,-90.0,7.9274,40.8917,0.226927,single,1,120
train_002215,Train-Target-002215,54.77235953,-69.02646445,6,100,157,1,sar,16.9424,40.6863,-90.0,8.1504,87.4719,0.407914,single,1,120
train_002841,Train-Target-002841,-79.88532929,51.01339178,5,29,153,1,optical,2.1342,61.9795,8.0,5.6814,71.6421,0.224430,simultaneous,2,120
train_002766,Train-Target-002766,-4.64388173,84.11491901,8,94,201,1,optical,2.5810,42.2713,8.0,6.1601,70.3915,0.338910,single,1,120
train_002301,Train-Target-002301,-70.94362950,118.71109948,7,78,233,1,optical,5.1396,31.3867,8.0,7.4548,42.1644,0.370345,sequential,2,120
train_001930,Train-Target-001930,11.70095443,-175.49058004,8,48,184,1,optical,8.2371,26.9087,8.0,8.1855,58.1942,0.415852,single,1,120
train_001192,Train-Target-001192,-63.01419787,93.09016439,2,14,105,1,sar,20.7167,26.3372,-90.0,6.2293,62.8178,0.387421,single,1,120
train_000916,Train-Target-000916,-3.31073655,-136.51940284,10,82,220,1,sar,14.4603,49.1798,-90.0,5.0427,40.7533,0.349478,single,1,120
train_002529,Train-Target-002529,30.74836142,-126.45999452,8,28,111,1,optical,3.0752,54.1965,8.0,6.5627,39.5827,0.230476,sequential,2,120
train_001821,Train-Target-001821,1.76779798,40.78675822,1,3,146,1,sar,14.3328,93.1176,-90.0,5.6541,21.4905,0.421009,single,1,120
train_002181,Train-Target-002181,-6.72923110,-97.06476537,8,137,198,1,optical,8.9246,63.3483,8.0,5.7777,37.2453,0.389211,single,1,120
train_000657,Train-Target-000657,-27.84782293,136.00717286,9,120,190,1,sar,20.3272,46.4178,-90.0,6.6784,44.8329,0.359011,sequential,2,120
train_002604,Train-Target-002604,-30.60685948,-63.62224395,3,25,170,1,optical,9.8357,12.9122,8.0,7.3048,37.4035,0.241504,single,1,120
train_003071,Train-Target-003071,-53.09680387,76.95795198,9,87,221,1,optical,8.1527,38.1631,8.0,5.1834,54.6429,0.305577,simultaneous,2,120
train_002595,Train-Target-002595,65.83437539,39.13484304,7,107,201,1,sar,13.0433,57.8311,-90.0,7.6591,52.0045,0.372609,single,1,120
train_002778,Train-Target-002778,68.01839164,-53.09874732,3,11,156,1,sar,8.5562,83.1472,-90.0,4.8205,66.3138,0.243818,sequential,2,120
train_001339,Train-Target-001339,-30.85361117,69.64201802,6,64,207,1,optical,4.8477,54.3906,8.0,6.0567,80.0571,0.218853,single,1,120
train_002642,Train-Target-002642,54.66597116,-166.23335244,10,132,235,1,optical,6.6050,30.4630,8.0,5.3239,49.9401,0.289478,single,1,120
train_001806,Train-Target-001806,-5.15278427,-134.72092415,8,33,88,1,sar,19.7363,49.3389,-90.0,6.3322,59.8355,0.381602,single,1,120
train_001376,Train-Target-001376,51.54263610,-33.28782815,7,166,218,1,optical,5.0554,61.0316,8.0,5.9658,34.7188,0.421947,single,1,120
train_001295,Train-Target-001295,-25.69030187,16.81919785,4,62,190,1,optical,5.5323,31.5072,8.0,6.7150,58.5105,0.203120,single,1,120
train_002142,Train-Target-002142,-52.81925868,-127.56990482,8,120,231,1,sar,14.4063,37.2330,-90.0,6.0977,30.0500,0.245498,single,1,120
train_001427,Train-Target-001427,-23.63757813,-135.70451304,7,33,83,1,sar,19.6264,61.4480,-90.0,7.7146,66.3512,0.310471,single,1,120
train_002706,Train-Target-002706,6.76319445,8.35343476,7,8,62,1,sar,16.4238,100.0197,-90.0,4.8330,45.8999,0.367178,single,1,120
train_002020,Train-Target-002020,-15.33830710,94.14880399,10,165,234,1,optical,2.3091,54.8513,8.0,5.7005,83.7813,0.189303,single,1,120
train_001346,Train-Target-001346,9.71603640,92.84683452,5,62,198,1,optical,5.7807,30.0771,8.0,7.5764,85.8267,0.198996,single,1,120
train_002217,Train-Target-002217,-31.47760477,39.29009542,8,93,225,1,sar,14.2676,90.9578,-90.0,7.3298,65.2964,0.314066,sequential,2,120
train_001277,Train-Target-001277,-44.15581822,-7.57282478,5,43,122,1,sar,8.5342,102.2468,-90.0,7.7730,48.0163,0.342786,single,1,120
train_000515,Train-Target-000515,-56.98105069,-136.61779302,1,104,231,1,optical,5.6819,30.2879,8.0,7.4014,54.3060,0.379243,simultaneous,2,120
train_000865,Train-Target-000865,57.14729838,-21.15346918,6,125,188,1,infrared,38.1153,96.6725,-90.0,5.0891,63.6391,0.425627,sequential,2,120
train_002402,Train-Target-002402,84.16980679,58.86738572,2,48,123,1,infrared,25.1834,79.0776,-90.0,6.7164,60.1973,0.417139,single,1,120
train_002012,Train-Target-002012,10.44391700,59.25109880,6,136,186,1,infrared,20.1102,46.7672,-90.0,7.9012,39.8130,0.428610,single,1,120
train_002155,Train-Target-002155,12.49622499,-179.78122614,2,89,203,1,sar,18.6291,94.6904,-90.0,5.4080,74.5629,0.430418,single,1,120
train_001794,Train-Target-001794,-25.71953764,155.93995294,1,107,163,1,sar,19.8353,60.5343,-90.0,5.8084,40.9545,0.385197,simultaneous,2,120
train_003062,Train-Target-003062,-34.40351712,57.45286418,3,68,111,1,optical,7.1311,24.5947,8.0,5.0445,27.7480,0.410141,single,1,120
train_001812,Train-Target-001812,12.73419124,-63.48451356,2,137,219,1,optical,3.9775,35.0068,8.0,6.6506,74.6758,0.404163,single,1,120
train_000319,Train-Target-000319,-48.33293783,74.90091957,4,113,209,1,optical,5.3486,41.3363,8.0,7.7348,22.7947,0.403927,single,1,120
train_001393,Train-Target-001393,-51.43580399,-57.13147679,4,93,208,1,optical,5.1269,47.5497,8.0,8.1827,38.4235,0.207651,sequential,2,120
train_002162,Train-Target-002162,-9.15738230,-35.26751828,9,95,179,1,sar,11.8962,35.9631,-90.0,6.7878,20.5489,0.446630,sequential,2,120
train_002917,Train-Target-002917,-22.64715758,35.95017898,2,81,197,1,optical,5.6209,26.2176,8.0,6.7011,80.6664,0.438301,single,1,120
train_002944,Train-Target-002944,14.41960004,54.73228841,1,64,161,1,optical,6.7049,19.3906,8.0,4.5414,20.3903,0.180509,simultaneous,2,120
train_002450,Train-Target-002450,-72.72973162,157.84147437,10,109,223,1,sar,17.7494,42.9627,-90.0,6.4967,78.4959,0.207325,single,1,120
train_002676,Train-Target-002676,-43.46986042,70.54368083,1,74,214,1,optical,9.0801,42.6503,8.0,4.5219,81.2845,0.423341,single,1,120
train_002002,Train-Target-002002,21.49716716,45.92591419,3,75,141,1,sar,21.8301,36.9002,-90.0,8.1972,65.9680,0.442326,single,1,120
train_001290,Train-Target-001290,-44.72097982,26.89271169,1,146,214,1,sar,15.4726,65.8987,-90.0,7.9516,26.0066,0.196879,single,1,120
train_000370,Train-Target-000370,-62.42808593,-173.84945251,5,64,154,1,optical,8.4453,39.3107,8.0,7.1868,53.1442,0.228334,single,1,120
train_002034,Train-Target-002034,-29.44492478,158.40766741,1,14,119,1,sar,17.0396,25.2980,-90.0,8.2164,86.2520,0.266736,single,1,120
train_000468,Train-Target-000468,40.55046298,-39.03534362,3,18,170,1,optical,3.6556,62.7834,8.0,6.0911,69.5640,0.435919,single,1,120
train_000672,Train-Target-000672,-21.59712248,-166.66595307,6,106,227,1,optical,8.7767,35.0452,8.0,5.4861,73.4492,0.305763,single,1,120
train_000435,Train-Target-000435,24.11855602,142.29388730,10,127,224,1,infrared,30.3024,103.5973,-90.0,6.9658,47.8748,0.437961,single,1,120
train_002157,Train-Target-002157,8.75339070,100.51857184,8,138,205,1,sar,11.6452,94.3599,-90.0,5.2956,27.0467,0.214889,simultaneous,2,120
train_001979,Train-Target-001979,-64.53113296,47.69790645,8,109,179,1,optical,3.8565,32.0364,8.0,7.5306,35.5143,0.329980,single,1,120
train_001857,Train-Target-001857,-52.52930575,-125.70389475,2,28,130,1,sar,21.7800,52.5372,-90.0,7.6055,29.9478,0.300657,single,1,120
train_002503,Train-Target-002503,56.00195699,108.10115823,7,29,101,1,sar,10.5369,61.9815,-90.0,7.6580,88.8327,0.446129,single,1,120
train_001819,Train-Target-001819,-26.53536592,-151.26344504,9,106,234,1,infrared,39.1271,98.4852,-90.0,5.7221,47.1909,0.279878,single,1,120
train_001077,Train-Target-001077,-11.01932198,-86.14106983,5,32,138,1,sar,17.3946,106.6248,-90.0,6.6445,28.3615,0.230908,sequential,2,120
train_001384,Train-Target-001384,-41.75880046,129.91893403,9,1,79,1,sar,21.4212,45.9281,-90.0,6.2044,89.8185,0.282719,single,1,120
train_001576,Train-Target-001576,-12.92153146,-132.13399221,7,70,185,1,optical,9.0459,57.1816,8.0,4.7902,43.8917,0.262807,simultaneous,2,120
train_001818,Train-Target-001818,-35.04484612,147.81942581,1,60,190,1,sar,21.8699,34.8728,-90.0,4.8055,87.0969,0.424004,single,1,120
train_002118,Train-Target-002118,34.57294072,-171.37886549,5,107,228,1,optical,3.5052,14.1805,8.0,7.6896,32.7887,0.196319,simultaneous,2,120
train_001250,Train-Target-001250,46.86426586,-52.17188901,1,113,156,1,sar,8.4145,91.8756,-90.0,5.0394,35.0034,0.417591,single,1,120
train_000604,Train-Target-000604,32.99180154,14.60105228,5,99,216,1,sar,17.8355,58.7923,-90.0,7.6355,44.9438,0.220122,single,1,120
train_001458,Train-Target-001458,1.35473594,151.50355243,6,17,71,1,optical,9.2545,35.6302,8.0,4.7264,83.9807,0.433958,single,1,120
train_001260,Train-Target-001260,-32.28043395,-2.41457380,3,52,185,1,optical,8.9898,30.1330,8.0,6.5334,64.3986,0.377262,single,1,120
train_001023,Train-Target-001023,1.06254269,103.02527343,6,112,223,1,optical,7.7844,34.5650,8.0,5.0661,85.1369,0.191471,single,1,120
train_000262,Train-Target-000262,57.64377339,-159.83750298,4,101,160,1,optical,2.0371,32.4871,8.0,5.9157,74.8254,0.423813,single,1,120
train_000254,Train-Target-000254,76.84720390,145.60425530,8,68,170,1,optical,3.1391,11.1368,8.0,5.3267,62.3682,0.259719,single,1,120
train_001341,Train-Target-001341,-61.83018049,-55.93602447,10,144,195,1,sar,19.1856,65.4369,-90.0,8.0168,38.9906,0.252143,sequential,2,120
train_001799,Train-Target-001799,-21.25393893,-63.12975524,1,22,148,1,sar,14.2271,63.2905,-90.0,6.6160,68.1118,0.212318,single,1,120
train_002850,Train-Target-002850,-3.99358031,29.12467744,8,107,153,1,optical,5.8488,50.3431,8.0,6.2377,79.3390,0.446400,sequential,2,120
train_002163,Train-Target-002163,2.09581027,22.86038191,8,32,121,1,optical,4.8856,23.1823,8.0,8.1513,81.6292,0.440559,single,1,120
train_001983,Train-Target-001983,-54.19404040,25.67337219,1,19,95,1,optical,5.0959,57.1121,8.0,6.4069,58.1162,0.389741,single,1,120
train_002408,Train-Target-002408,-60.16071004,62.08927722,9,76,190,1,optical,7.1557,13.6591,8.0,5.3894,74.5069,0.409680,sequential,2,120
train_001333,Train-Target-001333,71.08076719,-86.38449062,7,136,203,1,optical,4.5631,17.7013,8.0,6.5217,26.6470,0.293742,single,1,120
train_000121,Train-Target-000121,55.45708790,-99.19317605,6,50,116,1,optical,6.3294,33.4018,8.0,7.4341,68.0207,0.377724,simultaneous,2,120
train_002307,Train-Target-002307,-15.77316231,-83.27364239,3,23,147,1,optical,5.7575,57.2928,8.0,5.0916,70.5955,0.295459,single,1,120
train_002533,Train-Target-002533,12.58311772,-39.76618056,6,49,162,1,infrared,34.3901,100.2760,-90.0,7.7365,38.7391,0.369931,single,1,120
train_001014,Train-Target-001014,2.67733677,-122.14615197,10,87,135,1,infrared,19.6813,97.1703,-90.0,5.6667,61.5734,0.200147,sequential,2,120
train_001211,Train-Target-001211,-86.51861537,-21.83836180,7,27,82,1,optical,9.5436,35.2375,8.0,5.6441,27.9263,0.345673,single,1,120
train_000852,Train-Target-000852,-29.80377108,-151.65388149,5,78,176,1,sar,13.9595,30.2276,-90.0,4.6910,46.1668,0.305440,single,1,120
train_001371,Train-Target-001371,-1.39925285,122.40574647,10,79,218,1,optical,5.1935,50.5372,8.0,6.1186,67.4751,0.317762,single,1,120
train_001719,Train-Target-001719,-31.70080636,-90.15837381,7,112,222,1,optical,8.6114,57.9628,8.0,5.2619,79.9757,0.190759,single,1,120
train_000393,Train-Target-000393,38.72336625,90.51895126,9,67,169,1,optical,5.7216,62.0154,8.0,4.9540,22.8515,0.449206,sequential,2,120
train_002951,Train-Target-002951,8.44476051,158.65355628,8,61,195,1,optical,2.6938,43.4138,8.0,7.2447,27.9914,0.304337,single,1,120
train_001667,Train-Target-001667,15.36072345,-2.06946640,8,52,104,1,sar,12.3406,66.6517,-90.0,4.9673,31.9748,0.353759,single,1,120
train_000644,Train-Target-000644,-46.52592783,86.93541446,1,6,97,1,optical,9.2462,28.4808,8.0,4.6342,29.4187,0.186323,single,1,120
train_002709,Train-Target-002709,15.01318858,-48.42395335,7,116,217,1,optical,4.8521,38.3107,8.0,6.6525,61.4510,0.394172,single,1,120
train_000825,Train-Target-000825,-18.01616007,71.77950902,1,126,226,1,optical,3.1932,61.6866,8.0,6.6148,40.9764,0.381050,single,1,120
train_000462,Train-Target-000462,81.11021381,-123.65483751,8,90,215,1,sar,19.4174,69.3925,-90.0,5.4270,41.6360,0.194367,sequential,2,120
train_001674,Train-Target-001674,-40.52984100,91.72032810,2,86,214,1,optical,7.5325,64.6890,8.0,6.0183,22.5579,0.438745,single,1,120
train_000866,Train-Target-000866,-25.01348970,-11.85309402,6,126,223,1,optical,2.5209,25.4293,8.0,5.6205,23.9308,0.203046,single,1,120
train_000878,Train-Target-000878,-15.78276645,99.06634828,7,77,203,1,optical,7.2141,36.6944,8.0,6.3960,47.5353,0.211141,single,1,120
train_002937,Train-Target-002937,-42.79570356,-140.91189723,10,41,198,1,optical,9.6644,29.0410,8.0,8.0589,80.4766,0.364670,single,1,120
train_000906,Train-Target-000906,-41.51113407,133.50863551,4,85,210,1,optical,5.9045,27.3471,8.0,5.5949,68.8132,0.359525,sequential,2,120
train_001006,Train-Target-001006,-50.25527312,171.12771042,9,152,207,1,sar,12.7893,28.0694,-90.0,6.8632,83.5376,0.190909,single,1,120
train_002331,Train-Target-002331,22.48339834,77.08095572,1,113,203,1,optical,8.0470,59.1381,8.0,7.0024,84.6503,0.420426,single,1,120
train_002491,Train-Target-002491,-14.53916454,169.90134028,9,83,238,1,optical,7.9868,50.2641,8.0,5.5115,80.0141,0.378338,single,1,120
train_003058,Train-Target-003058,32.00657159,104.81949096,6,2,115,1,optical,7.2887,10.7164,8.0,4.5465,25.5353,0.201931,sequential,2,120
train_000886,Train-Target-000886,-21.49633985,-154.62142902,10,27,176,1,optical,2.4208,16.6696,8.0,8.2720,53.2308,0.243486,single,1,120
train_002184,Train-Target-002184,-30.02137601,-168.92221554,10,69,110,1,infrared,34.4220,142.2453,-90.0,7.8327,41.0571,0.252619,single,1,120
train_000566,Train-Target-000566,-71.30507217,91.66831649,2,69,218,1,sar,10.1280,70.6636,-90.0,5.1145,62.0811,0.271777,single,1,120
train_000003,Train-Target-000003,-26.77955111,69.12958019,2,93,172,1,optical,4.5707,40.3695,8.0,4.8090,42.3866,0.419356,single,1,120
train_000432,Train-Target-000432,46.86738132,28.62127165,3,21,118,1,optical,3.7527,25.3143,8.0,6.0019,33.4785,0.196842,single,1,120
train_000173,Train-Target-000173,56.39180172,-0.29909764,3,28,172,1,optical,2.8194,59.6883,8.0,7.6454,86.1285,0.263898,single,1,120
train_001826,Train-Target-001826,-68.65926425,-101.53443388,7,74,211,1,infrared,35.7402,124.9484,-90.0,5.4121,45.0054,0.337988,sequential,2,120
train_001380,Train-Target-001380,-22.99737230,-127.76604948,9,111,235,1,sar,18.0154,27.1834,-90.0,5.7367,69.7602,0.302845,single,1,120
train_002908,Train-Target-002908,7.83497221,-128.83468324,6,133,206,1,optical,3.8735,22.2594,8.0,6.7779,78.1554,0.278922,simultaneous,2,120
train_002989,Train-Target-002989,4.68112128,37.16182998,4,163,228,1,optical,2.6182,31.8102,8.0,6.0793,68.3301,0.347683,single,1,120
train_000146,Train-Target-000146,-77.57352744,122.57113360,6,113,190,1,optical,8.9811,35.6461,8.0,5.0735,88.3302,0.431385,single,1,120
train_001864,Train-Target-001864,-30.27405184,18.22642806,8,136,232,1,optical,2.0862,16.3999,8.0,5.9864,26.7631,0.326738,simultaneous,2,120
train_002431,Train-Target-002431,-16.07768602,-15.11422429,2,79,237,1,optical,4.2690,54.6028,8.0,8.1733,36.8496,0.190632,single,1,120
train_002683,Train-Target-002683,4.76263783,91.35997728,3,132,180,1,infrared,33.6277,59.4524,-90.0,8.3981,78.4497,0.420482,single,1,120
train_002246,Train-Target-002246,4.56020973,-92.04485632,10,21,174,1,sar,9.9699,71.1799,-90.0,5.9251,80.4004,0.334912,single,1,120
train_000643,Train-Target-000643,1.40376050,-113.82059699,10,66,207,1,optical,6.9984,30.3212,8.0,5.5764,57.6683,0.227854,single,1,120
train_001185,Train-Target-001185,-3.18925800,178.49112333,3,18,62,1,optical,4.8913,55.3692,8.0,4.5669,72.3610,0.256924,sequential,2,120
train_000091,Train-Target-000091,-1.50793328,167.15478581,8,96,230,1,optical,4.9324,60.1815,8.0,7.1415,57.2692,0.336835,single,1,120
train_000141,Train-Target-000141,-60.37165083,-88.49078378,7,29,102,1,sar,14.6138,41.9449,-90.0,6.5748,46.9642,0.224815,sequential,2,120
train_000803,Train-Target-000803,-0.83482630,-147.27266438,3,82,141,1,optical,5.1900,58.7543,8.0,5.1024,71.5328,0.266490,sequential,2,120
train_000270,Train-Target-000270,-39.35185265,-5.03083083,7,65,187,1,sar,18.6183,66.8001,-90.0,5.7110,37.6707,0.435551,single,1,120
train_001985,Train-Target-001985,-39.71115975,-28.07554795,3,13,76,1,optical,4.0420,63.1485,8.0,7.1775,50.7432,0.406643,simultaneous,2,120
train_002564,Train-Target-002564,-17.63379153,177.16219720,1,52,100,1,optical,4.2306,60.1997,8.0,8.1100,64.7964,0.442642,single,1,120
train_001602,Train-Target-001602,43.04333021,-89.65583955,4,7,163,1,optical,9.2516,63.8650,8.0,5.0767,39.9175,0.338833,single,1,120
train_000717,Train-Target-000717,-20.34950965,87.30853374,9,13,129,1,optical,9.9288,34.0153,8.0,5.2761,81.8820,0.362480,single,1,120
train_002934,Train-Target-002934,81.06022176,68.65791691,6,81,167,1,sar,19.3942,33.6397,-90.0,5.9743,39.1664,0.382712,single,1,120
train_001253,Train-Target-001253,-5.42310880,-66.39863423,6,16,154,1,optical,7.4028,60.4075,8.0,4.6989,28.6595,0.351482,simultaneous,2,120
train_001727,Train-Target-001727,-45.16167370,-7.83420274,7,163,225,1,sar,19.6692,92.7167,-90.0,7.6935,36.4446,0.374709,single,1,120
train_000066,Train-Target-000066,28.85809885,21.78870076,2,9,109,1,optical,2.9775,45.1142,8.0,5.7711,53.5161,0.447375,single,1,120
train_000543,Train-Target-000543,-4.34776997,134.61402549,10,86,127,1,optical,8.8926,14.9937,8.0,5.1206,62.4706,0.248984,single,1,120
train_000344,Train-Target-000344,77.50352092,160.08325161,9,124,212,1,optical,6.9426,54.9009,8.0,6.0290,85.2785,0.277830,sequential,2,120
train_001054,Train-Target-001054,33.28872537,-86.50873082,6,61,217,1,infrared,34.9442,140.7855,-90.0,7.2721,58.9094,0.440003,single,1,120
train_002789,Train-Target-002789,9.33846881,144.11997968,6,69,168,1,optical,6.6125,21.8456,8.0,4.8845,22.4359,0.364230,simultaneous,2,120
train_000699,Train-Target-000699,48.19108184,-142.61967616,7,67,200,1,optical,7.9338,19.7292,8.0,6.2281,54.7249,0.394734,sequential,2,120
train_000688,Train-Target-000688,-13.77548537,-51.46916327,3,91,155,1,optical,3.3725,18.8138,8.0,5.2781,61.4449,0.390382,simultaneous,2,120
train_001693,Train-Target-001693,-25.61959617,-43.70250783,7,20,86,1,sar,8.3591,35.3583,-90.0,5.5904,46.0609,0.227344,single,1,120
train_002954,Train-Target-002954,26.09441431,-107.89304805,10,32,134,1,optical,3.2647,37.0241,8.0,5.4503,70.6193,0.328200,single,1,120
train_002303,Train-Target-002303,67.68356237,-64.35964475,9,30,152,1,infrared,23.8810,70.9949,-90.0,8.3172,47.3262,0.400724,single,1,120
train_002139,Train-Target-002139,-18.91370670,-87.02949983,3,156,237,1,optical,4.9002,44.9032,8.0,6.8617,89.3035,0.360233,single,1,120
train_002819,Train-Target-002819,23.75917562,100.61302549,8,62,126,1,optical,7.9363,28.6950,8.0,5.9883,65.8105,0.269154,single,1,120
train_000499,Train-Target-000499,52.20762950,-172.00626674,5,95,214,1,sar,19.3023,55.7295,-90.0,6.5846,35.6664,0.203613,sequential,2,120
train_000415,Train-Target-000415,69.94023293,-165.23290224,1,98,202,1,sar,15.6258,99.0500,-90.0,7.9720,65.9260,0.286844,single,1,120
train_002352,Train-Target-002352,-21.43626536,-124.23343442,8,88,229,1,sar,17.1186,77.4490,-90.0,8.2471,57.4450,0.321247,single,1,120
train_000216,Train-Target-000216,-20.93826494,144.18919773,4,127,190,1,sar,12.8581,94.2078,-90.0,7.8717,32.5770,0.320871,single,1,120
train_001675,Train-Target-001675,71.96181061,-41.91795959,2,103,170,1,optical,7.0307,33.8229,8.0,5.5869,59.5773,0.358073,single,1,120
train_000479,Train-Target-000479,18.57448863,149.54715078,5,33,170,1,sar,15.3250,98.3130,-90.0,6.8269,46.1061,0.333696,simultaneous,2,120
train_000762,Train-Target-000762,53.84756699,118.53349775,9,24,88,1,optical,3.5616,24.3052,8.0,5.8042,50.3175,0.397446,single,1,120
train_001071,Train-Target-001071,-20.09291939,77.11136123,6,74,196,1,infrared,21.5619,94.4225,-90.0,5.8110,22.3580,0.449760,sequential,2,120
train_001744,Train-Target-001744,-32.48925639,-166.44702683,1,53,156,1,optical,6.7231,12.6984,8.0,5.1314,67.0654,0.442747,single,1,120
train_001904,Train-Target-001904,63.93603652,-57.33089295,1,113,236,1,optical,5.5440,61.1400,8.0,4.6169,40.0348,0.236794,single,1,120
train_002059,Train-Target-002059,31.12708115,-62.88407132,10,5,120,1,sar,19.8849,29.9443,-90.0,7.9112,57.3472,0.408915,sequential,2,120
train_000665,Train-Target-000665,16.06615044,-9.84268714,3,146,237,1,optical,9.4199,46.0787,8.0,6.6343,65.0853,0.240823,sequential,2,120
train_000960,Train-Target-000960,-3.52182456,-103.32406961,4,107,208,1,sar,12.5403,84.5336,-90.0,6.2320,25.0831,0.347294,single,1,120
train_002131,Train-Target-002131,20.28708815,117.49114970,3,41,149,1,sar,16.3761,78.5804,-90.0,6.5637,29.9048,0.398134,single,1,120
train_000157,Train-Target-000157,6.62169345,116.24766856,5,69,127,1,optical,8.4218,51.7700,8.0,7.9121,87.8017,0.264957,simultaneous,2,120
train_000475,Train-Target-000475,-33.62371712,153.55867670,4,140,184,1,sar,8.3685,70.2453,-90.0,6.5773,64.2408,0.424521,single,1,120
train_003018,Train-Target-003018,-56.02707070,-25.57224278,5,106,239,1,sar,12.1069,40.4683,-90.0,7.8194,24.0383,0.310761,single,1,120
train_000097,Train-Target-000097,54.98799989,33.31787206,5,53,156,1,sar,16.6127,37.0670,-90.0,7.1583,73.3237,0.219097,single,1,120
train_002008,Train-Target-002008,37.48935752,-61.73172722,5,19,119,1,sar,14.5141,39.8871,-90.0,6.8963,45.6897,0.233472,single,1,120
train_002948,Train-Target-002948,12.27555085,-31.36304579,6,37,147,1,sar,18.0876,51.2679,-90.0,5.7341,34.4790,0.408581,simultaneous,2,120
train_000453,Train-Target-000453,-6.42642241,-89.17255546,8,112,191,1,optical,3.6632,51.3883,8.0,7.8610,71.8922,0.383251,single,1,120
train_000651,Train-Target-000651,76.54240169,12.74954653,4,66,179,1,sar,21.5011,109.4630,-90.0,5.1279,55.8189,0.208743,single,1,120
train_002128,Train-Target-002128,-9.82094958,163.97597856,6,166,228,1,optical,3.2779,29.6300,8.0,8.0536,32.0235,0.214255,single,1,120
train_000783,Train-Target-000783,-8.88667729,-45.65582730,6,52,194,1,sar,14.1179,46.9228,-90.0,5.1443,49.7516,0.348361,single,1,120
train_002878,Train-Target-002878,26.51962396,-77.64387009,7,126,202,1,optical,8.1168,49.0806,8.0,7.2585,43.0753,0.446284,single,1,120
train_002970,Train-Target-002970,3.86333616,65.37310771,5,119,183,1,sar,11.9261,43.8048,-90.0,6.5883,25.1240,0.404574,simultaneous,2,120
train_000538,Train-Target-000538,43.31134310,68.15983508,1,106,169,1,optical,6.8379,24.9669,8.0,4.8817,61.1898,0.329108,single,1,120
train_002716,Train-Target-002716,13.01607258,85.59972723,7,90,216,1,optical,2.3998,24.2257,8.0,6.2602,79.2410,0.389800,sequential,2,120
train_001694,Train-Target-001694,18.83866550,13.60143422,5,7,50,1,optical,6.7287,34.6971,8.0,6.3917,51.1185,0.219401,single,1,120
train_000600,Train-Target-000600,-3.80938512,171.83421652,6,13,73,1,optical,3.9821,33.5790,8.0,6.2665,65.4816,0.414418,sequential,2,120
train_002369,Train-Target-002369,71.33155446,82.49673441,6,21,65,1,sar,10.8331,64.4315,-90.0,4.8958,39.4806,0.359241,single,1,120
train_001255,Train-Target-001255,-11.63678200,-97.35420276,7,106,208,1,optical,4.2543,36.0375,8.0,5.3575,55.4279,0.305405,single,1,120
train_002602,Train-Target-002602,56.03077268,-97.83686345,6,88,223,1,optical,7.3928,61.9455,8.0,5.8354,62.3481,0.187248,single,1,120
train_000071,Train-Target-000071,-66.69250902,-37.91694974,8,6,157,1,sar,16.0250,27.1201,-90.0,7.1063,51.6361,0.393689,single,1,120
train_001880,Train-Target-001880,37.80246873,-95.53650698,8,85,127,1,infrared,21.5082,78.7559,-90.0,6.3065,51.0992,0.333774,single,1,120
train_000279,Train-Target-000279,-29.11003866,-138.31409542,7,71,188,1,optical,7.4944,35.3546,8.0,5.1685,44.4459,0.229964,single,1,120
train_002782,Train-Target-002782,13.28682846,-148.01657274,1,74,181,1,optical,7.8837,48.9226,8.0,5.4709,83.0888,0.194474,single,1,120
train_001235,Train-Target-001235,39.73717385,80.78538282,10,49,208,1,infrared,39.6065,62.2778,-90.0,7.4744,68.9422,0.235675,single,1,120
train_000785,Train-Target-000785,66.31957206,-29.81989209,10,21,76,1,optical,3.2100,51.4215,8.0,6.7756,68.2341,0.378238,single,1,120
train_000829,Train-Target-000829,-24.86617309,-74.73837640,9,126,181,1,optical,4.5960,63.5002,8.0,6.7136,54.2361,0.355619,single,1,120
train_001398,Train-Target-001398,41.70475456,-55.40557205,6,25,149,1,optical,2.2622,26.9259,8.0,5.9228,62.3886,0.388144,single,1,120
train_001476,Train-Target-001476,-49.67825677,46.67642959,3,140,195,1,sar,8.0695,87.5386,-90.0,7.8575,78.4314,0.441582,single,1,120
train_001399,Train-Target-001399,1.85572789,-44.06445459,7,28,135,1,optical,4.6212,13.9988,8.0,7.0500,41.9327,0.427938,single,1,120
train_002779,Train-Target-002779,26.14255568,107.82684281,1,181,238,1,optical,9.9972,23.6644,8.0,4.8150,42.7803,0.257420,single,1,120
train_000231,Train-Target-000231,-20.61742917,-72.24658282,2,12,136,1,sar,10.3196,90.0296,-90.0,6.7385,40.8995,0.235145,single,1,120
train_002419,Train-Target-002419,49.06499464,-136.87487001,1,63,188,1,optical,4.3280,23.8436,8.0,5.8576,45.2948,0.199453,single,1,120
train_000594,Train-Target-000594,-0.81856515,130.57941409,3,0,86,1,optical,6.6324,42.0016,8.0,7.4023,74.2822,0.197872,single,1,120
train_000728,Train-Target-000728,45.57854932,-120.61839589,5,65,225,1,sar,8.2349,78.6930,-90.0,7.7693,28.8703,0.439559,single,1,120
train_003005,Train-Target-003005,10.27539728,-169.88897925,5,45,188,1,sar,19.9149,59.4325,-90.0,7.0997,54.8555,0.381757,single,1,120
train_002703,Train-Target-002703,59.40318789,112.09739397,2,26,93,1,optical,4.7779,49.4259,8.0,7.2334,66.9828,0.293214,single,1,120
train_000069,Train-Target-000069,-35.66038919,27.11362362,9,22,84,1,sar,20.0962,72.9711,-90.0,8.2032,36.4074,0.379788,single,1,120
train_002284,Train-Target-002284,28.17663439,-95.83962662,2,62,135,1,optical,2.3904,27.5957,8.0,6.9852,56.5612,0.388665,single,1,120
train_001865,Train-Target-001865,63.50593544,-161.98697067,7,71,227,1,sar,14.1396,59.1072,-90.0,5.7148,44.0868,0.263451,single,1,120
train_002851,Train-Target-002851,-57.79252021,77.69508557,5,118,169,1,optical,4.4585,53.1745,8.0,5.4934,69.7307,0.390250,single,1,120
train_002149,Train-Target-002149,32.55087724,35.66013292,4,77,135,1,optical,3.6162,41.9495,8.0,8.2960,59.0227,0.268520,single,1,120
train_001641,Train-Target-001641,0.91755709,-13.56898859,10,27,174,1,optical,9.1843,40.4420,8.0,7.4951,64.6231,0.195034,single,1,120
train_002783,Train-Target-002783,-46.89681012,-70.13535947,9,20,151,1,sar,12.5909,63.1217,-90.0,5.3800,57.9678,0.249910,single,1,120
train_000199,Train-Target-000199,-22.42918543,-112.98952205,1,50,177,1,optical,4.4936,44.9637,8.0,6.3649,27.7782,0.330692,single,1,120
train_002539,Train-Target-002539,-12.20387357,129.54300964,2,19,137,1,infrared,33.8501,143.1646,-90.0,4.7092,70.1652,0.378379,single,1,120
train_000407,Train-Target-000407,-46.42534819,-17.65990678,5,28,156,1,sar,11.9920,44.9171,-90.0,7.8120,84.7902,0.261009,sequential,2,120
train_000832,Train-Target-000832,-8.35528955,1.20421829,5,83,232,1,sar,17.2511,93.8954,-90.0,4.5556,60.5286,0.307519,sequential,2,120
train_000698,Train-Target-000698,5.70643973,85.87291892,4,0,92,1,optical,6.1322,32.2272,8.0,8.1422,32.1877,0.412424,single,1,120
train_001272,Train-Target-001272,-28.53798504,90.50993066,3,57,133,1,optical,4.3337,25.4069,8.0,7.7539,68.5872,0.242323,single,1,120
train_000397,Train-Target-000397,3.57693191,-157.17222107,8,30,157,1,sar,18.1892,52.6624,-90.0,6.3659,40.4107,0.361706,single,1,120
train_000626,Train-Target-000626,-7.95684233,-49.87266608,5,149,218,1,optical,6.9253,34.1591,8.0,7.9405,51.4876,0.309374,sequential,2,120
train_000924,Train-Target-000924,-3.95144650,123.53367286,4,89,220,1,sar,12.3648,69.0211,-90.0,8.2558,38.4836,0.320476,sequential,2,120
train_001978,Train-Target-001978,31.18683676,13.69488519,9,8,138,1,optical,4.5498,40.4052,8.0,7.7038,42.9642,0.413185,single,1,120
train_000836,Train-Target-000836,13.53548864,-130.03380993,7,80,194,1,optical,5.9186,56.5608,8.0,8.0138,41.1587,0.427617,simultaneous,2,120
train_002701,Train-Target-002701,11.88220733,-106.85591559,4,15,71,1,optical,9.6460,35.4287,8.0,6.8137,48.9865,0.348546,single,1,120
train_001166,Train-Target-001166,-22.67357386,-97.80635742,5,53,163,1,optical,5.2733,44.0021,8.0,7.6794,47.5229,0.336286,sequential,2,120
train_000164,Train-Target-000164,36.45182235,103.04509569,3,96,153,1,sar,8.4393,95.2622,-90.0,4.8704,76.2652,0.211688,simultaneous,2,120
train_000287,Train-Target-000287,37.68508864,18.18895629,8,85,131,1,optical,9.7071,63.3804,8.0,8.2954,44.7333,0.284874,sequential,2,120
train_000529,Train-Target-000529,9.84504723,-46.51489565,3,182,231,1,optical,3.5069,26.8878,8.0,6.4721,86.1514,0.376403,single,1,120
train_001493,Train-Target-001493,30.94432514,-121.04841429,5,27,149,1,optical,7.4524,42.1009,8.0,7.1181,53.4605,0.254232,single,1,120
train_000136,Train-Target-000136,2.98445656,-67.93359246,5,68,197,1,optical,2.9513,34.2261,8.0,5.3359,50.8575,0.203915,single,1,120
train_001146,Train-Target-001146,16.22808926,-29.41048274,3,40,184,1,sar,18.8753,91.3543,-90.0,4.6287,34.4640,0.312316,single,1,120
train_001931,Train-Target-001931,17.49335443,-39.28509671,8,50,90,1,sar,12.4624,93.0193,-90.0,4.8318,29.7656,0.222230,single,1,120
train_000081,Train-Target-000081,21.31376722,13.85831551,3,44,92,1,optical,3.7028,60.2930,8.0,7.6274,39.1187,0.311665,sequential,2,120
train_000156,Train-Target-000156,-38.02059500,105.12805496,4,61,216,1,sar,16.5807,42.7266,-90.0,6.7615,55.2766,0.419197,sequential,2,120
train_002899,Train-Target-002899,70.85451764,76.30330404,5,88,136,1,optical,3.1033,24.1226,8.0,8.2746,80.0966,0.390676,single,1,120
train_001610,Train-Target-001610,-17.54260717,94.97534429,10,147,234,1,sar,17.2980,63.0200,-90.0,7.1792,57.5336,0.416947,single,1,120
train_000784,Train-Target-000784,-48.50247288,94.23249938,8,39,91,1,sar,14.1583,45.5099,-90.0,7.5668,70.9518,0.437523,single,1,120
train_002161,Train-Target-002161,54.87922882,45.57124054,8,68,150,1,optical,8.8046,19.8351,8.0,5.3515,43.6604,0.437044,single,1,120
train_003067,Train-Target-003067,-4.38470677,131.18125330,8,68,172,1,optical,2.0328,18.2856,8.0,4.6439,39.0139,0.204171,single,1,120
train_002124,Train-Target-002124,-50.84621453,125.28649931,5,0,136,1,sar,14.4503,64.2741,-90.0,8.1652,34.0978,0.256591,sequential,2,120
train_000095,Train-Target-000095,13.88906342,44.14944009,1,142,227,1,sar,17.9901,92.3609,-90.0,7.7503,35.8298,0.209796,single,1,120
train_001681,Train-Target-001681,7.37919540,32.95899648,5,52,150,1,infrared,22.1068,133.5571,-90.0,4.8262,82.4801,0.439308,single,1,120
train_001369,Train-Target-001369,45.24577778,67.10128948,5,9,75,1,optical,4.4505,37.0375,8.0,6.0775,86.9397,0.299878,simultaneous,2,120
train_000846,Train-Target-000846,-26.93232915,-114.98774420,1,91,175,1,optical,3.0117,15.7469,8.0,6.9966,63.9094,0.293346,simultaneous,2,120
train_001159,Train-Target-001159,-38.28332678,26.71789786,2,81,161,1,sar,16.7587,67.2288,-90.0,8.0847,24.8503,0.436076,sequential,2,120
train_000736,Train-Target-000736,6.75978065,72.80238823,5,62,162,1,optical,3.7834,15.0640,8.0,7.8237,21.4480,0.305906,single,1,120
train_001326,Train-Target-001326,47.81456334,-104.87707873,4,92,237,1,sar,8.9869,27.3957,-90.0,6.4862,56.7894,0.405596,single,1,120
train_002400,Train-Target-002400,-46.19204600,-142.63011075,10,47,176,1,optical,9.8865,45.6398,8.0,8.1047,41.4527,0.374022,single,1,120
train_001695,Train-Target-001695,6.61925568,-92.43448902,7,43,191,1,infrared,22.6968,74.4196,-90.0,6.8997,76.1111,0.414050,single,1,120
train_002969,Train-Target-002969,73.49349224,173.72717890,7,73,182,1,optical,2.6265,49.1662,8.0,5.1413,79.5278,0.263323,single,1,120
train_000899,Train-Target-000899,50.79984760,131.19231396,6,67,146,1,optical,6.6610,28.7836,8.0,4.8554,55.9009,0.318071,single,1,120
train_002033,Train-Target-002033,27.48066074,165.28028674,8,120,226,1,optical,4.6756,40.8496,8.0,5.4181,56.8766,0.356412,single,1,120
train_001587,Train-Target-001587,8.90373922,161.58013638,6,17,92,1,optical,8.4404,22.2778,8.0,6.6373,32.5325,0.324770,single,1,120
train_001125,Train-Target-001125,-24.06248383,-143.35832530,1,67,176,1,optical,4.0074,63.6311,8.0,8.2901,32.0976,0.396762,single,1,120
train_000480,Train-Target-000480,55.48819979,-55.16504068,10,114,225,1,optical,6.9144,48.3023,8.0,5.1786,88.9339,0.312872,single,1,120
train_000915,Train-Target-000915,3.46865780,179.55603600,4,65,195,1,optical,3.6909,33.1543,8.0,7.6691,59.1009,0.312423,single,1,120
train_002731,Train-Target-002731,-64.93396649,98.69493750,10,145,209,1,optical,6.5262,31.9611,8.0,7.4576,45.4652,0.242643,simultaneous,2,120
train_001756,Train-Target-001756,-47.87114165,-145.60786694,4,127,225,1,optical,9.6231,25.2004,8.0,6.9515,39.4093,0.286697,sequential,2,120
train_001474,Train-Target-001474,16.62841515,60.39342070,7,107,186,1,optical,8.3910,46.2882,8.0,5.4977,56.5937,0.393817,sequential,2,120
train_001181,Train-Target-001181,3.78167073,-176.45203839,7,133,200,1,infrared,24.3500,119.6499,-90.0,6.1046,53.8325,0.269719,single,1,120
train_000194,Train-Target-000194,23.88629011,-174.41646811,5,125,239,1,sar,15.4402,94.8319,-90.0,5.7469,89.1234,0.357484,sequential,2,120
train_002171,Train-Target-002171,-7.86554598,172.19406114,1,48,149,1,optical,3.7909,22.5501,8.0,8.1850,56.4617,0.307103,simultaneous,2,120
train_000530,Train-Target-000530,16.57284616,141.72488173,4,127,195,1,optical,4.1884,32.0741,8.0,6.4842,79.8644,0.446532,simultaneous,2,120
train_001899,Train-Target-001899,2.82129239,166.97318584,2,68,171,1,optical,6.9736,45.7861,8.0,7.6785,54.7415,0.329401,single,1,120
train_000471,Train-Target-000471,-41.93009687,156.04955254,7,21,76,1,optical,4.4022,42.7761,8.0,5.8930,76.5636,0.419734,single,1,120
train_001570,Train-Target-001570,37.24037579,-149.78272106,6,55,154,1,optical,8.1972,16.9020,8.0,7.9855,69.8727,0.360485,sequential,2,120
train_001600,Train-Target-001600,-21.91368845,-86.31020417,2,70,221,1,optical,8.1867,38.7250,8.0,4.5189,46.3944,0.265750,single,1,120
train_000006,Train-Target-000006,45.23898044,-41.12392058,3,35,173,1,optical,5.4327,61.4161,8.0,6.7508,48.7944,0.229164,single,1,120
train_001262,Train-Target-001262,28.84765958,-85.46682282,6,31,134,1,optical,9.2337,44.2576,8.0,5.2254,33.3086,0.231084,single,1,120
train_001196,Train-Target-001196,-31.02534028,42.07453100,8,94,149,1,optical,4.6112,11.0639,8.0,5.4453,70.3622,0.244275,single,1,120
train_001225,Train-Target-001225,-4.78764927,-123.31628964,7,86,187,1,optical,7.5461,41.5503,8.0,4.7533,34.2215,0.250191,simultaneous,2,120
train_002525,Train-Target-002525,17.90579646,109.61212406,7,77,182,1,sar,15.2716,53.4910,-90.0,5.6940,72.7531,0.248705,single,1,120
train_001291,Train-Target-001291,40.07927789,92.12226267,1,14,139,1,optical,4.3020,20.3515,8.0,7.1152,60.6069,0.184299,single,1,120
train_000392,Train-Target-000392,37.75709017,-30.67181147,6,136,202,1,optical,9.7322,48.3638,8.0,5.7749,54.4038,0.334241,sequential,2,120
train_002350,Train-Target-002350,46.88474516,22.44692012,7,37,111,1,optical,3.5832,52.5975,8.0,5.7570,30.0775,0.328800,single,1,120
train_001280,Train-Target-001280,28.20551680,65.54722842,8,49,159,1,optical,5.9021,33.2409,8.0,4.5057,34.2143,0.441704,sequential,2,120
train_001294,Train-Target-001294,11.95447354,-133.25627040,1,121,205,1,sar,21.5887,93.2197,-90.0,5.9431,78.9632,0.296102,single,1,120
train_002339,Train-Target-002339,-5.96500008,-152.72883131,10,47,156,1,sar,21.1844,44.2596,-90.0,7.9539,81.8955,0.252312,single,1,120
train_001163,Train-Target-001163,-27.20555140,-136.95956630,7,88,154,1,sar,14.8938,45.5726,-90.0,7.8813,20.7345,0.282558,simultaneous,2,120
train_000271,Train-Target-000271,-34.30998843,-49.87540386,4,138,194,1,optical,3.2737,58.8647,8.0,7.0137,58.4473,0.274752,single,1,120
train_002416,Train-Target-002416,-6.68600662,-15.12258592,8,21,128,1,optical,2.1254,52.2349,8.0,6.4136,82.4939,0.257728,single,1,120
train_001336,Train-Target-001336,-24.19972940,-109.01501145,10,60,217,1,optical,8.4889,55.6378,8.0,6.7318,88.6456,0.374156,single,1,120
train_000539,Train-Target-000539,-62.14028561,158.15031003,1,83,183,1,optical,7.0007,46.9587,8.0,7.2104,80.5026,0.325089,single,1,120
train_003065,Train-Target-003065,-73.18890047,-11.23529459,10,2,161,1,optical,4.5271,44.1919,8.0,8.3348,81.7489,0.402566,single,1,120
train_000868,Train-Target-000868,23.90221833,59.21248509,2,33,101,1,optical,5.3981,31.2246,8.0,7.1860,68.9835,0.371839,single,1,120
train_000295,Train-Target-000295,-29.20734026,9.14230004,5,137,235,1,optical,6.6150,61.1005,8.0,6.9747,21.8266,0.385958,sequential,2,120
train_002938,Train-Target-002938,-39.31103137,151.45866643,6,58,165,1,optical,4.8137,61.7232,8.0,6.7183,86.1802,0.250820,sequential,2,120
train_000259,Train-Target-000259,-37.91263331,18.71071442,4,62,215,1,infrared,36.5202,77.6654,-90.0,4.5768,52.8347,0.273042,sequential,2,120
train_002403,Train-Target-002403,-30.59863073,-104.33269485,10,97,146,1,optical,7.5224,27.4870,8.0,5.5298,34.7916,0.220424,simultaneous,2,120
train_000186,Train-Target-000186,-41.25686808,-47.41058089,1,29,91,1,optical,9.4620,38.1040,8.0,5.7172,87.6315,0.436728,single,1,120
train_000226,Train-Target-000226,2.87962717,-77.02587393,8,50,203,1,optical,4.3235,16.0132,8.0,7.5883,64.6081,0.285389,sequential,2,120
train_001003,Train-Target-001003,10.35813155,156.90170097,9,92,239,1,optical,4.7608,48.2453,8.0,5.0209,53.2871,0.269059,single,1,120
train_001859,Train-Target-001859,7.97058880,-107.27273205,6,73,130,1,optical,8.4117,48.6500,8.0,8.0637,41.9158,0.231897,single,1,120
train_002202,Train-Target-002202,-35.24558265,-159.83219552,5,71,212,1,optical,8.3296,33.4322,8.0,7.9043,21.5532,0.218044,single,1,120
train_000130,Train-Target-000130,0.56591534,58.57917728,7,30,151,1,sar,19.8549,102.9309,-90.0,4.6855,76.8466,0.207000,single,1,120
train_002768,Train-Target-002768,-40.31704243,-24.20394760,6,14,161,1,optical,3.9163,13.7209,8.0,7.1358,38.2795,0.369243,sequential,2,120
train_000088,Train-Target-000088,26.12820241,-24.39752518,3,72,207,1,optical,8.9135,12.6589,8.0,6.7987,44.6718,0.376165,sequential,2,120
train_001232,Train-Target-001232,27.23834046,2.52551696,6,76,124,1,sar,21.7033,38.9343,-90.0,5.6806,73.2053,0.354036,sequential,2,120
train_001982,Train-Target-001982,-4.18136301,13.77582441,10,24,82,1,optical,5.7898,14.9531,8.0,4.9569,66.0191,0.197837,simultaneous,2,120
train_000100,Train-Target-000100,41.00808303,-18.04297578,5,44,176,1,sar,19.9696,25.7960,-90.0,8.0934,88.7275,0.305789,simultaneous,2,120
train_000611,Train-Target-000611,-6.30637757,-175.99729578,7,55,118,1,optical,2.4818,31.1964,8.0,5.2386,33.6984,0.200262,sequential,2,120
train_002958,Train-Target-002958,17.05444438,94.64448912,3,101,194,1,sar,13.6337,35.2637,-90.0,5.7982,58.6563,0.260861,single,1,120
train_000027,Train-Target-000027,17.41706868,165.58264381,5,168,224,1,optical,9.7821,38.1327,8.0,6.9705,61.3346,0.396094,single,1,120
train_001877,Train-Target-001877,2.01627952,48.24472559,4,30,186,1,infrared,20.7996,46.5558,-90.0,5.6887,35.5212,0.402771,sequential,2,120
train_002572,Train-Target-002572,24.83694890,-7.01564287,4,63,193,1,optical,5.5729,59.2532,8.0,7.1227,71.9322,0.375537,single,1,120
train_000249,Train-Target-000249,-13.94974366,-102.54642217,2,31,158,1,optical,9.7699,46.1650,8.0,8.1701,72.2464,0.297188,single,1,120
train_000656,Train-Target-000656,19.54192561,-146.42910360,1,149,195,1,optical,6.5378,53.9209,8.0,7.0882,32.1137,0.264767,single,1,120
train_001012,Train-Target-001012,11.18697763,-65.11390132,6,70,197,1,optical,2.1047,27.6975,8.0,5.7812,24.9890,0.353398,single,1,120
train_001622,Train-Target-001622,-2.76289633,64.62176143,3,127,169,1,optical,6.0232,42.5069,8.0,7.0747,25.0040,0.228197,single,1,120
train_001742,Train-Target-001742,28.86221995,-35.86360471,6,26,136,1,sar,13.8220,33.8868,-90.0,8.3217,21.7914,0.342419,single,1,120
train_002472,Train-Target-002472,18.32007243,73.53231753,8,59,123,1,optical,2.7920,46.7076,8.0,6.8070,75.7532,0.223895,single,1,120
train_002741,Train-Target-002741,-26.23409571,44.67553489,2,98,218,1,infrared,35.6551,88.1908,-90.0,7.8837,39.3151,0.267919,single,1,120
train_002242,Train-Target-002242,36.39780027,67.49350645,6,51,138,1,sar,13.2978,72.5090,-90.0,8.1767,46.4463,0.309494,single,1,120
train_002422,Train-Target-002422,38.99376933,-34.51602124,10,71,137,1,optical,3.8700,19.9433,8.0,7.1314,41.5090,0.290860,single,1,120
train_000911,Train-Target-000911,82.77430723,18.94703373,7,3,53,1,optical,2.9925,43.6991,8.0,5.5711,72.4221,0.326274,single,1,120
train_000089,Train-Target-000089,60.79397874,-51.17885707,2,58,166,1,sar,14.7868,86.7114,-90.0,5.9237,33.3355,0.182656,sequential,2,120
train_000166,Train-Target-000166,-79.58450361,39.15854766,7,110,210,1,sar,20.9905,37.1630,-90.0,6.1672,57.5088,0.288692,single,1,120
train_001463,Train-Target-001463,51.14808660,36.97457486,9,114,235,1,sar,12.4403,52.1270,-90.0,5.1124,71.5674,0.428225,sequential,2,120
train_000982,Train-Target-000982,2.24049551,-123.43069349,6,74,206,1,optical,6.7001,15.1044,8.0,4.9815,21.2194,0.278349,sequential,2,120
train_002871,Train-Target-002871,-26.08930693,110.59453874,4,73,186,1,sar,8.1035,42.4011,-90.0,5.0487,86.5619,0.271417,simultaneous,2,120
train_002757,Train-Target-002757,29.93208115,-162.97791685,9,33,108,1,sar,18.5550,109.7543,-90.0,5.6610,59.6746,0.389333,single,1,120
train_000753,Train-Target-000753,1.45190435,164.51702053,5,67,224,1,optical,3.5919,64.4264,8.0,6.5181,80.9390,0.382005,sequential,2,120
train_002129,Train-Target-002129,-42.42940099,-117.81799262,9,194,237,1,optical,5.6789,55.5504,8.0,6.2591,82.9609,0.401648,single,1,120
train_001557,Train-Target-001557,-1.91920854,0.85172400,1,75,149,1,sar,11.0129,72.5974,-90.0,8.0400,73.0075,0.191756,single,1,120
train_001896,Train-Target-001896,-17.53756020,-163.81856730,6,74,233,1,optical,6.8881,30.8164,8.0,6.4099,57.2021,0.309578,single,1,120
train_001174,Train-Target-001174,6.77247769,46.90566881,2,118,184,1,infrared,22.2113,105.5072,-90.0,5.3216,83.5229,0.183372,sequential,2,120
train_001885,Train-Target-001885,16.97504501,-56.35726546,3,82,177,1,infrared,34.0432,49.8199,-90.0,5.0865,31.9868,0.289521,single,1,120
train_001863,Train-Target-001863,22.16296794,164.46466221,7,56,101,1,sar,12.2945,78.4478,-90.0,6.2807,89.5863,0.373425,single,1,120
train_000639,Train-Target-000639,-29.56390882,79.01553956,5,77,150,1,optical,4.8333,62.3390,8.0,7.1948,41.7738,0.422938,sequential,2,120
train_002148,Train-Target-002148,-29.99111325,-84.68038036,5,48,113,1,optical,9.2305,48.7681,8.0,6.1624,41.2639,0.303446,sequential,2,120
train_002297,Train-Target-002297,60.39306647,44.24644169,5,69,201,1,optical,8.9562,20.2703,8.0,8.0723,66.1071,0.350910,single,1,120
train_002664,Train-Target-002664,41.66680065,-115.32347847,10,81,124,1,sar,13.8799,43.8141,-90.0,7.1388,62.6744,0.214298,sequential,2,120
train_002293,Train-Target-002293,-15.64776773,4.06303013,7,162,206,1,optical,4.0644,35.4715,8.0,4.7821,62.9226,0.343316,single,1,120
train_000033,Train-Target-000033,-0.69945047,137.82107413,2,93,193,1,optical,8.6325,29.5759,8.0,8.2365,28.7993,0.376683,single,1,120
train_002837,Train-Target-002837,30.87199746,-165.33165182,2,25,159,1,infrared,26.8067,109.5615,-90.0,8.0297,37.6466,0.253929,single,1,120
train_000599,Train-Target-000599,-68.61823844,21.61118426,5,169,239,1,optical,9.2039,31.5390,8.0,6.5515,66.4435,0.195888,sequential,2,120
train_001618,Train-Target-001618,-24.02673343,-119.82062295,6,101,224,1,optical,9.7365,52.3010,8.0,8.3493,86.9948,0.430514,single,1,120
train_001970,Train-Target-001970,50.32040086,-78.05221999,10,41,178,1,optical,7.4496,55.2146,8.0,7.0252,33.5917,0.294711,single,1,120
train_000669,Train-Target-000669,31.60072528,58.34917320,8,76,191,1,optical,9.4171,57.9181,8.0,7.8005,50.5958,0.219331,single,1,120
train_000283,Train-Target-000283,-54.54371013,5.93205011,4,96,193,1,sar,8.0893,57.5548,-90.0,6.2091,42.0313,0.364214,single,1,120
train_001293,Train-Target-001293,6.07819117,103.07395011,2,43,149,1,optical,7.3247,11.3625,8.0,5.6077,50.6623,0.297975,sequential,2,120
train_001123,Train-Target-001123,-0.09837304,172.88667921,8,45,196,1,sar,8.9140,51.4021,-90.0,6.9183,55.6733,0.218653,sequential,2,120
train_000200,Train-Target-000200,14.49432851,120.11296677,1,60,148,1,optical,7.8941,40.8936,8.0,4.7031,82.5099,0.418403,single,1,120
train_001009,Train-Target-001009,48.64592877,-125.68865983,1,27,140,1,optical,9.9583,41.2311,8.0,8.1939,28.7398,0.268971,single,1,120
train_001024,Train-Target-001024,-8.64159047,-60.40604630,3,9,167,1,optical,3.5172,60.9627,8.0,7.0040,82.3379,0.336234,single,1,120
train_002540,Train-Target-002540,-59.97117816,-75.31869695,6,65,194,1,optical,5.5103,49.9348,8.0,4.6086,51.0280,0.245403,simultaneous,2,120
train_001382,Train-Target-001382,32.43948980,-102.89312106,8,126,227,1,infrared,31.6306,122.8295,-90.0,5.2662,29.5953,0.294425,single,1,120
train_000245,Train-Target-000245,-10.70923483,-12.09477046,6,83,221,1,optical,9.1970,44.4811,8.0,5.9533,74.9669,0.313555,single,1,120
train_000737,Train-Target-000737,83.81765979,-27.16606175,4,16,122,1,sar,11.1359,52.0266,-90.0,4.8628,34.7544,0.425832,single,1,120
train_002704,Train-Target-002704,53.59639894,-115.59485697,6,65,185,1,sar,8.2250,57.8097,-90.0,5.1725,36.5754,0.299271,single,1,120
train_001720,Train-Target-001720,16.83750514,-126.08309095,5,77,226,1,infrared,26.2052,140.5578,-90.0,6.4018,69.1569,0.403266,single,1,120
train_001722,Train-Target-001722,1.95462854,82.10198616,3,42,193,1,optical,3.9509,41.0373,8.0,6.5432,55.1426,0.280137,simultaneous,2,120
train_002771,Train-Target-002771,4.12114722,74.11301540,1,58,160,1,optical,2.5625,42.2336,8.0,8.0393,43.8488,0.346133,sequential,2,120
train_000601,Train-Target-000601,67.65465956,34.07998529,7,86,176,1,optical,8.6417,15.6269,8.0,6.1353,68.2575,0.255633,single,1,120
train_001621,Train-Target-001621,-38.78769074,103.36835165,3,29,107,1,sar,21.5927,25.9163,-90.0,5.1293,69.3714,0.207766,single,1,120
train_000588,Train-Target-000588,13.22125387,-56.96829194,1,31,176,1,optical,9.4932,26.6984,8.0,4.8557,40.4466,0.322733,single,1,120
train_002213,Train-Target-002213,47.73638014,-3.26993522,3,65,166,1,sar,12.4730,56.2034,-90.0,7.9567,24.8543,0.265351,single,1,120
train_000352,Train-Target-000352,-26.55327700,-8.07874556,4,100,207,1,optical,8.6478,14.3301,8.0,8.0808,76.4248,0.288911,sequential,2,120
train_001402,Train-Target-001402,-57.64543328,-10.97129687,7,13,111,1,optical,4.9399,28.4455,8.0,4.7156,85.5634,0.413056,simultaneous,2,120
train_002928,Train-Target-002928,-2.98964128,-66.81482565,3,29,172,1,optical,3.1237,31.7230,8.0,7.9243,55.0876,0.449064,sequential,2,120
train_001803,Train-Target-001803,-64.13876147,-78.98461412,9,96,168,1,optical,5.8656,58.4573,8.0,4.6108,38.3938,0.263127,sequential,2,120
train_001482,Train-Target-001482,48.11703742,-7.68044956,9,46,155,1,optical,3.5249,31.0627,8.0,8.3274,76.0563,0.426578,single,1,120
train_001751,Train-Target-001751,-28.99860613,174.46764437,7,3,123,1,optical,2.4293,63.5225,8.0,6.8416,43.5007,0.204067,single,1,120
train_002318,Train-Target-002318,43.80596741,-97.13553550,9,89,130,1,sar,11.1277,41.8096,-90.0,7.2941,28.3987,0.200449,single,1,120
train_002316,Train-Target-002316,-29.20786681,115.75846694,10,31,121,1,optical,5.7826,60.7662,8.0,6.8993,89.7533,0.216141,sequential,2,120
train_002089,Train-Target-002089,27.35821866,81.06045826,2,24,174,1,sar,14.0268,98.9593,-90.0,7.5690,29.5203,0.284427,sequential,2,120
train_001358,Train-Target-001358,43.78068095,-18.17151216,8,123,215,1,optical,8.5870,39.8663,8.0,6.0936,54.4510,0.301638,sequential,2,120
train_002446,Train-Target-002446,-42.49819094,116.73806741,5,44,148,1,optical,9.6715,10.1445,8.0,4.7739,79.4264,0.350661,single,1,120
train_001736,Train-Target-001736,-17.07785295,54.39229775,2,57,191,1,sar,19.2131,82.7266,-90.0,7.9181,36.1458,0.403694,sequential,2,120
train_001515,Train-Target-001515,-10.41152641,-124.51655495,5,75,159,1,optical,8.3624,20.2301,8.0,4.9356,28.5461,0.217524,simultaneous,2,120
train_003052,Train-Target-003052,27.39285172,100.80379877,1,15,153,1,sar,17.7141,103.6618,-90.0,7.5099,74.7072,0.421550,single,1,120
train_002537,Train-Target-002537,15.72119617,177.84323153,4,45,130,1,sar,19.7172,104.0277,-90.0,4.9078,35.7617,0.269802,single,1,120
train_001933,Train-Target-001933,10.94427154,-88.30299881,1,52,150,1,optical,9.5217,22.0709,8.0,6.5076,26.3908,0.247904,sequential,2,120
train_000957,Train-Target-000957,23.14727505,-123.62648852,3,79,139,1,optical,6.6838,58.3382,8.0,6.8461,72.1130,0.365489,single,1,120
train_001771,Train-Target-001771,-19.01901084,102.55725902,8,15,149,1,optical,9.6113,59.8515,8.0,7.1425,67.5370,0.380863,sequential,2,120
train_001337,Train-Target-001337,-16.19097588,133.20381168,3,128,211,1,optical,8.3972,37.5609,8.0,8.2670,21.6388,0.406053,single,1,120
train_000821,Train-Target-000821,41.92040431,-123.24272999,10,35,89,1,infrared,39.4169,47.1119,-90.0,4.6139,54.2186,0.271295,single,1,120
train_001441,Train-Target-001441,-43.52315142,-74.76076701,6,45,144,1,infrared,32.7130,95.6956,-90.0,7.8360,37.7775,0.405662,single,1,120
train_000897,Train-Target-000897,-24.85077851,73.15859514,9,44,166,1,sar,16.1836,42.5701,-90.0,5.2171,48.3471,0.186960,single,1,120
train_001168,Train-Target-001168,-75.95489610,61.53641826,9,70,172,1,optical,6.2772,23.2070,8.0,5.2316,77.9269,0.420751,single,1,120
train_002560,Train-Target-002560,5.55749072,133.51162139,6,115,217,1,optical,7.2486,62.5551,8.0,6.9159,51.9306,0.375672,single,1,120
train_001894,Train-Target-001894,13.23527214,92.84177311,9,44,143,1,infrared,28.6577,108.6845,-90.0,7.3186,77.7791,0.429291,single,1,120
train_000930,Train-Target-000930,-4.39082789,-72.13087851,4,156,206,1,sar,19.7543,29.7402,-90.0,5.0831,53.7303,0.221134,single,1,120
train_001538,Train-Target-001538,-48.40622411,-133.00832270,3,5,131,1,sar,14.3228,33.2301,-90.0,4.7284,36.5307,0.230401,single,1,120
train_000892,Train-Target-000892,-18.71589052,-31.24963185,2,108,158,1,optical,8.4745,29.8401,8.0,7.6475,37.0591,0.401708,single,1,120
train_000195,Train-Target-000195,-40.51525955,-142.44567342,9,54,136,1,optical,4.5864,18.4614,8.0,8.2216,88.6152,0.302129,single,1,120
train_002699,Train-Target-002699,-49.21032573,-42.71921946,7,92,210,1,optical,4.1676,52.0455,8.0,6.6597,80.1310,0.274032,single,1,120
train_002879,Train-Target-002879,-17.87505646,49.89036439,10,5,82,1,optical,6.8924,42.4135,8.0,6.3298,52.4785,0.218991,single,1,120
train_001871,Train-Target-001871,-2.48899461,-9.75781048,4,33,145,1,sar,11.4985,88.4570,-90.0,7.9742,42.8750,0.373354,single,1,120
train_001739,Train-Target-001739,3.26287877,100.24108213,8,26,152,1,optical,5.4644,56.4250,8.0,6.0628,28.3816,0.247809,single,1,120
train_002041,Train-Target-002041,53.42581655,143.58907320,3,80,185,1,optical,8.5183,36.5885,8.0,7.7647,50.7994,0.312950,single,1,120
train_001856,Train-Target-001856,81.84417739,138.82342307,1,52,206,1,sar,9.1817,63.8936,-90.0,8.3718,52.8099,0.279247,single,1,120
train_002108,Train-Target-002108,-80.25408477,-141.70164370,3,150,231,1,optical,9.8701,59.2047,8.0,7.4100,47.4347,0.328004,simultaneous,2,120
train_002341,Train-Target-002341,11.91246575,47.24991251,1,42,175,1,sar,19.2577,100.2400,-90.0,8.3099,38.5973,0.232671,sequential,2,120
train_000234,Train-Target-000234,-17.37218139,-146.99144770,9,19,117,1,sar,21.3122,43.0394,-90.0,5.5504,62.4481,0.411955,sequential,2,120
train_001110,Train-Target-001110,-2.94172394,-94.13001599,4,37,78,1,infrared,21.1213,53.8438,-90.0,7.9908,20.8543,0.350984,sequential,2,120
train_000082,Train-Target-000082,-4.89553055,75.04983330,1,101,168,1,optical,8.5766,51.7120,8.0,7.2943,38.5171,0.444294,single,1,120
train_001840,Train-Target-001840,-43.70222226,-114.81576256,2,128,185,1,sar,17.0996,37.9946,-90.0,4.7625,30.5015,0.358753,simultaneous,2,120
train_002705,Train-Target-002705,16.94129883,30.15198467,6,4,158,1,sar,9.6158,84.1127,-90.0,8.1891,25.6110,0.435722,single,1,120
train_001601,Train-Target-001601,-12.36329709,-114.15711948,8,28,183,1,optical,3.3554,24.3750,8.0,8.3310,59.1372,0.315079,single,1,120
train_001511,Train-Target-001511,49.01027385,133.34164272,2,118,181,1,optical,9.9697,35.8063,8.0,6.1838,65.7510,0.427750,simultaneous,2,120
train_000587,Train-Target-000587,23.51584493,172.38144669,6,60,130,1,sar,9.0804,79.5428,-90.0,6.9443,32.1921,0.196743,single,1,120
train_001948,Train-Target-001948,-36.18508849,-161.01305651,3,20,77,1,infrared,38.2954,66.3033,-90.0,7.1303,80.5864,0.382225,single,1,120
train_001788,Train-Target-001788,8.37509243,-91.90234922,8,66,132,1,optical,9.9204,14.5944,8.0,5.2304,75.6807,0.415793,sequential,2,120
train_000300,Train-Target-000300,35.34882433,-111.05220932,4,53,184,1,infrared,39.1656,131.7544,-90.0,5.9192,69.6468,0.304561,single,1,120
train_002071,Train-Target-002071,7.86581379,69.13647414,4,34,164,1,optical,7.1136,10.1008,8.0,6.0136,57.0464,0.211925,sequential,2,120
train_000681,Train-Target-000681,-34.64235177,-37.93129862,10,17,171,1,sar,19.5638,94.4788,-90.0,6.2849,77.8627,0.247429,single,1,120
train_000162,Train-Target-000162,-17.05854386,-137.15292445,5,165,216,1,optical,4.9729,20.6472,8.0,6.9140,28.9554,0.362639,single,1,120
train_002553,Train-Target-002553,11.12677302,-41.05180489,3,87,192,1,optical,2.8717,19.5333,8.0,7.3183,87.1380,0.323824,single,1,120
train_001703,Train-Target-001703,-14.39874371,-1.21388345,6,19,154,1,sar,20.2369,32.8475,-90.0,7.7675,23.9951,0.290544,single,1,120
train_002238,Train-Target-002238,50.05596533,117.65430455,6,49,140,1,optical,4.4625,51.1030,8.0,6.6277,63.9248,0.181946,sequential,2,120
train_001495,Train-Target-001495,30.79036458,-146.06696607,6,10,58,1,sar,13.1965,82.9830,-90.0,8.3786,41.2278,0.191826,single,1,120
train_002512,Train-Target-002512,27.69946779,125.17767362,10,57,170,1,sar,17.2218,103.2223,-90.0,5.9571,45.4509,0.238434,single,1,120
train_002923,Train-Target-002923,21.66631145,-144.04353495,9,73,222,1,optical,4.7980,39.8939,8.0,7.7173,29.1708,0.397534,single,1,120
train_001746,Train-Target-001746,13.57146977,150.74802033,7,73,182,1,sar,14.8332,70.3611,-90.0,5.1985,70.5005,0.297124,single,1,120
train_002104,Train-Target-002104,1.09503541,-103.71747274,4,0,63,1,optical,7.1044,56.9209,8.0,5.2189,82.5449,0.401403,single,1,120
train_001202,Train-Target-001202,69.99742031,-94.63492976,2,81,134,1,optical,4.3752,53.1301,8.0,6.9230,85.1825,0.235300,single,1,120
train_001795,Train-Target-001795,2.42899460,126.96810826,7,163,203,1,optical,5.5905,32.1455,8.0,4.5273,49.5198,0.255704,single,1,120
train_002900,Train-Target-002900,-7.04698677,-163.06473969,10,73,127,1,sar,8.6495,30.9222,-90.0,7.7378,34.6567,0.406097,single,1,120
train_000307,Train-Target-000307,1.48999280,-7.64584350,9,27,183,1,infrared,36.4558,107.5302,-90.0,6.6764,63.2770,0.433080,single,1,120
train_002244,Train-Target-002244,-28.13272035,-164.14528774,10,15,88,1,optical,2.1891,26.7791,8.0,8.2532,40.3125,0.247555,single,1,120
train_001747,Train-Target-001747,-29.39867876,-28.17206420,5,33,172,1,sar,19.3271,41.6808,-90.0,7.2165,59.9349,0.347503,single,1,120
train_001907,Train-Target-001907,-34.02923660,16.32497107,10,68,177,1,optical,5.5537,61.5631,8.0,4.6891,74.1643,0.345392,sequential,2,120
train_001762,Train-Target-001762,-59.62385126,-45.56622513,7,8,126,1,optical,9.7179,13.2751,8.0,5.6311,48.8097,0.238524,simultaneous,2,120
train_002222,Train-Target-002222,-57.40106668,-42.45288222,7,79,124,1,optical,9.3690,28.8268,8.0,5.8992,72.2628,0.396272,simultaneous,2,120
train_001319,Train-Target-001319,56.72614149,-47.30413055,9,55,176,1,sar,14.3553,48.0891,-90.0,4.5315,43.5755,0.255862,single,1,120
train_000524,Train-Target-000524,-7.79492300,176.58843279,3,73,171,1,sar,14.0737,55.1454,-90.0,7.5143,87.6244,0.390612,single,1,120
train_001558,Train-Target-001558,11.02793334,-149.64907842,9,65,218,1,optical,3.0265,27.6442,8.0,5.4091,78.2095,0.294061,single,1,120
train_000496,Train-Target-000496,-21.79931919,127.86457373,3,155,208,1,sar,17.5593,78.7828,-90.0,5.9090,61.8500,0.402406,simultaneous,2,120
train_001774,Train-Target-001774,58.03629715,-36.05631753,5,23,96,1,sar,16.6485,107.6413,-90.0,7.3859,80.8294,0.355761,simultaneous,2,120
train_000929,Train-Target-000929,-74.32338415,1.41432404,8,61,137,1,optical,9.0241,11.4565,8.0,8.3606,31.1367,0.397621,single,1,120
train_001617,Train-Target-001617,-1.62078432,-36.29391551,6,177,234,1,optical,6.0003,32.5377,8.0,4.6794,47.0053,0.316708,simultaneous,2,120
train_001749,Train-Target-001749,-14.59344546,-158.38613462,10,114,166,1,optical,3.1876,27.6898,8.0,5.4254,41.5153,0.233174,single,1,120
train_002025,Train-Target-002025,-19.50266260,-68.41546058,1,1,145,1,optical,5.0718,14.0063,8.0,5.0465,77.6897,0.238202,single,1,120
train_000946,Train-Target-000946,-52.26846570,-2.17752306,10,40,84,1,infrared,32.2395,127.3066,-90.0,8.0108,43.2497,0.193866,single,1,120
train_001081,Train-Target-001081,43.59345174,33.21440682,4,72,231,1,optical,8.0716,18.0262,8.0,6.4122,84.2514,0.446952,single,1,120
train_002233,Train-Target-002233,-33.04988886,-94.52491149,2,85,223,1,optical,5.5158,11.8692,8.0,5.1953,71.7894,0.260591,single,1,120
train_001657,Train-Target-001657,-58.18917625,120.07691853,10,124,197,1,infrared,29.4203,116.8456,-90.0,6.3075,66.2779,0.431278,single,1,120
train_000624,Train-Target-000624,-16.43883504,-168.53447709,3,40,94,1,sar,10.2441,26.8961,-90.0,4.8850,61.8355,0.423762,single,1,120
train_001608,Train-Target-001608,-56.51197813,-104.09982560,3,49,139,1,optical,6.4665,10.3508,8.0,7.4193,58.6991,0.184691,sequential,2,120
train_000702,Train-Target-000702,-23.68180156,131.59369489,3,39,178,1,sar,14.1263,92.1356,-90.0,6.9556,69.3834,0.438523,single,1,120
train_000625,Train-Target-000625,11.07054893,123.41361029,1,156,203,1,optical,5.9632,56.6899,8.0,5.4827,26.1928,0.424804,single,1,120
train_000622,Train-Target-000622,22.95033098,-156.84958533,10,117,234,1,sar,15.2950,81.5382,-90.0,5.3795,38.4348,0.266867,single,1,120
train_000305,Train-Target-000305,27.41450445,88.58036635,7,100,239,1,sar,11.1675,52.7501,-90.0,7.3915,63.8294,0.271629,sequential,2,120
train_002335,Train-Target-002335,27.22824256,-148.39772909,5,87,165,1,infrared,31.2495,68.8620,-90.0,6.9591,22.9379,0.362819,single,1,120
train_002561,Train-Target-002561,15.90153296,-136.72485578,8,30,111,1,sar,10.2735,85.7212,-90.0,5.2609,74.9987,0.186708,single,1,120
train_000970,Train-Target-000970,46.51604385,-179.46592789,5,64,144,1,optical,2.4862,40.5917,8.0,7.1175,39.2747,0.227518,single,1,120
train_000931,Train-Target-000931,-1.71053364,-12.11144562,4,70,223,1,optical,6.4382,43.8647,8.0,5.6169,28.9987,0.432191,sequential,2,120
train_002172,Train-Target-002172,73.48841101,73.31544341,9,74,226,1,optical,2.3933,14.8582,8.0,5.0270,89.0373,0.213485,single,1,120
train_002802,Train-Target-002802,-9.22280039,-120.71756987,7,7,134,1,optical,9.4728,16.8385,8.0,7.6765,53.9469,0.341850,single,1,120
train_000174,Train-Target-000174,35.26336832,100.77350934,8,29,89,1,sar,19.1751,54.6158,-90.0,8.0513,48.7464,0.444276,sequential,2,120
train_000959,Train-Target-000959,-39.43226780,-61.20888136,4,101,219,1,optical,3.5874,42.7029,8.0,5.7480,41.8912,0.270436,single,1,120
train_001696,Train-Target-001696,-62.83054776,22.18983568,1,17,152,1,sar,9.8605,70.2786,-90.0,7.9390,76.1241,0.286755,single,1,120
train_000885,Train-Target-000885,51.99543015,173.40212438,9,8,116,1,infrared,33.9570,87.4918,-90.0,5.8846,61.2609,0.216465,simultaneous,2,120
train_001535,Train-Target-001535,20.05327073,-153.69897687,4,121,210,1,optical,4.2652,53.6818,8.0,7.7752,67.4948,0.394464,single,1,120
train_002577,Train-Target-002577,38.54990614,-125.75348778,5,16,150,1,optical,7.4437,51.6858,8.0,8.1285,28.0849,0.275561,single,1,120
train_002130,Train-Target-002130,-28.84892142,-16.92831575,1,121,223,1,optical,7.7080,58.0993,8.0,8.0032,25.6320,0.227218,single,1,120
train_002785,Train-Target-002785,-51.83799370,-160.51370766,2,84,186,1,optical,3.5963,62.6148,8.0,7.5672,29.8036,0.199668,single,1,120
train_001257,Train-Target-001257,-35.35798673,58.71955012,1,14,161,1,sar,12.8238,31.8939,-90.0,6.1817,59.3294,0.298624,single,1,120
train_001274,Train-Target-001274,-8.94698237,-162.41244266,7,35,103,1,optical,5.2370,62.2676,8.0,6.4613,33.6462,0.199229,simultaneous,2,120
train_000661,Train-Target-000661,-12.89697300,112.84319635,3,30,170,1,optical,4.5337,28.8464,8.0,6.9274,86.7721,0.385821,single,1,120
train_002264,Train-Target-002264,-18.26925236,17.38673782,1,155,216,1,optical,3.2128,21.0487,8.0,7.6510,24.2692,0.447626,single,1,120
train_001764,Train-Target-001764,17.65706973,-31.29836654,4,16,97,1,sar,13.1452,35.4308,-90.0,5.2064,36.3214,0.253486,sequential,2,120
train_000247,Train-Target-000247,20.94232764,-80.65935915,10,4,157,1,sar,11.3364,42.0052,-90.0,5.7896,56.1087,0.325974,sequential,2,120
train_003034,Train-Target-003034,-1.07096026,-129.91276743,7,3,148,1,optical,4.6527,21.5216,8.0,5.8545,76.7864,0.328739,single,1,120
train_002138,Train-Target-002138,14.18618503,-157.76929741,9,166,227,1,optical,5.0019,12.8719,8.0,4.8023,79.5844,0.209788,single,1,120
train_002384,Train-Target-002384,-74.59790847,-164.05853403,1,1,150,1,optical,7.1122,31.0374,8.0,5.3747,81.0130,0.279423,single,1,120
train_002145,Train-Target-002145,-1.87306013,-3.90839903,6,118,232,1,optical,3.5195,52.9024,8.0,5.8521,35.3354,0.415027,simultaneous,2,120
train_002289,Train-Target-002289,-34.10767595,-75.79614401,7,77,216,1,sar,19.9363,34.6244,-90.0,5.9826,79.2962,0.266182,single,1,120
train_000235,Train-Target-000235,-0.59895505,45.17489926,3,17,136,1,optical,7.5395,50.4244,8.0,4.6268,87.9975,0.353444,simultaneous,2,120
train_000942,Train-Target-000942,-18.62596286,33.62485789,10,64,192,1,infrared,28.7221,86.2589,-90.0,7.6614,75.7593,0.377957,simultaneous,2,120
train_000183,Train-Target-000183,59.36372016,-129.38037982,2,75,133,1,sar,17.8549,69.4444,-90.0,6.3131,69.7917,0.345844,sequential,2,120
train_000961,Train-Target-000961,-34.62786566,97.99381641,9,68,213,1,optical,2.5029,41.6405,8.0,6.3830,54.4188,0.314277,simultaneous,2,120
train_001685,Train-Target-001685,48.11509914,17.98677313,3,36,78,1,optical,4.6444,56.8830,8.0,4.5108,57.8954,0.191316,single,1,120
train_001284,Train-Target-001284,-22.90849350,7.21718981,9,42,180,1,optical,2.3356,23.9335,8.0,7.2911,51.7641,0.360135,sequential,2,120
train_001567,Train-Target-001567,-50.83611294,156.79623815,9,83,238,1,sar,19.0839,76.4044,-90.0,4.8065,54.1938,0.192145,simultaneous,2,120
train_002452,Train-Target-002452,-10.03437299,0.73613493,6,20,96,1,sar,14.2062,44.4038,-90.0,5.0517,51.9168,0.296584,single,1,120
train_002065,Train-Target-002065,-5.02452744,-106.61387400,10,55,213,1,optical,8.8931,29.9443,8.0,8.1156,31.2320,0.239101,single,1,120
train_000014,Train-Target-000014,-82.81370980,79.04423785,1,19,63,1,optical,4.5035,52.4230,8.0,8.1018,45.8749,0.320388,single,1,120
train_001611,Train-Target-001611,18.14654817,158.17101982,9,148,207,1,optical,3.0039,34.9013,8.0,5.2587,34.6420,0.238718,sequential,2,120
train_000373,Train-Target-000373,-21.13528105,47.96636690,4,162,222,1,optical,9.6288,44.3043,8.0,4.7472,21.0310,0.386127,single,1,120
train_001483,Train-Target-001483,-83.82387141,-133.52960158,9,75,222,1,optical,5.0063,23.9892,8.0,6.5802,76.4904,0.277493,single,1,120
train_002053,Train-Target-002053,-19.38038805,-140.49384078,2,20,151,1,sar,15.2883,64.5619,-90.0,7.8648,56.4273,0.227711,single,1,120
train_002122,Train-Target-002122,33.67203072,95.01647683,5,96,168,1,optical,3.4583,32.9257,8.0,6.6718,39.2780,0.413477,single,1,120
train_002777,Train-Target-002777,-5.93561071,-157.39361604,3,111,224,1,optical,4.2413,16.1951,8.0,6.4782,85.9785,0.379083,single,1,120
train_000831,Train-Target-000831,-1.93775902,-91.21453397,1,81,173,1,sar,10.5332,106.8491,-90.0,4.7889,65.1443,0.224986,sequential,2,120
train_002787,Train-Target-002787,-2.60169007,-145.08820043,10,60,122,1,optical,2.8080,30.0378,8.0,8.3582,55.5457,0.426734,single,1,120
train_001186,Train-Target-001186,27.58530093,39.93307624,8,119,218,1,optical,4.0930,38.1755,8.0,6.7859,76.0995,0.361854,single,1,120
train_001700,Train-Target-001700,-72.25609842,57.35607280,4,133,203,1,optical,9.1791,49.8142,8.0,7.8168,42.0625,0.208897,single,1,120
train_001854,Train-Target-001854,-54.72022814,-43.93818011,3,123,233,1,optical,9.8104,30.3542,8.0,5.5613,42.2893,0.308449,single,1,120
train_000697,Train-Target-000697,-60.75052674,-48.77635112,8,54,175,1,optical,8.3731,22.0922,8.0,5.9142,27.4465,0.413867,simultaneous,2,120
train_001733,Train-Target-001733,22.85809440,-65.01419617,8,31,165,1,optical,2.0587,61.2604,8.0,5.6257,33.1854,0.419836,single,1,120
train_000424,Train-Target-000424,53.31557473,19.18900521,10,139,231,1,optical,9.3310,19.1499,8.0,7.9334,25.2786,0.276891,single,1,120
train_002081,Train-Target-002081,-23.75270213,-91.55792178,7,62,149,1,sar,15.6495,94.2920,-90.0,5.3643,74.1337,0.318368,single,1,120
train_000663,Train-Target-000663,12.56563946,141.09189996,1,21,173,1,optical,5.6546,63.5955,8.0,8.1378,83.3980,0.327909,simultaneous,2,120
train_002396,Train-Target-002396,-60.66166599,6.36606240,5,116,167,1,sar,16.6712,66.2908,-90.0,5.2848,63.4908,0.326371,simultaneous,2,120
train_000421,Train-Target-000421,41.57899745,70.93113028,5,70,124,1,optical,2.3340,33.1581,8.0,7.9803,35.4942,0.299010,single,1,120
train_001777,Train-Target-001777,26.83756345,-96.47670071,5,57,180,1,infrared,33.7936,132.3022,-90.0,6.2115,78.7934,0.242754,sequential,2,120
train_002087,Train-Target-002087,24.36495935,93.13748074,4,34,86,1,optical,5.1525,16.5593,8.0,6.7075,69.2898,0.345026,single,1,120
train_000809,Train-Target-000809,-68.52823129,40.85908027,10,49,192,1,optical,3.2907,20.0310,8.0,5.5777,58.5361,0.323059,single,1,120
train_002629,Train-Target-002629,-16.82012895,-147.82082534,7,42,155,1,sar,13.3125,75.9334,-90.0,7.6509,53.6081,0.419643,simultaneous,2,120
train_003036,Train-Target-003036,-31.20804139,-68.24361386,8,35,83,1,sar,13.4587,93.4096,-90.0,7.3779,32.3089,0.360727,sequential,2,120
train_000637,Train-Target-000637,-12.28051720,-25.03477209,5,69,147,1,infrared,31.3736,51.1515,-90.0,7.0640,71.4044,0.411432,sequential,2,120
train_002914,Train-Target-002914,-19.86442004,-28.95167209,9,33,77,1,optical,2.7981,36.2345,8.0,7.9883,41.8455,0.291309,single,1,120
train_001778,Train-Target-001778,79.65437667,-130.44814932,9,46,202,1,sar,13.0904,32.2167,-90.0,7.4904,24.8067,0.421875,single,1,120
train_000818,Train-Target-000818,-46.74058151,60.27146533,9,156,230,1,optical,3.2215,57.6473,8.0,5.8258,88.8785,0.209914,sequential,2,120
train_000701,Train-Target-000701,27.48859653,-129.11540128,6,8,166,1,optical,3.1363,60.7238,8.0,6.3752,28.1639,0.303322,single,1,120
train_000620,Train-Target-000620,-41.07418085,-101.05608802,3,49,99,1,optical,5.7265,42.0788,8.0,5.8677,63.5796,0.201164,simultaneous,2,120
train_000854,Train-Target-000854,40.64679452,-97.87842362,5,134,178,1,optical,4.8875,63.1642,8.0,6.3147,71.1184,0.278749,single,1,120
train_000667,Train-Target-000667,12.11648651,-68.08167398,6,84,202,1,optical,5.6855,27.1389,8.0,5.8980,43.6498,0.203488,single,1,120
train_001189,Train-Target-001189,3.01166985,-99.04042594,9,141,183,1,optical,6.0711,21.3346,8.0,6.2180,30.8083,0.382478,sequential,2,120
train_000090,Train-Target-000090,29.94114127,-26.68228521,4,103,210,1,optical,5.8199,50.7167,8.0,4.7214,21.3881,0.206777,single,1,120
train_000819,Train-Target-000819,-16.81739950,-63.46847526,7,20,147,1,optical,8.7616,13.0246,8.0,8.2066,59.4835,0.319676,single,1,120
train_002995,Train-Target-002995,39.33887055,48.58658767,2,19,169,1,sar,10.0680,67.0301,-90.0,7.9939,60.0344,0.391928,single,1,120
train_002072,Train-Target-002072,-38.15664010,-147.34853982,8,93,222,1,optical,4.4385,36.8313,8.0,6.1425,87.3312,0.288361,single,1,120
train_002562,Train-Target-002562,24.47730135,-103.13024452,10,141,194,1,optical,2.2593,47.8342,8.0,5.9336,55.8434,0.421683,simultaneous,2,120
train_001344,Train-Target-001344,-3.99100096,119.05668537,7,79,164,1,optical,8.0237,17.8571,8.0,7.5577,61.1685,0.205381,sequential,2,120
train_000299,Train-Target-000299,13.56529692,34.43604236,5,68,159,1,infrared,37.6053,69.8646,-90.0,5.1756,55.3257,0.213312,single,1,120
train_002073,Train-Target-002073,64.13582575,59.70369372,6,94,185,1,sar,10.5658,43.2463,-90.0,5.1465,57.7606,0.429941,single,1,120
train_002793,Train-Target-002793,18.87503749,-129.53435579,8,10,67,1,sar,16.7921,26.6286,-90.0,8.2636,77.3081,0.400261,single,1,120
train_002751,Train-Target-002751,-40.76183463,44.14524301,2,111,223,1,optical,7.2781,16.2405,8.0,6.4273,29.5389,0.262777,single,1,120
train_000128,Train-Target-000128,38.32586507,96.13929153,8,106,178,1,optical,9.8403,30.1533,8.0,5.1034,50.8476,0.356227,single,1,120
train_000894,Train-Target-000894,57.89671200,81.46369338,8,102,225,1,sar,18.8456,98.7971,-90.0,5.1379,29.2370,0.333111,simultaneous,2,120
train_002019,Train-Target-002019,45.12505971,164.83892598,2,71,179,1,optical,9.2247,21.8735,8.0,8.0332,72.5029,0.236465,single,1,120
train_002248,Train-Target-002248,-42.44064602,-43.78029722,9,87,205,1,infrared,23.2261,113.4647,-90.0,7.6371,33.7953,0.409129,simultaneous,2,120
train_003004,Train-Target-003004,69.40566335,111.73524359,3,85,146,1,optical,8.9162,39.6309,8.0,5.6772,81.3229,0.420207,single,1,120
train_000696,Train-Target-000696,-34.98897755,173.23343225,6,18,123,1,optical,6.3125,27.3053,8.0,4.5119,67.1796,0.346409,sequential,2,120
train_001263,Train-Target-001263,9.80257132,135.12181937,3,148,191,1,infrared,33.1316,123.4002,-90.0,6.3116,39.1088,0.410617,single,1,120
train_001416,Train-Target-001416,37.12359948,-178.56222181,5,62,200,1,optical,8.5598,42.3150,8.0,7.8758,77.7189,0.426315,single,1,120
train_001539,Train-Target-001539,-27.27734025,164.26352038,5,58,178,1,sar,15.7272,93.8257,-90.0,6.2333,24.8986,0.433577,single,1,120
train_000683,Train-Target-000683,-0.71383245,28.33017714,7,51,165,1,infrared,25.5723,130.1080,-90.0,6.8529,26.9661,0.194086,single,1,120
train_001256,Train-Target-001256,28.69239321,-100.82292671,7,28,165,1,infrared,32.9216,121.1537,-90.0,5.4468,20.2577,0.341472,single,1,120
train_000139,Train-Target-000139,19.45047641,51.10978594,1,19,170,1,infrared,18.7873,136.7158,-90.0,6.1000,27.8928,0.248904,single,1,120
train_001579,Train-Target-001579,11.54481006,105.64716683,10,65,107,1,optical,7.5916,43.4277,8.0,8.1319,71.6585,0.345306,single,1,120
train_002070,Train-Target-002070,47.38254556,125.00738746,1,41,159,1,optical,5.8114,48.2201,8.0,8.1401,48.6366,0.211438,single,1,120
train_002282,Train-Target-002282,-45.25812242,-114.55131533,10,19,117,1,sar,15.3577,73.0437,-90.0,7.9074,89.9822,0.444843,single,1,120
train_001836,Train-Target-001836,6.99716971,147.71440106,4,120,224,1,sar,9.3312,38.2928,-90.0,7.3156,47.9451,0.288458,single,1,120
train_001073,Train-Target-001073,-44.34401125,-87.88062414,9,48,193,1,optical,4.1061,28.1185,8.0,5.1000,26.5967,0.386853,single,1,120
train_000758,Train-Target-000758,-55.02914086,23.43950545,6,76,198,1,sar,10.6185,53.2623,-90.0,5.1929,58.0690,0.267548,single,1,120
train_001247,Train-Target-001247,-59.85500043,-95.77402679,8,121,221,1,optical,8.1925,12.4507,8.0,6.8494,78.0387,0.239198,single,1,120
train_001913,Train-Target-001913,-18.69131963,165.16279039,10,1,50,1,infrared,18.8821,87.1650,-90.0,5.1530,37.9972,0.208006,single,1,120
train_001500,Train-Target-001500,5.62118976,-72.38690222,10,75,156,1,optical,6.9944,29.2581,8.0,6.5727,31.4609,0.416409,single,1,120
train_000610,Train-Target-000610,-46.20766898,174.65300568,10,25,103,1,sar,12.8054,60.0245,-90.0,5.6754,84.6133,0.375035,single,1,120
train_002500,Train-Target-002500,0.40622050,3.37271445,4,109,193,1,optical,9.4001,50.3980,8.0,7.9193,46.6856,0.367804,sequential,2,120
train_000449,Train-Target-000449,-39.39919206,165.25427524,5,20,116,1,sar,14.9960,108.6276,-90.0,7.8181,37.8512,0.308719,simultaneous,2,120
train_002576,Train-Target-002576,53.35547720,136.45059301,3,192,238,1,infrared,25.9194,47.7881,-90.0,6.4454,31.9120,0.315464,sequential,2,120
train_003047,Train-Target-003047,37.28810802,-173.29273396,10,59,199,1,sar,13.7465,90.7113,-90.0,6.8096,31.3772,0.267492,simultaneous,2,120
train_002942,Train-Target-002942,-76.76636317,153.49274105,6,30,166,1,optical,7.9785,59.2705,8.0,8.1253,38.5414,0.425345,sequential,2,120
train_001362,Train-Target-001362,20.71332424,147.64147755,3,31,101,1,optical,9.6562,33.3734,8.0,6.6263,38.3064,0.304808,single,1,120
train_002432,Train-Target-002432,20.78065016,84.18771192,8,36,105,1,sar,21.6627,75.0794,-90.0,8.3202,64.6730,0.183805,single,1,120
train_001516,Train-Target-001516,-22.58983901,-63.85982700,9,114,210,1,sar,21.3356,41.4744,-90.0,8.3339,37.3084,0.389642,sequential,2,120
train_002641,Train-Target-002641,9.17487528,-87.73011674,6,1,72,1,sar,8.9988,64.7313,-90.0,7.1510,50.6092,0.409845,single,1,120
train_002445,Train-Target-002445,-64.64602609,75.35435598,10,20,114,1,sar,15.9968,98.2708,-90.0,7.6524,36.2110,0.276024,single,1,120
train_002004,Train-Target-002004,19.60461933,-156.71963539,10,189,230,1,sar,16.9463,84.9748,-90.0,7.4294,72.9740,0.263751,single,1,120
train_001520,Train-Target-001520,-37.39801952,81.22402539,3,51,92,1,sar,12.5350,28.4012,-90.0,5.1901,78.9044,0.303076,single,1,120
train_001442,Train-Target-001442,-24.22084576,-122.63929901,4,17,125,1,optical,4.0569,13.6000,8.0,4.6894,33.0275,0.313644,single,1,120
train_002780,Train-Target-002780,32.74233477,150.73930142,2,18,134,1,infrared,36.8441,64.6036,-90.0,7.1967,70.2374,0.339181,single,1,120
train_001307,Train-Target-001307,28.84205075,109.74833686,3,145,198,1,optical,5.9076,52.9921,8.0,7.6982,47.1808,0.393351,single,1,120
train_002042,Train-Target-002042,-70.29385596,-71.74463532,5,158,228,1,infrared,28.1338,50.4978,-90.0,5.6085,30.6846,0.296526,sequential,2,120
train_002140,Train-Target-002140,68.31013631,152.96891945,8,82,143,1,optical,4.6255,35.7716,8.0,7.6107,89.6429,0.252439,single,1,120
train_002724,Train-Target-002724,23.22762895,90.07783172,5,86,212,1,sar,8.7070,76.1799,-90.0,8.1114,44.6818,0.274064,single,1,120
train_002625,Train-Target-002625,-10.87835968,-29.35877719,6,5,69,1,optical,5.6121,21.5972,8.0,5.1767,57.4330,0.210070,single,1,120
train_002776,Train-Target-002776,-74.43395087,42.91814136,3,36,95,1,optical,3.4674,50.0737,8.0,7.8789,28.8231,0.241855,sequential,2,120
train_000562,Train-Target-000562,31.41478322,-155.59675061,4,119,159,1,infrared,25.4900,80.9048,-90.0,5.3594,33.2782,0.215531,sequential,2,120
train_001741,Train-Target-001741,9.64360949,-31.67954838,5,136,235,1,optical,5.9782,45.8689,8.0,5.0852,33.2022,0.285587,single,1,120
train_000537,Train-Target-000537,33.83711747,106.92784248,8,81,229,1,infrared,33.7198,122.3652,-90.0,4.9247,23.0055,0.335059,sequential,2,120
train_001905,Train-Target-001905,40.59292186,160.18105809,9,133,180,1,optical,9.8080,39.6773,8.0,5.3119,22.2120,0.198831,single,1,120
train_001056,Train-Target-001056,-50.60641080,15.73130597,10,61,132,1,sar,17.9343,29.3941,-90.0,6.5605,32.4741,0.340579,single,1,120
train_001322,Train-Target-001322,-7.40163373,125.50967519,2,44,128,1,optical,6.3664,38.2385,8.0,6.7018,37.9188,0.434326,sequential,2,120
train_002212,Train-Target-002212,10.90418158,53.29645668,10,34,119,1,optical,4.4714,10.0722,8.0,5.4410,80.8070,0.254049,single,1,120
train_000190,Train-Target-000190,25.54365940,-83.85415186,2,86,161,1,optical,6.5887,28.0395,8.0,6.9604,72.4807,0.293715,single,1,120
train_001942,Train-Target-001942,-13.30330695,-73.89690039,2,57,156,1,optical,8.8005,35.3170,8.0,7.5561,81.2532,0.413404,single,1,120
train_001171,Train-Target-001171,-54.33058783,-55.45870816,2,136,192,1,optical,8.3233,19.9203,8.0,7.9150,40.3444,0.270860,single,1,120
train_001525,Train-Target-001525,42.84886635,87.95206766,9,82,217,1,optical,3.8655,36.3941,8.0,7.9478,30.9513,0.385292,single,1,120
train_000436,Train-Target-000436,-8.12205964,-112.62917891,3,17,70,1,sar,11.8783,43.9258,-90.0,7.0461,89.0158,0.362446,single,1,120
train_002507,Train-Target-002507,-21.71673878,152.95531537,4,73,122,1,sar,8.8078,109.1452,-90.0,5.1333,61.2877,0.373058,single,1,120
train_001994,Train-Target-001994,42.60261195,81.78070741,1,13,115,1,sar,20.4010,28.2982,-90.0,8.2434,24.2515,0.207459,single,1,120
train_002657,Train-Target-002657,-1.38455863,-94.43388327,4,17,132,1,optical,4.9491,55.6864,8.0,6.1727,85.8067,0.193442,simultaneous,2,120
train_002880,Train-Target-002880,-48.42197702,-53.73431793,3,93,204,1,optical,6.4484,58.5234,8.0,8.0679,74.5363,0.326211,single,1,120
train_000903,Train-Target-000903,11.56659017,42.03779860,4,98,236,1,optical,3.4433,19.0394,8.0,5.0033,35.8412,0.420643,single,1,120
train_000793,Train-Target-000793,-10.34635449,21.18981466,7,68,222,1,optical,6.5881,38.8076,8.0,5.5721,34.1183,0.447017,single,1,120
train_001373,Train-Target-001373,-32.40745802,-142.26141018,8,76,200,1,optical,4.5225,18.2024,8.0,5.1426,76.8551,0.438954,single,1,120
train_002061,Train-Target-002061,-38.18203017,172.22327125,4,179,226,1,optical,7.5260,52.5065,8.0,6.1578,27.2487,0.236215,sequential,2,120
train_002580,Train-Target-002580,16.65122409,65.29616084,8,62,216,1,optical,2.6681,59.8733,8.0,5.0120,85.1641,0.210273,simultaneous,2,120
train_002479,Train-Target-002479,6.35013298,-124.52177409,6,98,165,1,optical,7.6825,16.3163,8.0,7.6361,66.3901,0.372148,simultaneous,2,120
train_000792,Train-Target-000792,32.74225520,-74.70158708,10,9,96,1,sar,21.7488,81.7921,-90.0,5.6210,75.1964,0.375332,single,1,120
train_000914,Train-Target-000914,-50.26999414,2.45379181,2,15,128,1,sar,10.8142,38.3814,-90.0,6.8874,51.1649,0.204754,single,1,120
train_001672,Train-Target-001672,-59.44523376,-23.72957682,5,47,183,1,optical,2.7526,27.4495,8.0,6.5263,81.1628,0.408404,single,1,120
train_000192,Train-Target-000192,24.11395059,19.86121984,9,85,164,1,sar,17.3240,81.7539,-90.0,6.8130,76.3725,0.193453,single,1,120
train_000414,Train-Target-000414,-41.72785623,34.48825486,2,146,201,1,sar,20.2192,85.2945,-90.0,6.4528,41.6664,0.320919,single,1,120
train_000016,Train-Target-000016,18.53400392,-8.23116331,3,60,158,1,optical,4.6572,10.6300,8.0,4.9335,84.3443,0.323543,single,1,120
train_001530,Train-Target-001530,70.87069738,-30.31376131,7,42,147,1,sar,14.9632,57.3373,-90.0,6.2054,84.0269,0.308939,single,1,120
train_001781,Train-Target-001781,-37.73553881,6.06645468,8,8,95,1,infrared,25.8434,75.2957,-90.0,7.7228,89.5150,0.282102,single,1,120
train_001503,Train-Target-001503,45.45255631,-19.41650340,8,39,194,1,optical,3.4180,13.2224,8.0,6.5550,75.3225,0.445152,sequential,2,120
train_002228,Train-Target-002228,13.85390247,98.28621089,6,0,145,1,infrared,24.2426,144.9754,-90.0,5.0267,47.9959,0.444802,single,1,120
train_002169,Train-Target-002169,42.66610705,62.42884611,1,33,151,1,infrared,38.6469,138.9960,-90.0,7.2293,66.2494,0.299625,sequential,2,120
train_001191,Train-Target-001191,36.87935240,-85.67783090,9,47,133,1,optical,7.1744,37.2163,8.0,6.4624,24.4125,0.306625,single,1,120
train_003048,Train-Target-003048,15.46542591,49.93675291,9,13,112,1,optical,7.4987,40.2485,8.0,7.3621,70.1278,0.281948,sequential,2,120
train_001345,Train-Target-001345,52.64663506,175.12146613,6,97,211,1,sar,19.4910,46.1008,-90.0,6.2631,22.7067,0.268402,single,1,120
train_003019,Train-Target-003019,6.71341493,-142.59599986,7,41,129,1,optical,6.6625,47.2132,8.0,6.1523,75.1430,0.329016,single,1,120
train_000482,Train-Target-000482,-18.73306954,167.00474145,4,75,214,1,infrared,24.7736,67.0393,-90.0,7.4130,44.6310,0.318972,single,1,120
train_000592,Train-Target-000592,18.31632247,-163.70229443,7,5,133,1,optical,2.6132,14.7226,8.0,6.8118,77.3966,0.379773,single,1,120
train_001313,Train-Target-001313,-27.53289904,-39.49234844,3,40,122,1,optical,7.1088,64.5502,8.0,5.4991,86.3261,0.439647,sequential,2,120
train_000269,Train-Target-000269,22.21010608,56.99943272,9,77,183,1,optical,3.3890,13.7314,8.0,6.6926,35.4490,0.201385,simultaneous,2,120
train_000631,Train-Target-000631,46.53001959,57.34248347,6,37,176,1,infrared,31.4658,106.9389,-90.0,7.2123,60.6779,0.274366,sequential,2,120
train_000246,Train-Target-000246,-60.82161541,112.78203335,6,46,196,1,optical,9.6608,56.7214,8.0,7.4407,24.4224,0.431460,single,1,120
train_002972,Train-Target-002972,-40.63703905,-152.70711180,2,13,125,1,sar,15.5889,96.5569,-90.0,6.4921,47.2781,0.286505,single,1,120
train_002983,Train-Target-002983,-37.27336342,8.21418277,4,103,200,1,optical,4.2368,25.1408,8.0,6.8887,43.2237,0.222525,single,1,120
train_000908,Train-Target-000908,14.42291204,-17.37833367,2,94,166,1,optical,7.0993,62.5957,8.0,7.0827,47.7769,0.231683,sequential,2,120
train_002864,Train-Target-002864,-48.39838019,-40.88513760,2,150,225,1,sar,17.4412,105.2533,-90.0,6.7440,30.1254,0.355077,sequential,2,120
train_000394,Train-Target-000394,-11.75237946,33.03863950,7,33,188,1,optical,3.9362,40.6312,8.0,8.3379,58.2821,0.272787,sequential,2,120
train_001318,Train-Target-001318,29.05349453,33.61238954,6,42,201,1,infrared,34.8147,47.5820,-90.0,6.7342,28.4679,0.230836,single,1,120
train_001091,Train-Target-001091,-27.79606738,-62.35335946,2,170,212,1,sar,10.9907,49.1540,-90.0,8.2270,31.2509,0.334403,sequential,2,120
train_000050,Train-Target-000050,84.13924032,-74.02117555,10,42,98,1,optical,4.9128,48.7036,8.0,7.6711,60.9322,0.413269,single,1,120
train_000494,Train-Target-000494,23.19416346,-162.75394467,5,35,95,1,optical,6.7382,39.4952,8.0,4.9790,61.7029,0.374385,single,1,120
train_002677,Train-Target-002677,-19.49309243,63.28560695,7,9,78,1,infrared,24.8545,124.4781,-90.0,5.1338,39.1567,0.364618,single,1,120
train_002922,Train-Target-002922,22.99099187,178.58383070,6,95,191,1,infrared,20.4160,84.2493,-90.0,6.9973,86.8236,0.367929,single,1,120
train_002897,Train-Target-002897,31.10186960,64.53807173,2,51,164,1,optical,8.8628,30.6049,8.0,5.4524,50.1262,0.192341,single,1,120
train_000843,Train-Target-000843,58.05074813,166.20146366,7,77,223,1,sar,9.0399,41.5716,-90.0,5.7877,38.8086,0.445684,single,1,120
train_002986,Train-Target-002986,59.95777498,103.82505264,6,94,210,1,optical,8.6380,35.1568,8.0,5.4561,46.1243,0.223971,sequential,2,120
train_000077,Train-Target-000077,61.93607681,-138.08266352,7,107,159,1,sar,15.6038,75.1671,-90.0,8.2997,89.6148,0.291841,single,1,120
train_001944,Train-Target-001944,-19.88706543,135.56350451,8,85,129,1,optical,5.3653,34.3083,8.0,7.3524,67.5283,0.234645,single,1,120
train_001901,Train-Target-001901,-51.10606097,-70.55124723,5,131,216,1,sar,13.2346,80.8362,-90.0,6.8305,33.5564,0.316781,sequential,2,120
train_000980,Train-Target-000980,64.64257964,78.81904049,6,102,225,1,optical,8.7922,27.5701,8.0,5.6179,80.7245,0.229775,sequential,2,120
train_002260,Train-Target-002260,49.27525788,-95.17999874,4,117,227,1,optical,9.7920,59.0378,8.0,7.3708,80.1866,0.300968,single,1,120
train_002719,Train-Target-002719,-69.82715646,-112.09472216,1,35,161,1,optical,6.7503,40.0974,8.0,6.4738,73.5020,0.396335,single,1,120
train_003000,Train-Target-003000,-22.28138031,-174.03182373,10,5,78,1,sar,11.4665,25.2515,-90.0,7.1703,31.8237,0.322093,single,1,120
train_000058,Train-Target-000058,-47.94586828,159.40062091,8,66,176,1,optical,6.1804,40.5250,8.0,5.2470,24.0314,0.215053,single,1,120
train_001455,Train-Target-001455,82.38691993,120.39832276,1,90,198,1,optical,6.0438,37.2586,8.0,5.7243,52.6468,0.328707,single,1,120
train_001726,Train-Target-001726,5.79488265,89.75349914,3,54,205,1,optical,9.8303,49.7633,8.0,7.0760,87.7049,0.324103,single,1,120
train_001708,Train-Target-001708,43.73881458,-43.74324865,1,71,214,1,sar,11.3590,31.1077,-90.0,4.7948,42.6090,0.327737,single,1,120
train_000256,Train-Target-000256,-69.20832360,-159.06434622,5,5,151,1,sar,21.5303,92.5473,-90.0,5.0974,38.0288,0.241138,single,1,120
train_000789,Train-Target-000789,-40.15812179,-94.43231238,3,21,119,1,optical,7.3600,30.7708,8.0,8.1161,42.8823,0.440233,single,1,120
train_000666,Train-Target-000666,-16.63764983,127.60677836,5,25,82,1,optical,8.9364,20.4545,8.0,5.7452,43.9439,0.218329,single,1,120
train_002615,Train-Target-002615,9.05799973,114.68035777,4,33,128,1,optical,4.1651,25.0570,8.0,6.2218,81.5581,0.279183,sequential,2,120
train_002015,Train-Target-002015,9.57708940,174.57219067,8,79,200,1,sar,9.2522,106.2703,-90.0,7.4230,72.9412,0.188088,single,1,120
train_000284,Train-Target-000284,22.96097930,-81.97881848,1,59,199,1,sar,13.3871,44.5885,-90.0,4.7722,36.6380,0.209582,simultaneous,2,120
train_001469,Train-Target-001469,27.82460034,3.44499007,2,63,170,1,sar,11.2539,81.4521,-90.0,5.7832,73.9218,0.410912,simultaneous,2,120
train_001786,Train-Target-001786,64.36480741,-89.97756542,3,69,217,1,optical,3.4616,24.0202,8.0,7.8053,81.4076,0.411337,single,1,120
train_002368,Train-Target-002368,59.61416496,-67.17478330,1,169,230,1,optical,4.7505,17.2046,8.0,6.0525,87.5535,0.190712,single,1,120
train_002990,Train-Target-002990,45.08099137,37.00737366,8,68,194,1,optical,5.0372,35.9008,8.0,6.4293,88.4286,0.398994,single,1,120
train_000070,Train-Target-000070,-32.78911188,131.73626575,10,142,231,1,optical,2.2156,37.2219,8.0,7.8770,29.3396,0.393493,single,1,120
train_000567,Train-Target-000567,-47.37711897,179.79979142,1,3,103,1,optical,7.8224,33.8036,8.0,7.6244,88.9740,0.198491,single,1,120
train_001221,Train-Target-001221,-15.54387927,150.04649786,3,3,96,1,sar,9.8910,99.4049,-90.0,4.6384,86.6510,0.354733,single,1,120
train_000617,Train-Target-000617,-56.51263524,-55.61979599,3,28,96,1,optical,3.7330,11.0061,8.0,4.6046,63.1278,0.217244,single,1,120
train_000682,Train-Target-000682,14.52845736,-60.85279966,7,24,172,1,optical,7.9940,53.3293,8.0,6.3570,77.2649,0.357222,single,1,120
train_001728,Train-Target-001728,-65.85222785,-106.11051055,2,116,163,1,optical,7.7035,18.6437,8.0,5.6994,27.3032,0.394917,single,1,120
train_001314,Train-Target-001314,-51.18201840,38.95935694,5,85,218,1,sar,18.0300,97.7724,-90.0,5.5970,51.8869,0.258073,sequential,2,120
train_000859,Train-Target-000859,-36.30523849,127.65275663,3,8,103,1,optical,2.7371,36.5075,8.0,6.1932,74.8523,0.394044,single,1,120
train_000430,Train-Target-000430,21.10830518,94.29486417,9,151,192,1,optical,7.0067,57.8568,8.0,5.5050,71.5910,0.434522,simultaneous,2,120
train_001450,Train-Target-001450,-42.26019969,-65.41354279,6,98,184,1,sar,19.0283,43.0969,-90.0,5.1996,59.1957,0.245590,single,1,120
train_002146,Train-Target-002146,-70.95709267,124.38402390,7,66,194,1,optical,3.1167,50.8213,8.0,6.7483,21.9175,0.361572,single,1,120
train_002270,Train-Target-002270,39.64797988,-24.08011556,9,93,200,1,optical,8.8264,32.7074,8.0,5.0305,63.0642,0.380045,single,1,120
train_000062,Train-Target-000062,-37.61371307,-101.65561743,10,54,138,1,sar,21.5183,103.8906,-90.0,4.5079,72.6106,0.380677,single,1,120
train_000212,Train-Target-000212,-60.46874381,-122.17531045,6,63,157,1,optical,3.5408,26.5342,8.0,7.2018,70.8102,0.324145,single,1,120
train_002237,Train-Target-002237,63.74697025,136.24587502,2,130,200,1,optical,2.0286,40.9639,8.0,6.3766,34.8893,0.184479,single,1,120
train_002620,Train-Target-002620,-31.83593321,110.42692336,2,30,84,1,sar,21.8807,38.7431,-90.0,4.9605,69.1244,0.313041,single,1,120
train_002261,Train-Target-002261,-39.88199168,-160.16619728,4,36,79,1,optical,8.7038,48.4190,8.0,7.9319,85.3094,0.345752,single,1,120
train_001029,Train-Target-001029,-56.72078107,46.94193186,3,44,168,1,optical,4.6830,37.5078,8.0,4.9945,56.1187,0.331151,single,1,120
train_002099,Train-Target-002099,12.89300922,171.51148437,10,16,161,1,optical,3.9048,27.1611,8.0,6.0961,45.0789,0.248429,single,1,120
train_000029,Train-Target-000029,52.07190732,160.20311331,10,112,237,1,optical,6.2070,14.1236,8.0,8.0709,42.3147,0.339744,simultaneous,2,120
train_000133,Train-Target-000133,69.10973181,-175.56125862,7,17,91,1,optical,3.8774,43.9360,8.0,6.3212,88.5060,0.304487,simultaneous,2,120
train_000369,Train-Target-000369,26.20677724,-123.02497627,3,79,156,1,optical,4.2861,27.1260,8.0,5.1081,49.9162,0.425937,single,1,120
train_000951,Train-Target-000951,26.30212266,147.02112394,1,141,193,1,sar,20.1753,45.4486,-90.0,5.3924,39.3586,0.295833,sequential,2,120
train_001623,Train-Target-001623,7.92821079,141.76836549,6,34,119,1,sar,8.5714,65.2317,-90.0,7.2874,65.3204,0.304423,single,1,120
train_002578,Train-Target-002578,45.31964994,44.42146163,6,98,142,1,sar,12.7285,80.6110,-90.0,8.1138,83.6388,0.430854,single,1,120
train_001792,Train-Target-001792,20.00308968,111.54435824,3,30,77,1,optical,5.1219,22.8371,8.0,6.9421,45.6746,0.417348,simultaneous,2,120
train_002060,Train-Target-002060,-0.46002885,114.80999491,7,87,129,1,infrared,18.2325,49.2059,-90.0,4.6642,87.7697,0.339533,sequential,2,120
train_001007,Train-Target-001007,-28.68615128,-110.73755176,9,48,168,1,optical,6.3165,22.7361,8.0,8.2991,77.0512,0.351114,single,1,120
train_002876,Train-Target-002876,-13.61393633,171.59082858,4,3,140,1,infrared,34.2509,105.8291,-90.0,4.8184,87.7458,0.202957,sequential,2,120
train_001606,Train-Target-001606,45.08217323,125.39622652,6,146,238,1,optical,4.9993,62.5027,8.0,7.9300,88.7041,0.271962,single,1,120
train_002413,Train-Target-002413,-63.16475242,62.19326615,3,150,214,1,sar,9.3176,102.5200,-90.0,5.4654,65.4874,0.205819,single,1,120
train_001961,Train-Target-001961,27.20231768,59.70919238,8,65,216,1,optical,7.3873,16.0583,8.0,4.5362,84.5408,0.448475,single,1,120
train_001237,Train-Target-001237,-24.01902348,-87.59671998,1,108,182,1,sar,9.8413,73.9657,-90.0,5.4107,73.0249,0.288081,single,1,120
train_000801,Train-Target-000801,-54.35648008,167.39280450,7,137,235,1,optical,3.4375,29.0735,8.0,5.5457,84.1061,0.407335,sequential,2,120
train_001076,Train-Target-001076,79.69584885,-54.00066654,2,54,170,1,sar,20.7944,34.5108,-90.0,4.8980,64.7330,0.429189,single,1,120
train_000442,Train-Target-000442,51.67503863,18.04249219,5,37,93,1,sar,14.6919,80.4183,-90.0,7.0845,67.0309,0.432441,sequential,2,120
train_000889,Train-Target-000889,-9.69628402,171.37017461,10,44,194,1,sar,18.7443,68.4421,-90.0,7.7192,48.1413,0.211491,single,1,120
train_001843,Train-Target-001843,-24.60438719,9.64358474,8,11,164,1,optical,6.6305,45.6767,8.0,4.5959,52.2465,0.359414,single,1,120
train_000405,Train-Target-000405,-78.58035935,-167.60952190,3,78,207,1,optical,5.8343,45.4977,8.0,4.7921,48.0736,0.395197,single,1,120
train_002756,Train-Target-002756,-47.50068061,-105.36472443,7,50,158,1,optical,9.4692,39.7630,8.0,7.6573,69.2660,0.288236,single,1,120
train_001473,Train-Target-001473,34.01510768,128.22625029,6,53,191,1,infrared,39.9132,58.8857,-90.0,7.3541,39.0314,0.322189,single,1,120
train_000807,Train-Target-000807,-72.07931245,133.55378360,9,5,115,1,sar,15.0594,107.4945,-90.0,7.1394,52.4079,0.270954,single,1,120
train_002622,Train-Target-002622,19.97318562,-18.70902971,2,79,233,1,infrared,26.8416,112.1947,-90.0,7.8041,21.3239,0.443211,single,1,120
train_000169,Train-Target-000169,-8.50954083,159.37216969,7,62,220,1,optical,4.7042,51.5886,8.0,6.5134,22.1941,0.223462,single,1,120
train_002594,Train-Target-002594,10.64827567,-75.74182804,1,49,202,1,optical,5.3050,64.7121,8.0,6.6169,34.7224,0.201979,single,1,120
train_001353,Train-Target-001353,-41.08686200,94.47812814,10,25,85,1,optical,5.3594,59.4141,8.0,4.9353,23.8927,0.353600,single,1,120
train_000388,Train-Target-000388,-59.44744194,-15.46314157,10,22,153,1,sar,9.9996,66.4010,-90.0,7.6554,88.7666,0.292357,single,1,120
train_000685,Train-Target-000685,-30.95784886,6.55909838,9,186,233,1,optical,4.2011,33.3601,8.0,5.5219,36.8904,0.246491,sequential,2,120
train_002803,Train-Target-002803,-50.62696355,132.74630375,5,63,132,1,optical,3.1823,32.0837,8.0,7.7835,63.1724,0.349276,single,1,120
train_000087,Train-Target-000087,-28.25074317,-157.88348509,5,12,120,1,infrared,25.4040,65.1018,-90.0,7.3145,25.8764,0.193135,single,1,120
train_001289,Train-Target-001289,-23.35953982,93.05542095,1,58,186,1,optical,6.9104,53.0140,8.0,5.0982,22.3028,0.300803,single,1,120
train_002591,Train-Target-002591,-32.04107516,155.67311335,2,105,176,1,infrared,28.8408,111.2966,-90.0,5.9874,44.4215,0.267164,simultaneous,2,120
train_001502,Train-Target-001502,57.24297279,7.40359943,5,24,183,1,sar,17.7918,96.6714,-90.0,4.8860,51.5207,0.341453,single,1,120
train_002550,Train-Target-002550,19.76109876,-70.27983302,4,86,217,1,optical,3.7118,35.7317,8.0,6.9383,75.7119,0.229323,single,1,120
train_001996,Train-Target-001996,39.19569656,54.96449337,9,103,236,1,sar,14.1887,49.5263,-90.0,7.4329,73.7731,0.407768,single,1,120
train_001144,Train-Target-001144,-10.16399691,104.88942975,7,46,130,1,optical,8.3563,25.8115,8.0,5.6320,42.3362,0.330296,sequential,2,120
train_002509,Train-Target-002509,36.84164543,7.53997647,8,29,118,1,optical,9.2739,58.9913,8.0,5.0372,60.9726,0.407660,simultaneous,2,120
train_000473,Train-Target-000473,75.77468719,-21.55076088,1,23,116,1,optical,7.0853,63.8251,8.0,7.9054,83.4781,0.208324,sequential,2,120
train_001063,Train-Target-001063,58.92581877,-153.69911909,6,76,203,1,sar,16.3331,30.6578,-90.0,8.3288,65.1384,0.323629,simultaneous,2,120
train_001234,Train-Target-001234,54.32744932,-107.22563950,6,87,200,1,optical,6.7636,56.4434,8.0,5.6229,52.7743,0.334969,simultaneous,2,120
train_000334,Train-Target-000334,-19.11664747,-132.34060172,9,17,176,1,sar,18.3528,80.0098,-90.0,5.5438,63.2489,0.232120,sequential,2,120
train_000490,Train-Target-000490,-11.64577956,131.38065054,5,55,142,1,optical,6.7746,49.2590,8.0,6.7062,40.6530,0.289196,single,1,120
train_001116,Train-Target-001116,-17.95626442,113.12759965,10,56,119,1,optical,5.0169,25.5932,8.0,5.2892,71.7202,0.263662,sequential,2,120
train_000595,Train-Target-000595,-41.52560785,-42.00015757,2,30,101,1,sar,17.1476,109.2436,-90.0,4.7995,50.2602,0.184161,single,1,120
train_000018,Train-Target-000018,-3.43501074,147.80323284,9,77,202,1,optical,7.7091,11.6596,8.0,7.4564,44.7600,0.398894,single,1,120
train_000349,Train-Target-000349,-32.70142214,25.13503291,2,116,169,1,optical,2.4122,44.0319,8.0,7.7526,66.8263,0.287050,single,1,120
train_001820,Train-Target-001820,-51.25418968,-130.48623038,5,34,170,1,sar,19.5545,30.4062,-90.0,8.1268,25.7446,0.381100,single,1,120
train_001162,Train-Target-001162,-8.49226361,149.71244923,6,119,209,1,optical,2.4776,23.3876,8.0,4.5445,37.8879,0.228947,simultaneous,2,120
train_002730,Train-Target-002730,9.09752729,-42.66318563,10,164,232,1,infrared,39.8248,67.9097,-90.0,6.8940,52.1881,0.231182,single,1,120
train_000983,Train-Target-000983,39.16233270,101.94484966,3,91,145,1,optical,8.5639,32.8105,8.0,7.5163,21.5828,0.202213,sequential,2,120
train_002381,Train-Target-002381,-67.33806077,72.30270741,2,74,214,1,optical,3.3665,57.6756,8.0,4.6847,20.9688,0.208104,single,1,120
train_000265,Train-Target-000265,-68.31613093,-151.41919850,4,123,212,1,sar,18.1414,76.5058,-90.0,6.6455,51.2964,0.423034,single,1,120
train_001927,Train-Target-001927,56.80494605,175.30852395,2,56,208,1,optical,6.2450,64.0338,8.0,7.3439,46.0267,0.277664,single,1,120
train_002781,Train-Target-002781,-9.89318164,121.99341691,6,110,150,1,optical,9.0878,18.5514,8.0,7.2222,46.5630,0.418634,simultaneous,2,120
train_002236,Train-Target-002236,-39.83135199,138.72097517,10,79,166,1,optical,9.5858,13.2245,8.0,7.0672,36.5547,0.223137,sequential,2,120
train_001758,Train-Target-001758,-15.94814046,-138.54661739,8,127,219,1,optical,4.1936,34.5085,8.0,4.9287,22.5078,0.404414,sequential,2,120
train_002956,Train-Target-002956,-28.40962682,-3.62885952,8,155,229,1,optical,2.3580,56.9436,8.0,5.3111,64.5809,0.330933,single,1,120
train_001395,Train-Target-001395,-80.42686288,23.10985102,4,36,167,1,sar,16.1421,82.4338,-90.0,6.5962,33.2403,0.216919,simultaneous,2,120
train_001432,Train-Target-001432,-28.04248671,-126.95437859,3,74,175,1,optical,7.6363,49.0054,8.0,6.8834,41.2918,0.353993,single,1,120
train_000751,Train-Target-000751,-29.66133609,-142.42721807,1,93,175,1,optical,2.5165,58.2849,8.0,5.8829,25.1578,0.283535,single,1,120
train_001141,Train-Target-001141,55.18903416,-152.15893541,4,44,132,1,sar,20.3112,59.5584,-90.0,5.4573,61.6375,0.349347,sequential,2,120
train_001068,Train-Target-001068,67.35203213,14.41709565,6,118,160,1,optical,7.3961,31.4450,8.0,5.6284,36.7607,0.303969,single,1,120
train_001367,Train-Target-001367,-21.49434648,-174.96172816,5,47,128,1,sar,12.3942,99.1725,-90.0,7.3220,78.6387,0.331880,single,1,120
train_000614,Train-Target-000614,30.85932721,147.06366031,2,38,164,1,optical,4.3676,51.5298,8.0,7.6428,36.6767,0.327186,single,1,120
train_002428,Train-Target-002428,6.88223936,-137.03630548,3,94,143,1,optical,3.1536,59.7789,8.0,7.9580,62.5579,0.274610,single,1,120
train_000773,Train-Target-000773,-51.49390358,-53.60035986,5,5,100,1,sar,12.9325,72.0524,-90.0,7.7901,87.4221,0.247127,single,1,120
train_002598,Train-Target-002598,-4.51923652,-44.33989238,1,166,233,1,optical,9.5784,14.8957,8.0,6.1780,83.9359,0.387521,single,1,120
train_001378,Train-Target-001378,52.56931189,128.64049497,2,112,235,1,optical,6.8070,54.7764,8.0,6.5247,47.8113,0.308907,single,1,120
train_001835,Train-Target-001835,-29.45361406,38.00255303,1,97,219,1,optical,5.4759,57.9361,8.0,6.6015,20.1662,0.254297,simultaneous,2,120
train_000648,Train-Target-000648,30.61632050,-18.45827170,10,54,206,1,infrared,28.5405,81.9838,-90.0,7.8260,49.6676,0.382936,single,1,120
train_002611,Train-Target-002611,-25.39112295,136.26865027,4,154,200,1,optical,2.9075,26.0982,8.0,6.9837,85.1060,0.383857,single,1,120
train_002487,Train-Target-002487,-69.86682845,-123.16857804,5,115,173,1,optical,4.9110,50.9458,8.0,8.3133,28.0126,0.282845,sequential,2,120
